ACCNUM,YEAR,DATE,TIME,HOUR,STREET1,STREET2,OFFSET,ROAD_CLASS,DISTRICT,WARDNUM,DIVISION,LOCCOORD,ACCLOC,TRAFFCTL,VISIBILITY,LIGHT,RDSFCOND,ACCLASS,IMPACTYPE,POLICE_DIVISION,HOOD_ID,NEIGHBOURHOOD,geometry
3000989119,2013,00:00.0,1506,15,MEADOWVALE RD,DEAN PARK  RD,NULL,3,Scarborough,25,42,Intersection,At Intersection,Traffic Signal,Clear,Daylight,Dry,Non-Fatal Injury,Angle,D42,131,Rouge (131),"{'type': 'Point', 'coordinates': (-79.168781, 43.804213)}"
3000996799,2013,00:00.0,2035,20,BATHURST ST,FRONTENAC AVE,NULL,1,North York,8,NULL,Intersection,Non Intersection,No Control,Clear,"Dark, artificial",Dry,Non-Fatal Injury,SMV Other,D53,39,Bedford Park-Nortown (39),"{'type': 'Point', 'coordinates': (-79.42921, 43.716799)}"
3001000463,2013,00:00.0,1327,13,MOUNT PLEASANT RD,TED ROGERS WAY,NULL,1,Toronto and East York,NULL,51,Intersection,Intersection Related,Traffic Signal,Clear,Daylight,Dry,Non-Fatal Injury,Rear End,D51,74,North St.James Town (74),"{'type': 'Point', 'coordinates': (-79.379894, 43.669963)}"
141603063,2014,00:00.0,1646,16,YORK MILLS RD,UPJOHN RD,NULL,1,North York,16,33,Intersection,NULL,No Control,Clear,Daylight,Dry,Fatal,Turning Movement,D33,42,Banbury-Don Mills (42),"{'type': 'Point', 'coordinates': (-79.350871, 43.75495)}"
3001002195,2013,00:00.0,1820,18,VICTORIA PARK AVE,SUNRISE AVE,NULL,1,North York,NULL,NULL,Intersection,NULL,Traffic Signal,Clear,"Dark, artificial",Dry,Non-Fatal Injury,Pedestrian Collisions,D41,120,Clairlea-Birchmount (120),"{'type': 'Point', 'coordinates': (-79.300586, 43.719775)}"
4002131801,2014,00:00.0,2020,20,LESLIE ST,ESTHER SHINER BLVD,NULL,1,North York,17,33,Intersection,At Intersection,Traffic Signal,Clear,"Dark, artificial",Dry,Non-Fatal Injury,Turning Movement,D33,52,Bayview Village (52),"{'type': 'Point', 'coordinates': (-79.364269, 43.769412)}"
3001005166,2013,00:00.0,937,9,SHEPPARD AVE W,KODIAK CRES,NULL,1,North York,6,32,Intersection,NULL,Traffic Signal,Clear,Daylight,Dry,Fatal,Cyclist Collisions,D32,27,York University Heights (27),"{'type': 'Point', 'coordinates': (-79.467212, 43.751868)}"
1373041,2013,00:00.0,1948,19,BIRCHMOUNT RD,SCARDEN AVE,NULL,1,Scarborough,22,42,Intersection,At Intersection,Traffic Signal,Rain,"Dusk, artificial",Wet,Non-Fatal Injury,Pedestrian Collisions,D42,118,Tam O'Shanter-Sullivan (118),"{'type': 'Point', 'coordinates': (-79.295017, 43.774165)}"
4002664969,2014,00:00.0,214,2,LAWRENCE AVE E,GREENBRAE CRCT,NULL,1,Scarborough,24,43,Intersection,Non Intersection,No Control,Clear,"Dark, artificial",Dry,Non-Fatal Injury,Pedestrian Collisions,D43,137,Woburn (137),"{'type': 'Point', 'coordinates': (-79.233073, 43.758174000000004)}"
1384076,2013,00:00.0,1939,19,ISLINGTON Ave,BEAUMONDE HEIGHTS Dr,NULL,1,Etobicoke York,1,23,Mid-Block,NULL,No Control,Clear,"Dark, artificial",Dry,Non-Fatal Injury,Approaching,D23,3,Thistletown-Beaumond Heights (3),"{'type': 'Point', 'coordinates': (-79.568057, 43.743189)}"
4001876057,2014,00:00.0,1030,10,WESTON RD,EGLINTON AVE W,NULL,1,Etobicoke York,5,12,Intersection,Intersection Related,Traffic Signal,Clear,Daylight,Dry,Non-Fatal Injury,Turning Movement,D12,115,Mount Dennis (115),"{'type': 'Point', 'coordinates': (-79.48952, 43.686984)}"
4002384040,2014,00:00.0,227,2,FRED GARDINER EXP[EASTBOUND],WICKMAN RD 222,80 m West of,NULL,Etobicoke York,3,22,Mid-Block,Non Intersection,No Control,Clear,"Dark, artificial",Dry,Non-Fatal Injury,Approaching,D22,20,Alderwood (20),"{'type': 'Point', 'coordinates': (-79.531215, 43.616686)}"
4001374034,2014,00:00.0,1702,17,KINGSTON RD,GLEN EVEREST RD,NULL,1,Scarborough,20,41,Intersection,At Intersection,Traffic Signal,Snow,"Dark, artificial",Ice,Non-Fatal Injury,SMV Other,D41,122,Birchcliffe-Cliffside (122),"{'type': 'Point', 'coordinates': (-79.256786, 43.697543)}"
1384077,2013,00:00.0,1400,14,45 OVERLEA Blvd,NULL,NULL,1,North York,15,53,Mid-Block,NULL,No Control,Clear,Daylight,Dry,Non-Fatal Injury,SMV Other,D53,55,Thorncliffe Park (55),"{'type': 'Point', 'coordinates': (-79.349002, 43.705756)}"
4002138456,2014,00:00.0,2011,20,MEADOWVALE RD,SHEPPARD AVE E,NULL,1,Scarborough,25,42,Intersection,At Intersection,Traffic Signal,Clear,Dark,Dry,Non-Fatal Injury,Turning Movement,D42,131,Rouge (131),"{'type': 'Point', 'coordinates': (-79.17080200000001, 43.808364)}"
3001013927,2013,00:00.0,1650,16,YONGE ST,FRONT ST,NULL,1,Toronto and East York,NULL,NULL,Mid-Block,Non Intersection,No Control,Clear,"Dusk, artificial",Dry,Non-Fatal Injury,Pedestrian Collisions,D51,77,Waterfront Communities-The Island (77),"{'type': 'Point', 'coordinates': (-79.376781, 43.646437)}"
4001608537,2014,00:00.0,1432,14,YONGE ST,BALLIOL ST,NULL,1,Toronto and East York,12,53,Intersection,Non Intersection,No Control,Clear,Daylight,Dry,Non-Fatal Injury,Pedestrian Collisions,D53,104,Mount Pleasant West (104),"{'type': 'Point', 'coordinates': (-79.396449, 43.697398)}"
4002688656,2014,00:00.0,1614,16,WOODBINE AVE,HEYWORTH CRES,NULL,1,Toronto and East York,19,55,Intersection,Non Intersection,No Control,Clear,Daylight,Dry,Non-Fatal Injury,Turning Movement,D55,62,East End-Danforth (62),"{'type': 'Point', 'coordinates': (-79.30849, 43.675315)}"
141375171,2014,00:00.0,2145,21,EGLINTON AVE W,NORTHCLIFFE BLVD,NULL,1,North York,NULL,13,Intersection,At Intersection,Traffic Signal,Clear,"Dark, artificial",Wet,Fatal,Pedestrian Collisions,D13,107,Oakwood Village (107),"{'type': 'Point', 'coordinates': (-79.447673, 43.69625)}"
4001383742,2014,00:00.0,1000,10,KINGSTON RD,TOLLGATE MEWS,100 m East of,1,Scarborough,20,43,Mid-Block,Intersection Related,No Control,Clear,Daylight,Dry,Non-Fatal Injury,Rear End,D43,139,Scarborough Village (139),"{'type': 'Point', 'coordinates': (-79.223819, 43.732688)}"
4001384194,2014,00:00.0,1222,12,FINCH AVE W,ALNESS ST,NULL,1,North York,6,32,Intersection,At Intersection,Traffic Signal,Clear,Daylight,Dry,Non-Fatal Injury,Pedestrian Collisions,D32,27,York University Heights (27),"{'type': 'Point', 'coordinates': (-79.471469, 43.767813)}"
4001392181,2014,00:00.0,1846,18,KINGSTON RD,PAYZAC AVE,NULL,1,Scarborough,24,43,Intersection,At Intersection,Traffic Signal,Clear,Dark,Dry,Non-Fatal Injury,Pedestrian Collisions,D43,136,West Hill (136),"{'type': 'Point', 'coordinates': (-79.197589, 43.758952)}"
4001414099,2014,00:00.0,1510,15,DUNDAS ST E,HAMILTON ST,NULL,1,Toronto and East York,14,55,Intersection,Intersection Related,Stop Sign,Snow,Daylight,Slush,Non-Fatal Injury,Angle,D55,70,South Riverdale (70),"{'type': 'Point', 'coordinates': (-79.352245, 43.662223)}"
4001426631,2014,00:00.0,1740,17,BRIMLEY RD,HIGHWAY 401 C  W,NULL,1,Scarborough,NULL,NULL,Mid-Block,Non Intersection,No Control,Clear,"Dark, artificial",Dry,Non-Fatal Injury,Approaching,D42,128,Agincourt South-Malvern West (128),"{'type': 'Point', 'coordinates': (-79.264842, 43.779536)}"
4001435138,2014,00:00.0,640,6,1970 ELLESMERE RD,NULL,NULL,1,Scarborough,24,43,Mid-Block,Non Intersection,No Control,Clear,Daylight,Dry,Non-Fatal Injury,Approaching,D43,137,Woburn (137),"{'type': 'Point', 'coordinates': (-79.238376, 43.775023)}"
4001436264,2014,00:00.0,1027,10,HIGHWAY 27  S,CARRIER DR,NULL,1,Etobicoke York,1,23,Mid-Block,Non Intersection,No Control,Clear,Daylight,Dry,Non-Fatal Injury,Rear End,D23,1,West Humber-Clairville (1),"{'type': 'Point', 'coordinates': (-79.605655, 43.739615)}"
4001438202,2014,00:00.0,1540,15,THE POND RD,ATKINSON RD,7 m West of,3,Etobicoke York,7,31,NULL,At/Near Private Drive,Stop Sign,Clear,Daylight,Wet,Non-Fatal Injury,SMV Other,D31,27,York University Heights (27),"{'type': 'Point', 'coordinates': (-79.500835, 43.770331)}"
4001460471,2014,00:00.0,1043,10,OLD WESTON RD,ROGERS RD,NULL,3,Etobicoke York,NULL,12,Mid-Block,Non Intersection,No Control,Clear,Daylight,Dry,Non-Fatal Injury,Cyclist Collisions,D12,110,Keelesdale-Eglinton West (110),"{'type': 'Point', 'coordinates': (-79.467433, 43.681517)}"
4001467875,2014,00:00.0,1255,12,KIPLING AVE,WESTHUMBER BLVD,NULL,1,Etobicoke York,1,23,Intersection,At Intersection,Traffic Signal,Clear,Daylight,Dry,Non-Fatal Injury,Pedestrian Collisions,D23,4,Rexdale-Kipling (4),"{'type': 'Point', 'coordinates': (-79.574649, 43.728125)}"
4001484501,2014,00:00.0,806,8,LAKE SHORE BLVD W,PRIMROSE AVE,NULL,1,Etobicoke York,3,22,Intersection,Non Intersection,No Control,Clear,Daylight,Wet,Non-Fatal Injury,Angle,D22,17,Mimico (17),"{'type': 'Point', 'coordinates': (-79.489146, 43.614035)}"
4001490210,2014,00:00.0,241,2,QUEEN ST W,LISGAR ST,NULL,1,Toronto and East York,10,14,Mid-Block,Non Intersection,No Control,Clear,"Dark, artificial",Slush,Non-Fatal Injury,Pedestrian Collisions,D14,82,Niagara (82),"{'type': 'Point', 'coordinates': (-79.421954, 43.643557)}"
4001492410,2014,00:00.0,1309,13,CARLAW AVE,GERRARD ST E,NULL,3,Toronto and East York,14,55,Mid-Block,Non Intersection,No Control,Clear,Daylight,Wet,Non-Fatal Injury,Pedestrian Collisions,D55,68,North Riverdale (68),"{'type': 'Point', 'coordinates': (-79.342914, 43.668029)}"
4001495277,2014,00:00.0,2245,22,KIPLING AVE,RATHBURN RD,51 m South of,1,Etobicoke York,2,22,Mid-Block,Non Intersection,No Control,Clear,"Dark, artificial",Wet,Non-Fatal Injury,Sideswipe,D22,10,Princess-Rosethorn (10),"{'type': 'Point', 'coordinates': (-79.543025, 43.659392)}"
4001500296,2014,00:00.0,2134,21,2087 ELLESMERE RD,NULL,43 m West of,1,Scarborough,24,43,Mid-Block,Non Intersection,No Control,Clear,"Dark, artificial",Slush,Non-Fatal Injury,Approaching,D43,137,Woburn (137),"{'type': 'Point', 'coordinates': (-79.232814, 43.776194)}"
4001503315,2014,00:00.0,1142,11,KIPLING AVE,ALBION RD,NULL,1,Etobicoke York,1,23,Mid-Block,At/Near Private Drive,No Control,Clear,Daylight,Wet,Non-Fatal Injury,Pedestrian Collisions,D23,3,Thistletown-Beaumond Heights (3),"{'type': 'Point', 'coordinates': (-79.579974, 43.738917)}"
4001505378,2014,00:00.0,1728,17,WILLIAM R ALLEN RD,SHEPPARD AVE W,5 m North of,1,North York,6,32,Intersection,At Intersection,Traffic Signal,Clear,"Dusk, artificial",Dry,Non-Fatal Injury,Turning Movement,D32,26,Downsview-Roding-CFB (26),"{'type': 'Point', 'coordinates': (-79.463382, 43.750235)}"
141513588,2014,00:00.0,127,1,DANFORTH RD,HIBBERTS DR,NULL,3,Scarborough,20,41,Intersection,NULL,No Control,Clear,"Dark, artificial",Dry,Fatal,Pedestrian Collisions,D41,120,Clairlea-Birchmount (120),"{'type': 'Point', 'coordinates': (-79.267062, 43.708708)}"
141518658,2014,00:00.0,2017,20,ST CLAIR AVE E,HERRON AVE,NULL,1,Scarborough,20,41,Mid-Block,NULL,No Control,Clear,"Dark, artificial",Ice,Fatal,Pedestrian Collisions,D41,120,Clairlea-Birchmount (120),"{'type': 'Point', 'coordinates': (-79.285129, 43.711142)}"
4001521629,2014,00:00.0,1054,10,7 ISABELLA ST,NULL,NULL,2,Toronto and East York,13,51,Mid-Block,Non Intersection,No Control,Clear,Daylight,Wet,Non-Fatal Injury,Pedestrian Collisions,D51,75,Church-Yonge Corridor (75),"{'type': 'Point', 'coordinates': (-79.38530300000001, 43.667632)}"
4001533324,2014,00:00.0,643,6,VICTORIA PARK AVE,PARMA CRT,8 m North of,1,Toronto and East York,NULL,NULL,Intersection,Non Intersection,Traffic Signal,Clear,Dawn,Dry,Non-Fatal Injury,Approaching,D41,120,Clairlea-Birchmount (120),"{'type': 'Point', 'coordinates': (-79.299274, 43.716658)}"
4008007694,2014,00:00.0,1245,12,HUNTINGWOOD DR,KENNEDY RD,NULL,3,Scarborough,22,42,Mid-Block,At/Near Private Drive,No Control,Clear,Daylight,Dry,Non-Fatal Injury,Turning Movement,D42,118,Tam O'Shanter-Sullivan (118),"{'type': 'Point', 'coordinates': (-79.292514, 43.795111)}"
4001540834,2014,00:00.0,1321,13,BAY ST,HARBOUR ST,NULL,1,Toronto and East York,10,52,Intersection,At Intersection,Traffic Signal,Clear,Daylight,Dry,Non-Fatal Injury,Pedestrian Collisions,D52,77,Waterfront Communities-The Island (77),"{'type': 'Point', 'coordinates': (-79.377429, 43.642073)}"
4001551952,2014,00:00.0,1237,12,MORNINGSIDE AVE,KINGSTON RD,NULL,1,Scarborough,NULL,43,Intersection,At Intersection,Traffic Signal,Clear,Daylight,Wet,Non-Fatal Injury,Pedestrian Collisions,D43,136,West Hill (136),"{'type': 'Point', 'coordinates': (-79.186862, 43.770602)}"
4001557370,2014,00:00.0,956,9,DAVENPORT RD,LAUGHTON AVE,NULL,3,Toronto and East York,9,11,Intersection,At Intersection,Traffic Signal,Clear,Daylight,Wet,Non-Fatal Injury,Pedestrian Collisions,D11,91,Weston-Pellam Park (91),"{'type': 'Point', 'coordinates': (-79.455783, 43.670325)}"
4001558896,2014,00:00.0,1410,14,VICTORIA PARK AVE,ST BEDES RD,NULL,1,Toronto and East York,NULL,NULL,Intersection,Intersection Related,Stop Sign,Rain,Daylight,Wet,Non-Fatal Injury,Turning Movement,D41,120,Clairlea-Birchmount (120),"{'type': 'Point', 'coordinates': (-79.293659, 43.703456)}"
4001560471,2014,00:00.0,1836,18,GRENOBLE DR,GATEWAY BLVD,NULL,3,North York,16,54,Intersection,Intersection Related,Traffic Signal,Clear,"Dark, artificial",Dry,Non-Fatal Injury,Pedestrian Collisions,D54,44,Flemingdon Park (44),"{'type': 'Point', 'coordinates': (-79.334186, 43.714915)}"
4001567446,2014,00:00.0,2020,20,EGLINTON AVE E,KENNEDY RD,NULL,1,Scarborough,NULL,41,Intersection,At/Near Private Drive,No Control,Rain,"Dark, artificial",Wet,Non-Fatal Injury,Pedestrian Collisions,D41,124,Kennedy Park (124),"{'type': 'Point', 'coordinates': (-79.267894, 43.73213100000001)}"
4001576606,2014,00:00.0,935,9,DUPONT ST,BATHURST ST,NULL,1,Toronto and East York,11,14,Intersection,At Intersection,Traffic Signal,Clear,Daylight,Dry,Non-Fatal Injury,Pedestrian Collisions,D14,95,Annex (95),"{'type': 'Point', 'coordinates': (-79.414378, 43.673133)}"
1384125,2013,00:00.0,1220,12,HARBORD St,EUCLID Ave,NULL,3,Toronto and East York,11,14,Intersection,NULL,Traffic Controller,Clear,Daylight,Dry,Non-Fatal Injury,Cyclist Collisions,D14,80,Palmerston-Little Italy (80),"{'type': 'Point', 'coordinates': (-79.413425, 43.66075)}"
4002140437,2014,00:00.0,319,3,BRIMORTON DR,ALBACORE CRES,48 m East of,2,Scarborough,24,43,Mid-Block,Non Intersection,No Control,Clear,"Dark, artificial",Dry,Non-Fatal Injury,SMV Other,D43,137,Woburn (137),"{'type': 'Point', 'coordinates': (-79.237544, 43.769133)}"
4001879766,2014,00:00.0,2030,20,GREENWOOD AVE,OAKVALE AVE,NULL,3,Toronto and East York,14,55,Intersection,Intersection Related,Stop Sign,Clear,"Dark, artificial",Dry,Non-Fatal Injury,Turning Movement,D55,65,Greenwood-Coxwell (65),"{'type': 'Point', 'coordinates': (-79.33162200000001, 43.67966)}"
4002395351,2014,00:00.0,1748,17,NEILSON RD,BERNER TRL,97 m South of,3,Scarborough,NULL,42,Mid-Block,Non Intersection,No Control,Clear,Daylight,Dry,Non-Fatal Injury,SMV Other,D42,132,Malvern (132),"{'type': 'Point', 'coordinates': (-79.218105, 43.801406)}"
1373362,2013,00:00.0,2152,21,THE WEST MALL,CIVIC CENTRE CRT,NULL,3,Etobicoke York,2,22,Intersection,NULL,Traffic Signal,Clear,Dark,Dry,Non-Fatal Injury,Cyclist Collisions,D22,13,Etobicoke West Mall (13),"{'type': 'Point', 'coordinates': (-79.56599, 43.642237)}"
1373498,2013,00:00.0,800,8,SENTINEL RD,LAMBERTON BLVD,NULL,2,Etobicoke York,7,31,Intersection,At Intersection,Stop Sign,Clear,Daylight,Dry,Fatal,Pedestrian Collisions,D31,27,York University Heights (27),"{'type': 'Point', 'coordinates': (-79.49959100000001, 43.753844)}"
1384688,2013,00:00.0,1345,13,BLOOR St W,PRINCE EDWARD Dr S,NULL,1,Etobicoke York,3,22,Intersection,At Intersection,Traffic Signal,Clear,Daylight,Dry,Non-Fatal Injury,Turning Movement,D22,16,Stonegate-Queensway (16),"{'type': 'Point', 'coordinates': (-79.505443, 43.64868)}"
1373856,2013,00:00.0,1805,18,MILNER AVE,SCUNTHORPE RD,NULL,3,Scarborough,23,42,Intersection,NULL,Pedestrian Crossover,Clear,Daylight,Dry,Fatal,Pedestrian Collisions,D42,128,Agincourt South-Malvern West (128),"{'type': 'Point', 'coordinates': (-79.240093, 43.788844)}"
1374005,2013,00:00.0,205,2,ROSEDALE VALLEY RD,BAYVIEW AVE,NULL,1,Toronto and East York,NULL,51,Intersection,NULL,No Control,Clear,"Dark, artificial",Dry,Fatal,SMV Other,D51,71,Cabbagetown-South St.James Town (71),"{'type': 'Point', 'coordinates': (-79.360187, 43.670146)}"
1385469,2013,00:00.0,1047,10,LAKE SHORE BLVD E,BOOTH AVE,NULL,1,Toronto and East York,14,55,Intersection,NULL,Stop Sign,Clear,Daylight,Dry,Non-Fatal Injury,Cyclist Collisions,D55,70,South Riverdale (70),"{'type': 'Point', 'coordinates': (-79.340778, 43.653514)}"
1385463,2013,00:00.0,1250,12,KING St W,WILSON PARK Rd,NULL,1,Toronto and East York,4,14,Intersection,NULL,No Control,Clear,Daylight,Dry,Non-Fatal Injury,Sideswipe,D14,85,South Parkdale (85),"{'type': 'Point', 'coordinates': (-79.441554, 43.636626)}"
1386339,2013,00:00.0,16,0,STEELES AVE E,PICKERING TOWN LINE,NULL,3,Scarborough,25,42,Mid-Block,NULL,No Control,Clear,Dark,Dry,Non-Fatal Injury,Sideswipe,D42,131,Rouge (131),"{'type': 'Point', 'coordinates': (-79.171344, 43.855197)}"
1386526,2013,00:00.0,722,7,ROSELAWN AVE,BATHURST ST,NULL,1,North York,8,NULL,Intersection,NULL,Traffic Signal,Clear,Daylight,Dry,Non-Fatal Injury,Angle,D53,102,Forest Hill North (102),"{'type': 'Point', 'coordinates': (-79.426357, 43.70518400000001)}"
1375311,2013,00:00.0,0,0,POTSDAM RD,WILMONT DR,NULL,4,Etobicoke York,7,31,Mid-Block,NULL,No Control,Clear,Daylight,Dry,Non-Fatal Injury,SMV Unattended Vehicle,D31,24,Black Creek (24),"{'type': 'Point', 'coordinates': (-79.511226, 43.759463)}"
1375340,2013,00:00.0,1400,14,DON MILLS RD,ST DENNIS DR,NULL,1,North York,16,54,Intersection,NULL,Traffic Signal,Clear,Daylight,Dry,Non-Fatal Injury,Turning Movement,D54,44,Flemingdon Park (44),"{'type': 'Point', 'coordinates': (-79.337306, 43.716544)}"
1386644,2013,00:00.0,1649,16,SPADINA AVE,BALDWIN ST,NULL,1,Toronto and East York,11,NULL,Mid-Block,NULL,No Control,Clear,Daylight,Dry,Non-Fatal Injury,Pedestrian Collisions,D52,78,Kensington-Chinatown (78),"{'type': 'Point', 'coordinates': (-79.399074, 43.65549)}"
1386897,2013,00:00.0,1937,19,DUPONT St,DOVERCOURT Rd,NULL,1,Toronto and East York,9,14,Intersection,NULL,Traffic Signal,Rain,"Dark, artificial",Wet,Non-Fatal Injury,Cyclist Collisions,D14,93,Dovercourt-Wallace Emerson-Junction (93),"{'type': 'Point', 'coordinates': (-79.43275, 43.669692)}"
1375428,2013,00:00.0,130,1,STEELES AVE W,BATHURST ST,NULL,1,North York,18,32,Mid-Block,NULL,No Control,Rain,"Dark, artificial",Wet,Fatal,Pedestrian Collisions,D32,36,Newtonbrook West (36),"{'type': 'Point', 'coordinates': (-79.445163, 43.792533)}"
1387447,2013,00:00.0,1527,15,KINGSTON RD,MIDLAND AVE,NULL,1,Scarborough,20,41,Intersection,NULL,Traffic Signal,Clear,Daylight,Dry,Non-Fatal Injury,Turning Movement,D41,123,Cliffcrest (123),"{'type': 'Point', 'coordinates': (-79.24818, 43.711112)}"
1387019,2013,00:00.0,837,8,FINCH AVE E,SANDHURST CRCL,NULL,1,Scarborough,23,42,Intersection,NULL,Traffic Signal,Clear,Daylight,Dry,Non-Fatal Injury,Pedestrian Collisions,D42,129,Agincourt North (129),"{'type': 'Point', 'coordinates': (-79.262767, 43.808814)}"
1376445,2013,00:00.0,1621,16,EVANS AVE,ISLINGTON AVE,NULL,1,Etobicoke York,3,22,Intersection,At Intersection,Traffic Signal,Rain,Daylight,Wet,Non-Fatal Injury,Rear End,D22,17,Mimico (17),"{'type': 'Point', 'coordinates': (-79.511318, 43.618384)}"
1387238,2013,00:00.0,2140,21,QUEEN ST W,BATHURST ST,NULL,1,Toronto and East York,10,14,Intersection,At Intersection,Traffic Signal,Clear,"Dark, artificial",Dry,Non-Fatal Injury,Cyclist Collisions,D14,77,Waterfront Communities-The Island (77),"{'type': 'Point', 'coordinates': (-79.40397200000001, 43.647116)}"
1388506,2013,00:00.0,1750,17,KIPLING Ave,ESTHER LORRIE Dr,NULL,1,Etobicoke York,1,23,Intersection,NULL,No Control,Clear,Daylight,Dry,Non-Fatal Injury,Rear End,D23,4,Rexdale-Kipling (4),"{'type': 'Point', 'coordinates': (-79.576381, 43.731658)}"
1387422,2013,00:00.0,1355,13,DON MILLS RD,EGLINTON AVE E,NULL,1,North York,16,NULL,Intersection,NULL,Traffic Signal,Clear,Daylight,Dry,Non-Fatal Injury,Turning Movement,D54,44,Flemingdon Park (44),"{'type': 'Point', 'coordinates': (-79.338863, 43.720492)}"
1377012,2013,00:00.0,1742,17,BARRINGTON AVE,SECORD AVE,NULL,2,Toronto and East York,19,54,Intersection,NULL,Stop Sign,Clear,Daylight,Dry,Non-Fatal Injury,Pedestrian Collisions,D54,61,Taylor-Massey (61),"{'type': 'Point', 'coordinates': (-79.302364, 43.692603)}"
1377363,2013,00:00.0,1830,18,QUEENS QUAY E,BONNYCASTLE ST,NULL,3,Toronto and East York,10,51,Intersection,NULL,No Control,Clear,Daylight,Dry,Non-Fatal Injury,Pedestrian Collisions,D51,77,Waterfront Communities-The Island (77),"{'type': 'Point', 'coordinates': (-79.36433, 43.645564)}"
1387438,2013,00:00.0,1127,11,DIXON Rd,MARTIN GROVE Rd,NULL,1,Etobicoke York,1,23,Mid-Block,NULL,No Control,Clear,Daylight,Dry,Non-Fatal Injury,Sideswipe,D23,1,West Humber-Clairville (1),"{'type': 'Point', 'coordinates': (-79.572307, 43.691245)}"
1377364,2013,00:00.0,1859,18,STEELES AVE W,STEINWAY BLVD,NULL,1,Etobicoke York,1,23,Intersection,NULL,Stop Sign,Clear,"Dark, artificial",Dry,Fatal,Turning Movement,D23,1,West Humber-Clairville (1),"{'type': 'Point', 'coordinates': (-79.619815, 43.754172)}"
1387491,2013,00:00.0,2025,20,923 AVENUE Rd,NULL,NULL,1,Toronto and East York,12,53,Mid-Block,NULL,No Control,Clear,"Dark, artificial",Dry,Non-Fatal Injury,SMV Other,D53,100,Yonge-Eglinton (100),"{'type': 'Point', 'coordinates': (-79.407092, 43.701007)}"
1377544,2013,00:00.0,925,9,38 GERVAIS DR,NULL,NULL,2,North York,16,33,Mid-Block,NULL,No Control,Clear,Daylight,Dry,Non-Fatal Injury,SMV Other,D33,42,Banbury-Don Mills (42),"{'type': 'Point', 'coordinates': (-79.336932, 43.724089)}"
1377536,2013,00:00.0,1050,10,BROADVIEW AVE,DUNDAS ST E,NULL,1,Toronto and East York,14,55,Intersection,NULL,Traffic Signal,Clear,Daylight,Dry,Fatal,Pedestrian Collisions,D55,70,South Riverdale (70),"{'type': 'Point', 'coordinates': (-79.351352, 43.662455)}"
1377550,2013,00:00.0,1800,18,LAWRENCE Ave W,WESTON Rd,NULL,1,Etobicoke York,5,12,Intersection,NULL,No Control,Clear,Daylight,Dry,Non-Fatal Injury,Pedestrian Collisions,D12,113,Weston (113),"{'type': 'Point', 'coordinates': (-79.516185, 43.700148)}"
1387644,2013,00:00.0,1830,18,COLLEGE St,SHAW St,NULL,1,Toronto and East York,11,14,Intersection,NULL,Stop Sign,Clear,Daylight,Dry,Non-Fatal Injury,Cyclist Collisions,D14,81,Trinity-Bellwoods (81),"{'type': 'Point', 'coordinates': (-79.420291, 43.654845)}"
1381801,2013,00:00.0,422,4,BAYVIEW BLOOR DVP RAMP,BAYVIEW BLOOR DVP N RAMP,NULL,NULL,Toronto and East York,14,54,NULL,NULL,Yield Sign,Clear,Dark,Dry,Non-Fatal Injury,SMV Other,D54,57,Broadview North (57),"{'type': 'Point', 'coordinates': (-79.36021, 43.683283)}"
1387882,2013,00:00.0,1136,11,LOWER SHERBOURNE Stre,THE ESPLANADE,NULL,3,Toronto and East York,NULL,51,Intersection,NULL,Traffic Signal,Clear,Daylight,Dry,Non-Fatal Injury,Pedestrian Collisions,D51,77,Waterfront Communities-The Island (77),"{'type': 'Point', 'coordinates': (-79.36729, 43.649043)}"
3001029733,2013,00:00.0,1018,10,EGLINTON AVE E,OSWEGO RD,NULL,1,Scarborough,NULL,43,Mid-Block,Non Intersection,No Control,Clear,Daylight,Dry,Fatal,Approaching,D43,138,Eglinton East (138),"{'type': 'Point', 'coordinates': (-79.244701, 43.737418)}"
3001015663,2013,00:00.0,31,0,HOSKIN AVE,ST GEORGE ST,NULL,3,Toronto and East York,11,52,Intersection,Intersection Related,Traffic Signal,Rain,"Dark, artificial",Wet,Non-Fatal Injury,Cyclist Collisions,D52,79,University (79),"{'type': 'Point', 'coordinates': (-79.398433, 43.664099)}"
4001616287,2014,00:00.0,1845,18,7 QUEEN ELIZABETH BLVD,NULL,NULL,4,Etobicoke York,3,22,Mid-Block,Non Intersection,No Control,Clear,"Dark, artificial",Dry,Non-Fatal Injury,SMV Other,D22,16,Stonegate-Queensway (16),"{'type': 'Point', 'coordinates': (-79.502383, 43.62345)}"
4002144979,2014,00:00.0,1954,19,1484 DANFORTH RD,NULL,30 m South of,1,Scarborough,21,43,Intersection,Non Intersection,No Control,Clear,Daylight,Dry,Non-Fatal Injury,Angle,D43,127,Bendale (127),"{'type': 'Point', 'coordinates': (-79.244464, 43.74924)}"
4002712534,2014,00:00.0,515,5,KENNEDY RD,BONIS AVE,4 m North of,1,Scarborough,22,42,Intersection,Intersection Related,Traffic Signal,Clear,"Dark, artificial",Dry,Fatal,Pedestrian Collisions,D42,128,Agincourt South-Malvern West (128),"{'type': 'Point', 'coordinates': (-79.289455, 43.78575)}"