ACCNUM,YEAR,DATE,TIME,HOUR,STREET1,STREET2,OFFSET,ROAD_CLASS,DISTRICT,WARDNUM,DIVISION,LOCCOORD,ACCLOC,TRAFFCTL,VISIBILITY,LIGHT,RDSFCOND,ACCLASS,IMPACTYPE,POLICE_DIVISION,HOOD_ID,NEIGHBOURHOOD,geometry
3001021983,2013,00:00.0,1,0,HIGHWAY 427  S,27 S 427 C S RAMP,NULL,NULL,Etobicoke York,2,22,Mid-Block,Non Intersection,No Control,Clear,"Dark, artificial",Dry,Non-Fatal Injury,SMV Other,D22,11,Eringate-Centennial-West Deane (11),"{'type': 'Point', 'coordinates': (-79.574916, 43.669295)}"
3001022701,2013,00:00.0,130,1,WINSTON PARK BLVD,ANTHONY RD,NULL,4,North York,6,32,Intersection,At/Near Private Drive,Stop Sign,Clear,"Dark, artificial",Dry,Non-Fatal Injury,SMV Unattended Vehicle,D32,26,Downsview-Roding-CFB (26),"{'type': 'Point', 'coordinates': (-79.471133, 43.72782)}"
131031283,2013,00:00.0,1521,15,100 STEELES AVE W,NULL,NULL,1,North York,18,32,Intersection,NULL,Traffic Signal,Clear,"Dark, artificial",Dry,Fatal,Pedestrian Collisions,D32,36,Newtonbrook West (36),"{'type': 'Point', 'coordinates': (-79.424747, 43.796965)}"
3001047627,2013,00:00.0,1120,11,JARVIS ST,GERRARD ST E,NULL,1,Toronto and East York,13,51,Intersection,At Intersection,Traffic Signal,Clear,Daylight,Dry,Non-Fatal Injury,Pedestrian Collisions,D51,73,Moss Park (73),"{'type': 'Point', 'coordinates': (-79.37589600000001, 43.660418)}"
3001161677,2013,00:00.0,1237,12,DUFFERIN ST,OVERBROOK PL,NULL,1,North York,6,32,Intersection,At Intersection,Traffic Signal,Clear,Daylight,Wet,Non-Fatal Injury,Turning Movement,D32,34,Bathurst Manor (34),"{'type': 'Point', 'coordinates': (-79.465167, 43.76097)}"
3001054757,2013,00:00.0,1423,14,295 THE WEST MALL,NULL,NULL,3,Etobicoke York,2,22,Mid-Block,Non Intersection,No Control,Clear,Daylight,Dry,Non-Fatal Injury,SMV Other,D22,12,Markland Wood (12),"{'type': 'Point', 'coordinates': (-79.561916, 43.6351)}"
131058335,2013,00:00.0,558,5,1491 LAKE SHORE BLVD W,NULL,NULL,1,Toronto and East York,4,11,Mid-Block,NULL,No Control,Clear,"Dawn, artificial",Dry,Fatal,SMV Other,D11,85,South Parkdale (85),"{'type': 'Point', 'coordinates': (-79.447742, 43.637614)}"
3001061187,2013,00:00.0,1545,15,WILLOWDALE AVE,PEMBERTON AVE,NULL,3,North York,18,32,Intersection,At Intersection,No Control,Clear,Daylight,Dry,Non-Fatal Injury,Pedestrian Collisions,D32,50,Newtonbrook East (50),"{'type': 'Point', 'coordinates': (-79.407451, 43.782489)}"
3001064601,2013,00:00.0,509,5,295 DAVENPORT RD,NULL,NULL,1,Toronto and East York,11,53,Intersection,Non Intersection,No Control,Clear,Dark,Dry,Non-Fatal Injury,SMV Other,D53,95,Annex (95),"{'type': 'Point', 'coordinates': (-79.399799, 43.674319)}"
13999959,2013,00:00.0,1556,15,BLOOR ST W,NEILSON DR,NULL,1,Etobicoke York,2,22,Intersection,NULL,Traffic Signal,Other,Daylight,Other,Fatal,Turning Movement,D22,12,Markland Wood (12),"{'type': 'Point', 'coordinates': (-79.56721800000001, 43.63444)}"
3000108221,2013,00:00.0,20,0,BLACK CREEK DR,TRETHEWEY DR,NULL,1,Etobicoke York,5,12,Intersection,At Intersection,Traffic Signal,Clear,"Dark, artificial",Dry,Non-Fatal Injury,Pedestrian Collisions,D12,112,Beechborough-Greenbrook (112),"{'type': 'Point', 'coordinates': (-79.486064, 43.694541)}"
3000777885,2013,00:00.0,700,7,SCARLETT RD,LAWRENCE AVE W,234 m South of,1,Etobicoke York,2,23,Intersection,At Intersection,Traffic Signal,Clear,Daylight,Dry,Non-Fatal Injury,Pedestrian Collisions,D23,8,Humber Heights-Westmount (8),"{'type': 'Point', 'coordinates': (-79.52325, 43.698107)}"
5000777885,2013,00:00.0,700,7,SCARLETT RD,LAWRENCE AV W,NULL,1,Etobicoke York,2,23,Intersection,At Intersection,Traffic Signal,Clear,Daylight,Dry,Non-Fatal Injury,Pedestrian Collisions,D23,8,Humber Heights-Westmount (8),"{'type': 'Point', 'coordinates': (-79.523266, 43.698177)}"
3001085931,2013,00:00.0,1815,18,ST CLAIR AVE E,HERRON AVE,NULL,1,Scarborough,20,41,Intersection,Intersection Related,Traffic Signal,Clear,"Dark, artificial",Dry,Non-Fatal Injury,Pedestrian Collisions,D41,120,Clairlea-Birchmount (120),"{'type': 'Point', 'coordinates': (-79.286075, 43.71091)}"
131086760,2013,00:00.0,2100,21,MARKLAND DR,BLOOR ST W,NULL,1,Etobicoke York,2,22,Intersection,NULL,Traffic Signal,Clear,"Dark, artificial",Dry,Fatal,Pedestrian Collisions,D22,12,Markland Wood (12),"{'type': 'Point', 'coordinates': (-79.570766, 43.633544)}"
3001089776,2013,00:00.0,1143,11,BATHURST ST,WELLS ST,NULL,1,Toronto and East York,11,14,Intersection,At Intersection,Traffic Signal,Clear,Daylight,Dry,Non-Fatal Injury,Pedestrian Collisions,D14,95,Annex (95),"{'type': 'Point', 'coordinates': (-79.413135, 43.670024)}"
3001090818,2013,00:00.0,1435,14,DENTON AVE,ROBINSON AVE,NULL,2,Scarborough,20,41,Intersection,At Intersection,Stop Sign,Clear,Daylight,Dry,Non-Fatal Injury,Cyclist Collisions,D41,121,Oakridge (121),"{'type': 'Point', 'coordinates': (-79.279659, 43.694903)}"
131092293,2013,00:00.0,1847,18,DUMONT ST,OTONABEE AVE,NULL,4,North York,18,32,Intersection,NULL,No Control,Clear,"Dark, artificial",Dry,Fatal,Pedestrian Collisions,D32,50,Newtonbrook East (50),"{'type': 'Point', 'coordinates': (-79.415706, 43.795355)}"
131098349,2013,00:00.0,1741,17,DUNDAS ST W,CLAREMONT ST,NULL,1,Toronto and East York,NULL,14,Intersection,NULL,No Control,Clear,"Dark, artificial",Dry,Fatal,Pedestrian Collisions,D14,81,Trinity-Bellwoods (81),"{'type': 'Point', 'coordinates': (-79.411594, 43.651168)}"
3001098840,2013,00:00.0,1905,19,LAKE SHORE BLVD W,BATHURST ST,NULL,1,Toronto and East York,10,14,Intersection,Intersection Related,Traffic Signal,Clear,"Dark, artificial",Dry,Non-Fatal Injury,Turning Movement,D14,77,Waterfront Communities-The Island (77),"{'type': 'Point', 'coordinates': (-79.39963800000001, 43.63647300000001)}"
3001104210,2013,00:00.0,1616,16,BELLAMY RD N,ROCHMAN BLVD,NULL,3,Scarborough,24,43,Intersection,At Intersection,Stop Sign,Clear,Daylight,Dry,Non-Fatal Injury,Angle,D43,137,Woburn (137),"{'type': 'Point', 'coordinates': (-79.236118, 43.759902)}"
3001107258,2013,00:00.0,304,3,35 FOUNTAINHEAD RD,NULL,NULL,4,Etobicoke York,7,31,Mid-Block,Non Intersection,No Control,Clear,"Dark, artificial",Dry,Non-Fatal Injury,Pedestrian Collisions,D31,27,York University Heights (27),"{'type': 'Point', 'coordinates': (-79.503124, 43.762107)}"
3001129731,2013,00:00.0,135,1,UNIVERSITY AVE,ADELAIDE ST W,NULL,1,Toronto and East York,10,52,Intersection,At Intersection,Traffic Signal,Clear,"Dark, artificial",Dry,Non-Fatal Injury,Pedestrian Collisions,D52,76,Bay Street Corridor (76),"{'type': 'Point', 'coordinates': (-79.38551600000001, 43.648795)}"
3001131937,2013,00:00.0,1153,11,CLAREMORE AVE,KINGSTON RD,450 m West of,3,Scarborough,20,41,Mid-Block,Non Intersection,No Control,Clear,Daylight,Dry,Non-Fatal Injury,Sideswipe,D41,122,Birchcliffe-Cliffside (122),"{'type': 'Point', 'coordinates': (-79.257335, 43.699797)}"
3001133431,2013,00:00.0,1605,16,SHEPPARD AVE W,DON RIVER BLVD,7 m West of,1,North York,6,32,Intersection,At Intersection,No Control,Clear,Dusk,Dry,Non-Fatal Injury,Pedestrian Collisions,D32,38,Lansing-Westgate (38),"{'type': 'Point', 'coordinates': (-79.430812, 43.756991)}"
3001139681,2013,00:00.0,1705,17,200 GATEWAY BLVD,NULL,NULL,2,North York,16,54,Mid-Block,At/Near Private Drive,No Control,Clear,"Dark, artificial",Dry,Non-Fatal Injury,Pedestrian Collisions,D54,44,Flemingdon Park (44),"{'type': 'Point', 'coordinates': (-79.335178, 43.714598)}"
3001181592,2013,00:00.0,1558,15,WILSON AVE,HAYMARKET RD,314 m  of,1,Etobicoke York,7,31,Intersection,At Intersection,No Control,Clear,Daylight,Dry,Non-Fatal Injury,Pedestrian Collisions,D31,26,Downsview-Roding-CFB (26),"{'type': 'Point', 'coordinates': (-79.515971, 43.719237)}"
3001182127,2013,00:00.0,1728,17,JUTLAND RD,KIPLING AVE,NULL,2,Etobicoke York,3,22,Mid-Block,Non Intersection,No Control,Clear,"Dark, artificial",Loose Sand or Gravel,Non-Fatal Injury,Pedestrian Collisions,D22,14,Islington-City Centre West (14),"{'type': 'Point', 'coordinates': (-79.526668, 43.626677)}"
3001182464,2013,00:00.0,1837,18,90 PARK LAWN RD,NULL,NULL,1,Etobicoke York,3,22,Mid-Block,Non Intersection,No Control,Clear,"Dark, artificial",Dry,Non-Fatal Injury,Pedestrian Collisions,D22,17,Mimico (17),"{'type': 'Point', 'coordinates': (-79.483676, 43.623965)}"
3001188681,2013,00:00.0,1919,19,STEELES AVE E,LESLIE ST,192 m East of,1,North York,17,33,Mid-Block,Non Intersection,No Control,Rain,"Dark, artificial",Slush,Non-Fatal Injury,Pedestrian Collisions,D33,48,Hillcrest Village (48),"{'type': 'Point', 'coordinates': (-79.370075, 43.808966)}"
131219717,2013,00:00.0,1500,15,VICTORIA PARK AVE,O CONNOR DR,NULL,1,North York,NULL,NULL,Mid-Block,NULL,Stop Sign,Clear,Daylight,Dry,Fatal,Pedestrian Collisions,D41,120,Clairlea-Birchmount (120),"{'type': 'Point', 'coordinates': (-79.301685, 43.722369)}"
3001220302,2013,00:00.0,1645,16,JAMESON AVE,KING ST W,NULL,3,Toronto and East York,4,14,Mid-Block,Non Intersection,No Control,Clear,Daylight,Dry,Non-Fatal Injury,Pedestrian Collisions,D14,85,South Parkdale (85),"{'type': 'Point', 'coordinates': (-79.435703, 43.63634)}"
3001238664,2013,00:00.0,942,9,ELLESMERE RD,DUNDALK DR,NULL,1,Scarborough,21,41,Intersection,At Intersection,Traffic Signal,Clear,Daylight,Wet,Non-Fatal Injury,Turning Movement,D41,126,Dorset Park (126),"{'type': 'Point', 'coordinates': (-79.283802, 43.765159)}"
3001256436,2013,00:00.0,1303,13,JANE ST,ARDAGH ST,NULL,1,Toronto and East York,4,11,Intersection,At Intersection,Traffic Signal,Clear,Daylight,Dry,Non-Fatal Injury,Pedestrian Collisions,D11,89,Runnymede-Bloor West Village (89),"{'type': 'Point', 'coordinates': (-79.487071, 43.655669)}"
4001311712,2014,00:00.0,1545,15,MCCOWAN RD,EGLINTON AVE E,2 m North of,1,Scarborough,NULL,43,Intersection,Intersection Related,No Control,Clear,Daylight,Wet,Non-Fatal Injury,Pedestrian Collisions,D43,138,Eglinton East (138),"{'type': 'Point', 'coordinates': (-79.238353, 43.738841)}"
4001313188,2014,00:00.0,2025,20,ISLINGTON AVE,BRIMINGHAM ST,NULL,1,Etobicoke York,3,22,Intersection,Intersection Related,Traffic Signal,Clear,"Dark, artificial",Wet,Non-Fatal Injury,Pedestrian Collisions,D22,18,New Toronto (18),"{'type': 'Point', 'coordinates': (-79.506282, 43.603228)}"
4001338478,2014,00:00.0,2125,21,THE QUEENSWAY,427 C S QUEENSWAY RAMP,NULL,1,Etobicoke York,3,22,Intersection,At Intersection,Traffic Signal,Clear,"Dark, artificial",Wet,Non-Fatal Injury,Turning Movement,D22,14,Islington-City Centre West (14),"{'type': 'Point', 'coordinates': (-79.552249, 43.615058)}"
4001339945,2014,00:00.0,710,7,JUDSON ST,HAROLD ST,NULL,2,Etobicoke York,3,22,Mid-Block,Non Intersection,No Control,Clear,"Dawn, artificial",Dry,Non-Fatal Injury,SMV Other,D22,17,Mimico (17),"{'type': 'Point', 'coordinates': (-79.500003, 43.61558)}"
4001342712,2014,00:00.0,1518,15,3 BELL ROYAL CRT,NULL,NULL,4,Etobicoke York,2,22,Mid-Block,At/Near Private Drive,No Control,Clear,Daylight,Ice,Non-Fatal Injury,Pedestrian Collisions,D22,9,Edenbridge-Humber Valley (9),"{'type': 'Point', 'coordinates': (-79.521617, 43.672438)}"
4001344082,2014,00:00.0,1929,19,WARDEN AVE,SHEPPARD AVE E,NULL,1,Scarborough,22,42,Intersection,Intersection Related,Traffic Signal,Clear,"Dark, artificial",Dry,Non-Fatal Injury,Turning Movement,D42,118,Tam O'Shanter-Sullivan (118),"{'type': 'Point', 'coordinates': (-79.307895, 43.77872)}"
4001617003,2014,00:00.0,2049,20,3035 YONGE ST,NULL,NULL,1,North York,NULL,53,Mid-Block,At/Near Private Drive,No Control,Clear,"Dark, artificial",Dry,Non-Fatal Injury,Pedestrian Collisions,D53,103,Lawrence Park South (103),"{'type': 'Point', 'coordinates': (-79.402026, 43.724253)}"
4001626103,2014,00:00.0,1208,12,STEELES AVE W,DUFFERIN ST,NULL,1,North York,6,32,Intersection,At Intersection,Traffic Signal,Clear,Daylight,Wet,Non-Fatal Injury,Turning Movement,D32,34,Bathurst Manor (34),"{'type': 'Point', 'coordinates': (-79.470042, 43.78728)}"
1378110,2013,00:00.0,730,7,DIXON Rd,CARLINGVIEW Dr,NULL,1,Etobicoke York,1,23,Intersection,NULL,Traffic Signal,Clear,Daylight,Wet,Non-Fatal Injury,Pedestrian Collisions,D23,1,West Humber-Clairville (1),"{'type': 'Point', 'coordinates': (-79.595546, 43.686747)}"
4001887812,2014,00:00.0,934,9,BLOOR ST W,RUNNYMEDE RD,NULL,1,Toronto and East York,4,11,Intersection,Intersection Related,Traffic Signal,Clear,Daylight,Dry,Non-Fatal Injury,Sideswipe,D11,88,High Park North (88),"{'type': 'Point', 'coordinates': (-79.476299, 43.651122)}"
4002159560,2014,00:00.0,2322,23,1999 LESLIE ST,NULL,NULL,1,North York,NULL,33,Mid-Block,Non Intersection,No Control,Clear,"Dark, artificial",Dry,Non-Fatal Injury,Cyclist Collisions,D33,40,St.Andrew-Windfields (40),"{'type': 'Point', 'coordinates': (-79.361652, 43.760329)}"
1385611,2013,00:00.0,857,8,LAKE SHORE BLVD W,NET DR,NULL,1,Toronto and East York,4,14,Intersection,NULL,No Control,Clear,Daylight,Dry,Fatal,Turning Movement,D14,85,South Parkdale (85),"{'type': 'Point', 'coordinates': (-79.438045, 43.634032)}"
4008009492,2014,00:00.0,1320,13,BIRCHMOUNT RD,BONIS AVE,NULL,1,Scarborough,22,42,Intersection,At Intersection,Traffic Signal,Clear,Daylight,Wet,Non-Fatal Injury,Rear End,D42,118,Tam O'Shanter-Sullivan (118),"{'type': 'Point', 'coordinates': (-79.299335, 43.783583)}"
4002396674,2014,00:00.0,2125,21,HOLLYWOOD AVE,WILLOWDALE AVE,NULL,3,North York,18,32,Intersection,At Intersection,No Control,Clear,"Dusk, artificial",Dry,Non-Fatal Injury,Pedestrian Collisions,D32,51,Willowdale East (51),"{'type': 'Point', 'coordinates': (-79.401332, 43.767928)}"
1387866,2013,00:00.0,1640,16,EGLINTON Ave E,SUTHERLAND Dr,NULL,1,North York,15,53,Intersection,NULL,Traffic Signal,Clear,Daylight,Dry,Non-Fatal Injury,Turning Movement,D53,56,Leaside-Bennington (56),"{'type': 'Point', 'coordinates': (-79.367221, 43.713069)}"
1378332,2013,00:00.0,1006,10,GERRARD ST E,CARLAW AVE,NULL,3,Toronto and East York,14,55,Intersection,At Intersection,Traffic Signal,Clear,Daylight,Dry,Fatal,Pedestrian Collisions,D55,68,North Riverdale (68),"{'type': 'Point', 'coordinates': (-79.34279200000002, 43.667643)}"
1379704,2013,00:00.0,245,2,SHEPPARD Ave W,SEELEY Dr,NULL,1,North York,6,31,Intersection,NULL,No Control,Clear,"Dark, artificial",Dry,Non-Fatal Injury,SMV Other,D31,27,York University Heights (27),"{'type': 'Point', 'coordinates': (-79.494228, 43.743098)}"
1387708,2013,00:00.0,752,7,77 KING St W,NULL,NULL,1,Toronto and East York,10,52,Mid-Block,NULL,No Control,Clear,Daylight,Dry,Non-Fatal Injury,Cyclist Collisions,D52,76,Bay Street Corridor (76),"{'type': 'Point', 'coordinates': (-79.38219, 43.648146)}"
1387683,2013,00:00.0,748,7,1090 DON MILLS Rd,NULL,NULL,1,North York,16,33,Mid-Block,NULL,No Control,Clear,Daylight,Dry,Non-Fatal Injury,Cyclist Collisions,D33,42,Banbury-Don Mills (42),"{'type': 'Point', 'coordinates': (-79.342525, 43.733699)}"
1378700,2013,00:00.0,1710,17,VICTORIA PARK Ave,EDGE PARK Ave,NULL,1,Toronto and East York,NULL,NULL,Mid-Block,NULL,No Control,Clear,Daylight,Dry,Non-Fatal Injury,Pedestrian Collisions,D41,120,Clairlea-Birchmount (120),"{'type': 'Point', 'coordinates': (-79.299609, 43.717448000000005)}"
1386536,2013,00:00.0,1922,19,4750 DUFFERIN ST,NULL,NULL,1,North York,6,32,Mid-Block,NULL,No Control,Clear,Dark,Dry,Non-Fatal Injury,Turning Movement,D32,34,Bathurst Manor (34),"{'type': 'Point', 'coordinates': (-79.468707, 43.776274)}"
1379013,2013,00:00.0,1945,19,FINCH AVE W,WILMINGTON AVE,NULL,1,North York,6,32,Mid-Block,NULL,No Control,Clear,"Dark, artificial",Dry,Fatal,Pedestrian Collisions,D32,35,Westminster-Branson (35),"{'type': 'Point', 'coordinates': (-79.455066, 43.771441)}"
1385995,2013,00:00.0,626,6,DUPONT St,HOWLAND Ave,NULL,1,Toronto and East York,11,14,Intersection,NULL,Traffic Signal,Rain,Daylight,Wet,Non-Fatal Injury,Turning Movement,D14,95,Annex (95),"{'type': 'Point', 'coordinates': (-79.41183, 43.673678)}"
1386112,2013,00:00.0,855,8,GERRARD ST W,UNIVERSITY AVE,NULL,3,Toronto and East York,11,52,Mid-Block,NULL,No Control,Clear,Daylight,Wet,Non-Fatal Injury,Pedestrian Collisions,D52,76,Bay Street Corridor (76),"{'type': 'Point', 'coordinates': (-79.388194, 43.657805)}"
1381694,2013,00:00.0,1130,11,O CONNOR Dr,SUNRISE Ave,NULL,1,Toronto and East York,19,54,Mid-Block,NULL,No Control,Clear,Daylight,Dry,Non-Fatal Injury,Other,D54,43,Victoria Village (43),"{'type': 'Point', 'coordinates': (-79.304561, 43.718432)}"
1386411,2013,00:00.0,1452,14,LAWRENCE AVE E,SCARBOROUGH GOLF CLUB RD,NULL,1,Scarborough,24,43,Intersection,NULL,Traffic Signal,Clear,Daylight,Dry,Non-Fatal Injury,Pedestrian Collisions,D43,137,Woburn (137),"{'type': 'Point', 'coordinates': (-79.215831, 43.76184)}"
1379549,2013,00:00.0,1620,16,AVENUE Rd,GLENGROVE Ave W,NULL,1,North York,8,53,Intersection,At Intersection,Traffic Signal,Clear,Daylight,Dry,Non-Fatal Injury,Pedestrian Collisions,D53,103,Lawrence Park South (103),"{'type': 'Point', 'coordinates': (-79.41346300000001, 43.716929)}"
1380363,2013,00:00.0,1055,10,MOUNT PLEASANT Rd,BALLIOL St,NULL,4,North York,15,53,Intersection,NULL,No Control,Clear,Daylight,Dry,Non-Fatal Injury,SMV Other,D53,99,Mount Pleasant East (99),"{'type': 'Point', 'coordinates': (-79.386318, 43.699385)}"
1380760,2013,00:00.0,2115,21,STEELES AVE E,TURFF  AVE,NULL,1,Scarborough,22,42,Mid-Block,NULL,No Control,Clear,Dark,Dry,Fatal,Pedestrian Collisions,D42,130,Milliken (130),"{'type': 'Point', 'coordinates': (-79.303623, 43.824481)}"
1387944,2013,00:00.0,1018,10,DAVENPORT RD,MOUNT ROYAL AVE,NULL,3,Toronto and East York,9,13,Intersection,At Intersection,No Control,Clear,Daylight,Dry,Non-Fatal Injury,Cyclist Collisions,D13,94,Wychwood (94),"{'type': 'Point', 'coordinates': (-79.432582, 43.674498)}"
1386590,2013,00:00.0,1658,16,SECORD AVE,BARRINGTON AVE,NULL,2,Toronto and East York,19,54,Intersection,NULL,Stop Sign,Clear,Daylight,Dry,Non-Fatal Injury,Pedestrian Collisions,D54,61,Taylor-Massey (61),"{'type': 'Point', 'coordinates': (-79.302364, 43.692603)}"
4002717713,2014,00:00.0,51,0,FINCH AVENUE WEST,ISLINGTON AVENUE,NULL,1,Etobicoke York,NULL,NULL,Intersection,Intersection Related,Traffic Signal,Clear,"Dark, artificial",Dry,Non-Fatal Injury,Angle,D23,21,Humber Summit (21),"{'type': 'Point', 'coordinates': (-79.568614, 43.746237)}"
3001877674,2013,00:00.0,837,8,YORK MILLS RD,SILVERDALE CRES,NULL,1,North York,16,33,Intersection,At Intersection,Traffic Signal,Rain,"Daylight, artificial",Dry,Non-Fatal Injury,Pedestrian Collisions,D33,45,Parkwoods-Donalda (45),"{'type': 'Point', 'coordinates': (-79.34135, 43.75704400000001)}"
1380043,2013,00:00.0,2136,21,COLLEGE ST,DUFFERIN ST,NULL,1,Toronto and East York,9,NULL,Intersection,NULL,Traffic Signal,Clear,Dark,Dry,Non-Fatal Injury,Pedestrian Collisions,D14,83,Dufferin Grove (83),"{'type': 'Point', 'coordinates': (-79.432552, 43.652556)}"
1386873,2013,00:00.0,927,9,DANFORTH Ave,WOODINGTON Ave,NULL,1,Toronto and East York,19,NULL,Intersection,NULL,Traffic Signal,Clear,Daylight,Dry,Non-Fatal Injury,Pedestrian Collisions,D55,66,Danforth (66),"{'type': 'Point', 'coordinates': (-79.32088, 43.683932)}"
1386767,2013,00:00.0,1515,15,1092 KEELE ST,NULL,NULL,4,Etobicoke York,NULL,12,Mid-Block,NULL,No Control,Clear,Daylight,Dry,Non-Fatal Injury,Pedestrian Collisions,D12,91,Weston-Pellam Park (91),"{'type': 'Point', 'coordinates': (-79.47034, 43.67919)}"
1386836,2013,00:00.0,1650,16,SHEPPARD Ave E,SHAUGHNESSY BLVD,NULL,1,North York,17,33,Intersection,NULL,Traffic Signal,Clear,Daylight,Dry,Non-Fatal Injury,Turning Movement,D33,53,Henry Farm (53),"{'type': 'Point', 'coordinates': (-79.353313, 43.773719)}"
1380288,2013,00:00.0,1807,18,EGLINTON AVE W,WESTON RD,NULL,1,Etobicoke York,5,12,Intersection,NULL,Traffic Signal,Clear,Daylight,Dry,Non-Fatal Injury,Pedestrian Collisions,D12,115,Mount Dennis (115),"{'type': 'Point', 'coordinates': (-79.48952, 43.686984)}"
1387287,2013,00:00.0,1331,13,SHEPPARD Ave W,SENTINEL Rd,NULL,1,North York,6,31,Mid-Block,NULL,No Control,Rain,Daylight,Wet,Non-Fatal Injury,Rear End,D31,26,Downsview-Roding-CFB (26),"{'type': 'Point', 'coordinates': (-79.490878, 43.743838)}"
1387956,2013,00:00.0,1800,18,LAWRENCE Ave E,GREENHOLM CRCL,NULL,1,Scarborough,24,43,Intersection,NULL,Traffic Signal,Clear,Daylight,Dry,Non-Fatal Injury,Pedestrian Collisions,D43,137,Woburn (137),"{'type': 'Point', 'coordinates': (-79.222965, 43.760314)}"
1385120,2013,00:00.0,726,7,947 WARDEN Ave,NULL,NULL,1,Scarborough,21,41,Mid-Block,NULL,No Control,Clear,Daylight,Dry,Non-Fatal Injury,Approaching,D41,119,Wexford/Maryvale (119),"{'type': 'Point', 'coordinates': (-79.29021, 43.734305)}"
1380946,2013,00:00.0,710,7,SPADINA Ave,DUNDAS St W,NULL,1,Toronto and East York,10,NULL,Mid-Block,NULL,No Control,Clear,Daylight,Wet,Fatal,Cyclist Collisions,D52,78,Kensington-Chinatown (78),"{'type': 'Point', 'coordinates': (-79.397853, 43.652507)}"
1381541,2013,00:00.0,45,0,KENNEDY RD,EGLINTON AVE E,NULL,1,Scarborough,20,41,Mid-Block,NULL,No Control,Clear,Dark,Dry,Fatal,Pedestrian Collisions,D41,124,Kennedy Park (124),"{'type': 'Point', 'coordinates': (-79.267787, 43.731745000000004)}"
4002160939,2014,00:00.0,755,7,STEELES AVE W,PETER KAISER GT,NULL,1,Etobicoke York,7,31,Mid-Block,Non Intersection,No Control,Clear,Daylight,Dry,Non-Fatal Injury,Cyclist Collisions,D31,24,Black Creek (24),"{'type': 'Point', 'coordinates': (-79.527782, 43.7741)}"
4002711350,2014,00:00.0,2320,23,LANSDOWNE AVE,DUPONT ST,NULL,1,Toronto and East York,9,11,Intersection,At Intersection,Traffic Signal,Clear,"Dark, artificial",Dry,Non-Fatal Injury,Turning Movement,D11,93,Dovercourt-Wallace Emerson-Junction (93),"{'type': 'Point', 'coordinates': (-79.446452, 43.666716)}"
4002721774,2014,00:00.0,1645,16,OSSINGTON AVE,DEWSON ST,NULL,3,Toronto and East York,NULL,14,Intersection,At Intersection,No Control,Clear,Daylight,Dry,Non-Fatal Injury,Turning Movement,D14,80,Palmerston-Little Italy (80),"{'type': 'Point', 'coordinates': (-79.423747, 43.657092)}"
4002722723,2014,00:00.0,2100,21,2169 YONGE ST,NULL,NULL,1,Toronto and East York,12,53,Mid-Block,At/Near Private Drive,No Control,Clear,Daylight,Dry,Non-Fatal Injury,Turning Movement,D53,104,Mount Pleasant West (104),"{'type': 'Point', 'coordinates': (-79.397983, 43.705058)}"
4003162994,2014,00:00.0,2315,23,YONGE ST,HILLCREST AVE,NULL,1,North York,18,32,Intersection,Non Intersection,No Control,Clear,"Dark, artificial",Dry,Non-Fatal Injury,Sideswipe,D32,51,Willowdale East (51),"{'type': 'Point', 'coordinates': (-79.412438, 43.767462)}"
4000009508,2014,00:00.0,2159,21,KINGSTON RD,PICKERING ST,10 m East of,1,Toronto and East York,19,55,Intersection,At Intersection,No Control,Clear,"Dark, artificial",Dry,Non-Fatal Injury,Cyclist Collisions,D55,63,The Beaches (63),"{'type': 'Point', 'coordinates': (-79.289912, 43.680213)}"
4002723007,2014,00:00.0,2159,21,KINGSTON RD,PICKERING ST,NULL,1,Toronto and East York,19,55,Mid-Block,Non Intersection,No Control,Clear,"Dark, artificial",Dry,Non-Fatal Injury,Cyclist Collisions,D55,62,East End-Danforth (62),"{'type': 'Point', 'coordinates': (-79.289921, 43.680282)}"
142723300,2014,00:00.0,2306,23,DAWES RD,GOWER ST,NULL,3,Toronto and East York,19,54,Intersection,At Intersection,Traffic Signal,Clear,"Dark, artificial",Dry,Fatal,Pedestrian Collisions,D54,54,O'Connor-Parkview (54),"{'type': 'Point', 'coordinates': (-79.296924, 43.702246)}"
142723818,2014,00:00.0,125,1,QUEEN ST E,TRACY ST,NULL,1,Toronto and East York,13,51,Intersection,NULL,No Control,Clear,"Dark, artificial",Dry,Fatal,Pedestrian Collisions,D51,73,Moss Park (73),"{'type': 'Point', 'coordinates': (-79.362254, 43.656085)}"
4002735710,2014,00:00.0,2105,21,MIDLAND AVE,KILCULLEN CASTLE GT,NULL,1,Scarborough,NULL,42,Intersection,At Intersection,No Control,Clear,"Dark, artificial",Dry,Non-Fatal Injury,Pedestrian Collisions,D42,129,Agincourt North (129),"{'type': 'Point', 'coordinates': (-79.290012, 43.809722)}"
4002735786,2014,00:00.0,2120,21,COLLEGE ST,RUSHOLME PARK CRT,NULL,1,Toronto and East York,9,14,Intersection,At Intersection,Stop Sign,Clear,"Dark, artificial",Dry,Non-Fatal Injury,Cyclist Collisions,D14,84,Little Portugal (84),"{'type': 'Point', 'coordinates': (-79.429668, 43.652896)}"