ACCNUM,YEAR,DATE,TIME,HOUR,STREET1,STREET2,OFFSET,ROAD_CLASS,DISTRICT,WARDNUM,DIVISION,LOCCOORD,ACCLOC,TRAFFCTL,VISIBILITY,LIGHT,RDSFCOND,ACCLASS,IMPACTYPE,POLICE_DIVISION,HOOD_ID,NEIGHBOURHOOD,geometry
142740894,2014,00:00.0,1639,16,VICTORIA PARK AVE,O CONNOR DR,NULL,1,North York,NULL,NULL,Intersection,At Intersection,Traffic Signal,Clear,Daylight,Dry,Fatal,Pedestrian Collisions,D41,120,Clairlea-Birchmount (120),"{'type': 'Point', 'coordinates': (-79.302089, 43.723372)}"
4002750756,2014,00:00.0,122,1,BLOOR ST E,PARLIAMENT ST,NULL,1,Toronto and East York,13,NULL,Intersection,At Intersection,Traffic Signal,Clear,Dark,Dry,Non-Fatal Injury,Cyclist Collisions,D51,71,Cabbagetown-South St.James Town (71),"{'type': 'Point', 'coordinates': (-79.370693, 43.671954)}"
4002755635,2014,00:00.0,1805,18,ROYAL YORK RD,ASHLEY RD,NULL,3,Etobicoke York,2,22,Intersection,At Intersection,No Control,Clear,Daylight,Dry,Non-Fatal Injury,Cyclist Collisions,D22,9,Edenbridge-Humber Valley (9),"{'type': 'Point', 'coordinates': (-79.51839, 43.663146)}"
4002788366,2014,00:00.0,1719,17,YONGE ST,HOMEWOOD AVE,NULL,1,North York,18,32,Intersection,Non Intersection,No Control,Clear,Daylight,Dry,Non-Fatal Injury,Rear End,D32,50,Newtonbrook East (50),"{'type': 'Point', 'coordinates': (-79.418346, 43.791163)}"
4002781365,2014,00:00.0,1720,17,ROGERS RD,SILVERTHORN AVE,NULL,3,Etobicoke York,NULL,12,Intersection,Intersection Related,Traffic Signal,Clear,Daylight,Dry,Non-Fatal Injury,Cyclist Collisions,D12,110,Keelesdale-Eglinton West (110),"{'type': 'Point', 'coordinates': (-79.463306, 43.682765)}"
4002786358,2014,00:00.0,1205,12,SHEPPARD AVE W,BATHURST ST,25 m West of,1,North York,6,32,Intersection,Intersection Related,Traffic Signal,Clear,Daylight,Dry,Non-Fatal Injury,Other,D32,34,Bathurst Manor (34),"{'type': 'Point', 'coordinates': (-79.438464, 43.75545)}"
4002797820,2014,00:00.0,610,6,KINGSTON  RD,WOODBINE AVE,NULL,1,Toronto and East York,19,55,Intersection,At Intersection,Traffic Signal,Clear,Dawn,Dry,Non-Fatal Injury,Turning Movement,D55,63,The Beaches (63),"{'type': 'Point', 'coordinates': (-79.307918, 43.673918)}"
4002824583,2014,00:00.0,1200,12,WELLESLEY ST E,BLEECKER ST,18 m East of,3,Toronto and East York,13,51,Intersection,Intersection Related,No Control,Clear,Daylight,Dry,Non-Fatal Injury,Cyclist Collisions,D51,71,Cabbagetown-South St.James Town (71),"{'type': 'Point', 'coordinates': (-79.373737, 43.667224)}"
4002799906,2014,00:00.0,1322,13,BAYVIEW AVE,CUMMER AVE,NULL,1,North York,NULL,NULL,Intersection,At Intersection,Traffic Signal,Clear,Daylight,Dry,Non-Fatal Injury,Turning Movement,D33,49,Bayview Woods-Steeles (49),"{'type': 'Point', 'coordinates': (-79.393558, 43.792227000000004)}"
4002803822,2014,00:00.0,108,1,BATHURST ST,ST CLAIR AVE W,41 m South of,1,Toronto and East York,12,13,Mid-Block,Non Intersection,No Control,Clear,"Dark, artificial",Dry,Non-Fatal Injury,Pedestrian Collisions,D13,96,Casa Loma (96),"{'type': 'Point', 'coordinates': (-79.418117, 43.682711)}"
4002803863,2014,00:00.0,115,1,QUEEN ST W,DUFFERIN ST,50 m East of,1,Toronto and East York,NULL,14,Mid-Block,Non Intersection,No Control,Clear,"Dark, artificial",Dry,Non-Fatal Injury,Cyclist Collisions,D14,84,Little Portugal (84),"{'type': 'Point', 'coordinates': (-79.427852, 43.642298)}"
4002804562,2014,00:00.0,459,4,ST CLAIR AVE W,SYMES RD,39 m East of,1,Etobicoke York,5,NULL,Mid-Block,Non Intersection,No Control,Clear,"Dark, artificial",Dry,Fatal,Pedestrian Collisions,D11,90,Junction Area (90),"{'type': 'Point', 'coordinates': (-79.476505, 43.670558)}"
4002809837,2014,00:00.0,2240,22,741 RUNNYMEDE RD,NULL,10 m South of,3,Etobicoke York,5,11,Mid-Block,Non Intersection,No Control,Clear,"Dark, artificial",Dry,Non-Fatal Injury,Pedestrian Collisions,D11,90,Junction Area (90),"{'type': 'Point', 'coordinates': (-79.483371, 43.668566)}"
4002811941,2014,00:00.0,855,8,BROADVIEW AVE,QUEEN ST E,NULL,1,Toronto and East York,14,55,Intersection,At Intersection,Traffic Signal,Clear,Daylight,Dry,Non-Fatal Injury,Pedestrian Collisions,D55,70,South Riverdale (70),"{'type': 'Point', 'coordinates': (-79.349849, 43.658866)}"
4002817424,2014,00:00.0,147,1,EGLINTON AVE E,MARKHAM RD,76 m West of,1,Scarborough,NULL,43,Mid-Block,Non Intersection,No Control,Clear,"Dark, artificial",Dry,Fatal,Pedestrian Collisions,D43,139,Scarborough Village (139),"{'type': 'Point', 'coordinates': (-79.219852, 43.742972)}"
4002835706,2014,00:00.0,1736,17,JANE ST,EGLINTON AVE W,NULL,1,Etobicoke York,5,12,Intersection,Intersection Related,No Control,Clear,Daylight,Dry,Non-Fatal Injury,Pedestrian Collisions,D12,115,Mount Dennis (115),"{'type': 'Point', 'coordinates': (-79.498821, 43.684466)}"
4002843049,2014,00:00.0,1729,17,SHEPPARD AVE E,PHARMACY AVE,50 m West of,1,Scarborough,22,42,Mid-Block,Non Intersection,No Control,Clear,Daylight,Dry,Non-Fatal Injury,Turning Movement,D42,118,Tam O'Shanter-Sullivan (118),"{'type': 'Point', 'coordinates': (-79.318561, 43.776309)}"
4002856687,2014,00:00.0,1610,16,PELHAM AVE,UXBRIDGE AVE,NULL,4,Toronto and East York,9,11,Mid-Block,Non Intersection,No Control,Clear,Daylight,Dry,Non-Fatal Injury,Cyclist Collisions,D11,91,Weston-Pellam Park (91),"{'type': 'Point', 'coordinates': (-79.456767, 43.667918)}"
4002857204,2014,00:00.0,1744,17,BURNHAMTHORPE RD,SHAVER AVE N,NULL,1,Etobicoke York,2,22,Intersection,Intersection Related,Stop Sign,Clear,Daylight,Dry,Non-Fatal Injury,Turning Movement,D22,14,Islington-City Centre West (14),"{'type': 'Point', 'coordinates': (-79.551685, 43.648165)}"
4001888181,2014,00:00.0,1030,10,REXDALE BLVD,HUMBERWOOD BLVD,NULL,1,Etobicoke York,1,23,Mid-Block,Non Intersection,No Control,Clear,Daylight,Dry,Non-Fatal Injury,Cyclist Collisions,D23,1,West Humber-Clairville (1),"{'type': 'Point', 'coordinates': (-79.609165, 43.72042)}"
5001757251,2015,00:00.0,2340,23,LAWRENCE AVE E,ORTON PARK RD,NULL,1,Scarborough,24,43,Intersection,At Intersection,Traffic Signal,Clear,Dark,Dry,Non-Fatal Injury,Turning Movement,D43,137,Woburn (137),"{'type': 'Point', 'coordinates': (-79.205592, 43.76397600000001)}"
4001645257,2014,00:00.0,1528,15,ROGERS RD,WESTON RD,NULL,3,Etobicoke York,5,12,Mid-Block,Non Intersection,No Control,Clear,Daylight,Dry,Non-Fatal Injury,Turning Movement,D12,110,Keelesdale-Eglinton West (110),"{'type': 'Point', 'coordinates': (-79.476039, 43.681712)}"
4002412292,2014,00:00.0,650,6,COXWELL AVE,GERRARD ST E,1 m North of,3,Toronto and East York,NULL,55,Intersection,At Intersection,Traffic Signal,Clear,Daylight,Dry,Non-Fatal Injury,SMV Other,D55,64,Woodbine Corridor (64),"{'type': 'Point', 'coordinates': (-79.32027000000001, 43.675261)}"
4001889890,2014,00:00.0,1440,14,CUMMER AVE,CONACHER DR,NULL,3,North York,18,32,Intersection,At Intersection,Pedestrian Crossover,Clear,Daylight,Dry,Non-Fatal Injury,SMV Other,D32,50,Newtonbrook East (50),"{'type': 'Point', 'coordinates': (-79.397022, 43.791484)}"
4002164733,2014,00:00.0,1729,17,STEELES AVE E,PICKERING TOWN LINE,NULL,3,Scarborough,25,42,Intersection,At Intersection,Traffic Signal,Clear,Daylight,Dry,Non-Fatal Injury,Turning Movement,D42,131,Rouge (131),"{'type': 'Point', 'coordinates': (-79.17028400000001, 43.855445)}"
4002443760,2014,00:00.0,1819,18,DON VALLEY PARKWAY  S,BAYVIEW BLOOR DVP S RAMP,100 m South of,NULL,Toronto and East York,14,54,Mid-Block,Non Intersection,No Control,Clear,Daylight,Dry,Non-Fatal Injury,SMV Other,D54,57,Broadview North (57),"{'type': 'Point', 'coordinates': (-79.362567, 43.681025)}"
4008010046,2014,00:00.0,1800,18,FINCH AVE E,BRIDLETOWNE CRCL,NULL,1,Scarborough,22,42,Intersection,Intersection Related,Traffic Signal,Clear,"Dusk, artificial",Dry,Non-Fatal Injury,Rear End,D42,117,L'Amoreaux (117),"{'type': 'Point', 'coordinates': (-79.319301, 43.79584)}"
4002166140,2014,00:00.0,2125,21,NEILSON RD.,ELLESMERE RD,NULL,3,Scarborough,24,43,Mid-Block,At/Near Private Drive,No Control,Clear,"Dark, artificial",Dry,Non-Fatal Injury,Pedestrian Collisions,D43,135,Morningside (135),"{'type': 'Point', 'coordinates': (-79.205303, 43.783312)}"
4001900462,2014,00:00.0,718,7,TORRESDALE AVE,STEELES AVE W,NULL,1,North York,6,32,Intersection,At Intersection,Traffic Signal,Clear,Daylight,Dry,Non-Fatal Injury,Turning Movement,D32,35,Westminster-Branson (35),"{'type': 'Point', 'coordinates': (-79.453021, 43.790801)}"
4002453551,2014,00:00.0,725,7,WARDEN AVE N,LAWRENCE AVE E,NULL,1,Scarborough,21,41,Intersection,Intersection Related,Traffic Signal,Clear,Daylight,Dry,Non-Fatal Injury,Pedestrian Collisions,D41,119,Wexford/Maryvale (119),"{'type': 'Point', 'coordinates': (-79.294727, 43.74536)}"
4002168339,2014,00:00.0,837,8,BREMNER BLVD,GRAND TRUNK CRES,NULL,3,Toronto and East York,10,52,Intersection,Non Intersection,No Control,Clear,Daylight,Dry,Non-Fatal Injury,Cyclist Collisions,D52,77,Waterfront Communities-The Island (77),"{'type': 'Point', 'coordinates': (-79.382777, 43.642623)}"
4002174888,2014,00:00.0,814,8,FRED GARDINER EXPR,KIPLING AVENUE,500 m East of,NULL,Etobicoke York,3,22,Mid-Block,Non Intersection,No Control,Clear,Daylight,Dry,Non-Fatal Injury,Rear End,D22,17,Mimico (17),"{'type': 'Point', 'coordinates': (-79.520129, 43.618888)}"
4002177658,2014,00:00.0,1450,14,45 BAY ST,NULL,NULL,1,Toronto and East York,10,52,Mid-Block,At/Near Private Drive,No Control,Clear,Daylight,Dry,Non-Fatal Injury,Pedestrian Collisions,D52,77,Waterfront Communities-The Island (77),"{'type': 'Point', 'coordinates': (-79.378192, 43.643874)}"
4002187226,2014,00:00.0,2205,22,LAKE SHORE BLVD W,KIPLING AVE,1 m North of,1,Etobicoke York,3,22,Intersection,At Intersection,Traffic Signal,Clear,"Dark, artificial",Dry,Non-Fatal Injury,Rear End,D22,18,New Toronto (18),"{'type': 'Point', 'coordinates': (-79.51691, 43.598124)}"
4002194232,2014,00:00.0,2217,22,F G GARDINER XY  W,SPADINA AVE,NULL,1,Toronto and East York,10,52,Mid-Block,Non Intersection,No Control,Clear,"Dark, artificial",Dry,Non-Fatal Injury,Sideswipe,D52,77,Waterfront Communities-The Island (77),"{'type': 'Point', 'coordinates': (-79.390979, 43.638892)}"
4002194958,2014,00:00.0,40,0,BIRCHMOUNT RD,STEELES AVE E,NULL,1,Scarborough,22,42,Intersection,At Intersection,Traffic Signal,Clear,"Dark, artificial",Dry,Non-Fatal Injury,Turning Movement,D42,116,Steeles (116),"{'type': 'Point', 'coordinates': (-79.316913, 43.821383000000004)}"
4002199465,2014,00:00.0,1747,17,LAWRENCE AVE E,MCCOWAN RD,NULL,1,Scarborough,NULL,43,Intersection,At Intersection,Traffic Signal,Clear,Daylight,Dry,Non-Fatal Injury,Rear End,D43,127,Bendale (127),"{'type': 'Point', 'coordinates': (-79.245387, 43.755477)}"
4002199584,2014,00:00.0,1822,18,DUNDAS ST W,PACIFIC AVE,NULL,1,Toronto and East York,4,11,Mid-Block,Non Intersection,No Control,Clear,Daylight,Dry,Non-Fatal Injury,Cyclist Collisions,D11,90,Junction Area (90),"{'type': 'Point', 'coordinates': (-79.469447, 43.665461)}"
142211983,2014,00:00.0,1250,12,53 CRAIGMORE CRES,NULL,NULL,4,North York,18,32,Mid-Block,NULL,No Control,Clear,Daylight,Dry,Fatal,Pedestrian Collisions,D32,51,Willowdale East (51),"{'type': 'Point', 'coordinates': (-79.397456, 43.763236)}"
4002199854,2014,00:00.0,1913,19,EGLINTON AVE E,MIDLAND AVE,NULL,1,Scarborough,NULL,41,Mid-Block,At/Near Private Drive,No Control,Clear,Daylight,Dry,Non-Fatal Injury,Pedestrian Collisions,D41,124,Kennedy Park (124),"{'type': 'Point', 'coordinates': (-79.25609900000002, 43.734919)}"
4002204042,2014,00:00.0,1204,12,QUEEN ST E,JONES AVE,NULL,3,Toronto and East York,14,55,Intersection,At Intersection,Traffic Signal,Clear,Daylight,Dry,Non-Fatal Injury,Pedestrian Collisions,D55,70,South Riverdale (70),"{'type': 'Point', 'coordinates': (-79.332813, 43.662654)}"
4002215759,2014,00:00.0,2220,22,KENNEDY RD,HIGHVIEW AV,58 m North of,2,Scarborough,20,41,Mid-Block,Non Intersection,No Control,Clear,Dark,Dry,Non-Fatal Injury,Sideswipe,D41,122,Birchcliffe-Cliffside (122),"{'type': 'Point', 'coordinates': (-79.255931, 43.70297500000001)}"
4002231179,2014,00:00.0,555,5,F G GARDINER XY  E,GRAND AVE,NULL,NULL,Etobicoke York,3,22,Mid-Block,Non Intersection,No Control,Clear,Daylight,Dry,Non-Fatal Injury,SMV Other,D22,17,Mimico (17),"{'type': 'Point', 'coordinates': (-79.496753, 43.623709)}"
4002237751,2014,00:00.0,110,1,BATHURST ST,ARDMORE RD,NULL,1,Toronto and East York,12,13,Intersection,At Intersection,No Control,Clear,"Dark, artificial",Dry,Non-Fatal Injury,Rear End,D13,101,Forest Hill South (101),"{'type': 'Point', 'coordinates': (-79.422572, 43.693701)}"
4002253625,2014,00:00.0,1252,12,THIRTY FIFTH ST,DOMINION RD,NULL,4,Etobicoke York,3,22,Intersection,Intersection Related,Stop Sign,Clear,Daylight,Dry,Non-Fatal Injury,Angle,D22,19,Long Branch (19),"{'type': 'Point', 'coordinates': (-79.534717, 43.592047)}"
4002255654,2014,00:00.0,1750,17,QUEEN ST E,KINGSTON RD,NULL,1,Toronto and East York,19,55,Intersection,At Intersection,Traffic Signal,Clear,Daylight,Dry,Non-Fatal Injury,Pedestrian Collisions,D55,63,The Beaches (63),"{'type': 'Point', 'coordinates': (-79.312595, 43.667227)}"
892658,2006,00:00.0,852,8,BLOOR ST W,DUNDAS ST W,NULL,1,Toronto and East York,4,11,Intersection,At Intersection,Traffic Signal,Clear,Daylight,Dry,Fatal,Pedestrian Collisions,D11,88,High Park North (88),"{'type': 'Point', 'coordinates': (-79.45249, 43.656345)}"
892810,2006,00:00.0,915,9,MORNINGSIDE AVE,SHEPPARD AVE E,NULL,1,Scarborough,25,42,Intersection,At Intersection,Traffic Signal,Clear,Daylight,Dry,Fatal,Turning Movement,D42,131,Rouge (131),"{'type': 'Point', 'coordinates': (-79.199786, 43.801943)}"
892682,2006,00:00.0,240,2,EGLINTON AVE E,COMMONWEALTH AVE,NULL,1,Scarborough,NULL,41,Mid-Block,NULL,No Control,Clear,Dark,Dry,Fatal,Pedestrian Collisions,D41,138,Eglinton East (138),"{'type': 'Point', 'coordinates': (-79.25619, 43.734945)}"
892913,2006,00:00.0,1903,19,OSSINGTON AVE,DUNDAS ST W,NULL,1,Toronto and East York,NULL,14,Intersection,At Intersection,Traffic Signal,Clear,Dark,Dry,Non-Fatal Injury,Pedestrian Collisions,D14,81,Trinity-Bellwoods (81),"{'type': 'Point', 'coordinates': (-79.42079, 43.649345)}"
893251,2006,00:00.0,1535,15,ISLINGTON AVE,DIXON RD,NULL,1,Etobicoke York,NULL,23,Intersection,At Intersection,Traffic Signal,Clear,Daylight,Dry,Fatal,Pedestrian Collisions,D23,6,Kingsview Village-The Westway (6),"{'type': 'Point', 'coordinates': (-79.54669, 43.697045)}"
896606,2006,00:00.0,925,9,BIRCHMOUNT RD,SANWOOD BLVD,NULL,1,Scarborough,22,42,Intersection,At Intersection,Traffic Signal,Clear,Daylight,Dry,Non-Fatal Injury,Turning Movement,D42,116,Steeles (116),"{'type': 'Point', 'coordinates': (-79.31449, 43.816245)}"
894953,2006,00:00.0,1710,17,DUNDAS ST E,PEMBROKE ST,NULL,1,Toronto and East York,13,51,Intersection,NULL,Pedestrian Crossover,Clear,Daylight,Dry,Non-Fatal Injury,Pedestrian Collisions,D51,73,Moss Park (73),"{'type': 'Point', 'coordinates': (-79.37239, 43.658145)}"
897335,2006,00:00.0,642,6,SYMINGTON AVE,ANTLER ST,NULL,2,Toronto and East York,9,11,Intersection,At Intersection,Stop Sign,Clear,Daylight,Dry,Non-Fatal Injury,Pedestrian Collisions,D11,93,Dovercourt-Wallace Emerson-Junction (93),"{'type': 'Point', 'coordinates': (-79.45049, 43.663945)}"
897348,2006,00:00.0,1554,15,BLOOR ST W,BATHURST ST,NULL,1,Toronto and East York,11,14,Intersection,At Intersection,No Control,Clear,Daylight,Dry,Non-Fatal Injury,Pedestrian Collisions,D14,95,Annex (95),"{'type': 'Point', 'coordinates': (-79.41129, 43.665145)}"
893720,2006,00:00.0,343,3,WILLOWDALE AVE,MCKEE AVE,NULL,3,North York,18,32,Intersection,At Intersection,Stop Sign,Clear,Dark,Dry,Non-Fatal Injury,Angle,D32,51,Willowdale East (51),"{'type': 'Point', 'coordinates': (-79.40429, 43.774945)}"
908179,2006,00:00.0,2120,21,STEELES AVE W,SHALE GT,NULL,1,North York,6,31,Mid-Block,NULL,No Control,Clear,Dark,Dry,Non-Fatal Injury,Approaching,D31,27,York University Heights (27),"{'type': 'Point', 'coordinates': (-79.48669, 43.783345000000004)}"
897456,2006,00:00.0,207,2,ST CLAIR AVE W,BLACKTHORN AVE,NULL,1,Toronto and East York,9,NULL,Intersection,NULL,No Control,Clear,Dark,Dry,Non-Fatal Injury,SMV Other,D11,91,Weston-Pellam Park (91),"{'type': 'Point', 'coordinates': (-79.45869, 43.674445)}"
898163,2006,00:00.0,1743,17,STEELES AVE E,WARDEN AVE,NULL,1,Scarborough,22,42,Intersection,At Intersection,Traffic Signal,Clear,Daylight,Dry,Non-Fatal Injury,Angle,D42,116,Steeles (116),"{'type': 'Point', 'coordinates': (-79.32439, 43.819645)}"
893964,2006,00:00.0,755,7,941 PROGRESS AVE,NULL,NULL,3,Scarborough,24,43,Mid-Block,NULL,Traffic Signal,Clear,Daylight,Dry,Non-Fatal Injury,Pedestrian Collisions,D43,137,Woburn (137),"{'type': 'Point', 'coordinates': (-79.23179, 43.783845)}"
894030,2006,00:00.0,2100,21,BLACK CREEK DR,LAWRENCE AVE W,NULL,1,Etobicoke York,5,12,Intersection,NULL,Traffic Signal,Clear,Dark,Dry,Non-Fatal Injury,Rear End,D12,30,Brookhaven-Amesbury (30),"{'type': 'Point', 'coordinates': (-79.49409, 43.704945)}"
894423,2006,00:00.0,1435,14,2423 KEELE ST,NULL,NULL,1,Etobicoke York,5,12,Mid-Block,NULL,No Control,Clear,Daylight,Dry,Non-Fatal Injury,SMV Unattended Vehicle,D12,29,Maple Leaf (29),"{'type': 'Point', 'coordinates': (-79.47849000000001, 43.71064500000001)}"
898778,2006,00:00.0,1139,11,WESTON RD,ROGERS RD,NULL,1,Etobicoke York,5,12,Mid-Block,NULL,No Control,Rain,Daylight,Wet,Non-Fatal Injury,Turning Movement,D12,111,Rockcliffe-Smythe (111),"{'type': 'Point', 'coordinates': (-79.47799, 43.682545)}"
894735,2006,00:00.0,1850,18,910 DUNDAS ST E,NULL,NULL,3,Toronto and East York,14,55,Mid-Block,NULL,No Control,Rain,Dark,Wet,Non-Fatal Injury,Pedestrian Collisions,D55,70,South Riverdale (70),"{'type': 'Point', 'coordinates': (-79.34979, 43.662845)}"
899126,2006,00:00.0,1614,16,CALEDONIA RD,NORMAN AVE,NULL,3,Toronto and East York,9,13,Intersection,NULL,No Control,Clear,Daylight,Dry,Non-Fatal Injury,SMV Other,D13,92,Corso Italia-Davenport (92),"{'type': 'Point', 'coordinates': (-79.45579000000001, 43.677745)}"
899369,2006,00:00.0,1640,16,BLOOR ST W,CHRISTIE ST,NULL,1,Toronto and East York,11,14,Mid-Block,NULL,No Control,Clear,Daylight,Dry,Non-Fatal Injury,Pedestrian Collisions,D14,95,Annex (95),"{'type': 'Point', 'coordinates': (-79.41769, 43.663745)}"
899537,2006,00:00.0,2205,22,JANE ST,EGLINTON AVE W,NULL,1,Etobicoke York,5,12,Intersection,At Intersection,Traffic Signal,Clear,Dark,Dry,Non-Fatal Injury,Sideswipe,D12,115,Mount Dennis (115),"{'type': 'Point', 'coordinates': (-79.49879, 43.684445)}"
895615,2006,00:00.0,2344,23,F G GARDINER XY E  E,SPADINA AVE,NULL,1,Toronto and East York,10,52,Mid-Block,NULL,No Control,Clear,Dark,Dry,Non-Fatal Injury,Rear End,D52,77,Waterfront Communities-The Island (77),"{'type': 'Point', 'coordinates': (-79.39129, 43.638745)}"
895818,2006,00:00.0,1717,17,DON MILLS RD,GATEWAY BLVD,NULL,1,North York,16,54,Mid-Block,NULL,No Control,Clear,Daylight,Dry,Non-Fatal Injury,SMV Other,D54,44,Flemingdon Park (44),"{'type': 'Point', 'coordinates': (-79.33579, 43.713045)}"
899747,2006,00:00.0,1615,16,DUNDAS ST W,BLOOR ST W,NULL,1,Toronto and East York,4,11,Intersection,At Intersection,Traffic Signal,Rain,Daylight,Wet,Non-Fatal Injury,Pedestrian Collisions,D11,88,High Park North (88),"{'type': 'Point', 'coordinates': (-79.45249, 43.656345)}"
895926,2006,00:00.0,230,2,1340 LESLIE ST,NULL,NULL,1,North York,NULL,33,Mid-Block,NULL,No Control,Clear,Dark,Dry,Non-Fatal Injury,SMV Other,D33,42,Banbury-Don Mills (42),"{'type': 'Point', 'coordinates': (-79.35559, 43.732745)}"
897350,2006,00:00.0,1555,15,KINGSTON RD,EGLINTON AVE E,NULL,1,Scarborough,24,43,Mid-Block,NULL,No Control,Rain,Daylight,Wet,Non-Fatal Injury,Rear End,D43,139,Scarborough Village (139),"{'type': 'Point', 'coordinates': (-79.20959, 43.745745)}"
896072,2006,00:00.0,1325,13,WALMER RD,HEATH ST W,NULL,2,Toronto and East York,12,13,Intersection,At Intersection,Stop Sign,Clear,Daylight,Dry,Non-Fatal Injury,Pedestrian Collisions,D13,101,Forest Hill South (101),"{'type': 'Point', 'coordinates': (-79.41319, 43.686545)}"
899910,2006,00:00.0,1540,15,BAY ST,GERRARD ST W,NULL,1,Toronto and East York,11,52,Intersection,At Intersection,Traffic Signal,Clear,Daylight,Dry,Non-Fatal Injury,Cyclist Collisions,D52,76,Bay Street Corridor (76),"{'type': 'Point', 'coordinates': (-79.38489, 43.658545)}"
899914,2006,00:00.0,1825,18,232 VIEWMOUNT AVE,NULL,NULL,4,North York,8,13,Mid-Block,NULL,No Control,Clear,Daylight,Dry,Non-Fatal Injury,Pedestrian Collisions,D13,32,Englemount-Lawrence (32),"{'type': 'Point', 'coordinates': (-79.43919, 43.708045000000006)}"
900010,2006,00:00.0,1150,11,4559 SHEPPARD Aven E,NULL,NULL,1,Scarborough,23,42,Mid-Block,NULL,No Control,Clear,Daylight,Dry,Non-Fatal Injury,SMV Other,D42,128,Agincourt South-Malvern West (128),"{'type': 'Point', 'coordinates': (-79.26289, 43.788745)}"
900242,2006,00:00.0,1744,17,ADELAIDE ST E,FREDERICK ST,NULL,1,Toronto and East York,13,51,Intersection,At Intersection,Traffic Signal,Clear,Daylight,Dry,Non-Fatal Injury,Rear End,D51,73,Moss Park (73),"{'type': 'Point', 'coordinates': (-79.36989, 43.651845)}"
900284,2006,00:00.0,1530,15,EGLINTON AVE W,MARTIN GROVE RD,NULL,1,Etobicoke York,NULL,NULL,Intersection,At Intersection,Traffic Signal,Clear,Daylight,Dry,Non-Fatal Injury,Rear End,D22,10,Princess-Rosethorn (10),"{'type': 'Point', 'coordinates': (-79.56319, 43.674445)}"
900285,2006,00:00.0,1620,16,KENNEDY RD,PROGRESS AVE,NULL,1,Scarborough,21,41,Mid-Block,NULL,No Control,Clear,Daylight,Dry,Non-Fatal Injury,Sideswipe,D41,126,Dorset Park (126),"{'type': 'Point', 'coordinates': (-79.28249000000001, 43.769845)}"
900307,2006,00:00.0,1853,18,RICHMOND ST E,ONTARIO ST,NULL,1,Toronto and East York,13,51,Intersection,At Intersection,Stop Sign,Clear,Daylight,Dry,Non-Fatal Injury,Angle,D51,73,Moss Park (73),"{'type': 'Point', 'coordinates': (-79.36669, 43.653945)}"
901141,2006,00:00.0,1830,18,YONGE ST,WILSON AVE,NULL,1,North York,NULL,32,Intersection,At Intersection,Traffic Signal,Clear,Daylight,Dry,Non-Fatal Injury,Turning Movement,D32,40,St.Andrew-Windfields (40),"{'type': 'Point', 'coordinates': (-79.40669, 43.744145)}"
920927,2006,00:00.0,2330,23,KING ST W,BLUE JAYS WAY,NULL,1,Toronto and East York,10,52,Mid-Block,NULL,No Control,Clear,Dark,Dry,Non-Fatal Injury,Pedestrian Collisions,D52,77,Waterfront Communities-The Island (77),"{'type': 'Point', 'coordinates': (-79.39179, 43.646145)}"
904614,2006,00:00.0,2314,23,SHEPPARD AVE E,BROWNSPRING RD,NULL,1,Scarborough,23,42,Mid-Block,NULL,No Control,Clear,Dark,Dry,Non-Fatal Injury,Pedestrian Collisions,D42,128,Agincourt South-Malvern West (128),"{'type': 'Point', 'coordinates': (-79.25969, 43.789445)}"
904441,2006,00:00.0,1452,14,EDENBRIDGE DR,THE KINGSWAY,NULL,4,Etobicoke York,2,22,Mid-Block,NULL,No Control,Clear,Daylight,Dry,Non-Fatal Injury,SMV Other,D22,9,Edenbridge-Humber Valley (9),"{'type': 'Point', 'coordinates': (-79.52759, 43.667545)}"
905909,2006,00:00.0,1911,19,MANNING AVE,BLOOR ST W,NULL,4,Toronto and East York,11,14,Mid-Block,NULL,No Control,Clear,Daylight,Dry,Non-Fatal Injury,Pedestrian Collisions,D14,95,Annex (95),"{'type': 'Point', 'coordinates': (-79.41649, 43.665345)}"
901382,2006,00:00.0,1950,19,EGLINTON AVE E,FORMAN AVE,NULL,1,North York,15,53,Intersection,NULL,Traffic Signal,Clear,Dark,Dry,Non-Fatal Injury,Rear End,D53,99,Mount Pleasant East (99),"{'type': 'Point', 'coordinates': (-79.38619, 43.709145)}"
906284,2006,00:00.0,710,7,THE QUEENSWAY,MORGAN AVE,NULL,1,Etobicoke York,3,22,Intersection,At Intersection,Stop Sign,Clear,Daylight,Dry,Non-Fatal Injury,Turning Movement,D22,16,Stonegate-Queensway (16),"{'type': 'Point', 'coordinates': (-79.50149, 43.626545)}"
904596,2006,00:00.0,1632,16,BLOOR ST W,SOUTH KINGSWAY,NULL,1,Toronto and East York,4,11,Intersection,NULL,Traffic Signal,Clear,Daylight,Dry,Non-Fatal Injury,Rear End,D11,87,High Park-Swansea (87),"{'type': 'Point', 'coordinates': (-79.48569, 43.648345000000006)}"