ACCNUM,YEAR,DATE,TIME,HOUR,STREET1,STREET2,OFFSET,ROAD_CLASS,DISTRICT,WARDNUM,DIVISION,LOCCOORD,ACCLOC,TRAFFCTL,VISIBILITY,LIGHT,RDSFCOND,ACCLASS,IMPACTYPE,POLICE_DIVISION,HOOD_ID,NEIGHBOURHOOD,geometry
142300273,2014,00:00.0,827,8,BROADVIEW AVE,FAIRVIEW BLVD,NULL,3,Toronto and East York,14,55,Mid-Block,NULL,No Control,Rain,Daylight,Wet,Fatal,SMV Other,D55,68,North Riverdale (68),"{'type': 'Point', 'coordinates': (-79.357845, 43.67511600000001)}"
4002306340,2014,00:00.0,311,3,KING ST W,BRANT ST,NULL,1,Toronto and East York,10,14,Mid-Block,Non Intersection,Pedestrian Crossover,Clear,"Dark, artificial",Dry,Non-Fatal Injury,Sideswipe,D14,77,Waterfront Communities-The Island (77),"{'type': 'Point', 'coordinates': (-79.397632, 43.644942)}"
4002339341,2014,00:00.0,1836,18,ROYAL YORK RD,ALLANHURST DR,NULL,3,Etobicoke York,2,22,Intersection,At Intersection,Traffic Signal,Clear,Daylight,Dry,Non-Fatal Injury,Turning Movement,D22,9,Edenbridge-Humber Valley (9),"{'type': 'Point', 'coordinates': (-79.525287, 43.679274)}"
4000008445,2014,00:00.0,1050,10,5450 LAWRENCE AVE E,NULL,NULL,3,Scarborough,25,43,Mid-Block,At/Near Private Drive,No Control,Clear,Daylight,Dry,Non-Fatal Injury,Cyclist Collisions,D43,133,Centennial Scarborough (133),"{'type': 'Point', 'coordinates': (-79.139507, 43.778929)}"
4008024139,2014,00:00.0,1600,16,STEELES AVE W,SHALE GT,NULL,1,North York,6,31,Intersection,At Intersection,Traffic Signal,Clear,Daylight,Dry,Non-Fatal Injury,Cyclist Collisions,D31,27,York University Heights (27),"{'type': 'Point', 'coordinates': (-79.487293, 43.783209)}"
4002366263,2014,00:00.0,1930,19,DUNDAS ST W,DOVERCOURT RD,NULL,3,Toronto and East York,NULL,14,Intersection,Non Intersection,No Control,Clear,Daylight,Dry,Non-Fatal Injury,Cyclist Collisions,D14,81,Trinity-Bellwoods (81),"{'type': 'Point', 'coordinates': (-79.424739, 43.64942800000001)}"
4002326649,2014,00:00.0,2134,21,BATHURST ST,BEDFORD PARK AVE,NULL,1,North York,8,32,Intersection,Non Intersection,No Control,Clear,"Dark, artificial",Dry,Non-Fatal Injury,Other,D32,39,Bedford Park-Nortown (39),"{'type': 'Point', 'coordinates': (-79.430255, 43.721472)}"
4002352031,2014,00:00.0,1720,17,KING ST W,UNIVERSITY AVE,NULL,1,Toronto and East York,10,52,Intersection,Intersection Related,Traffic Signal,Clear,Daylight,Dry,Non-Fatal Injury,Cyclist Collisions,D52,76,Bay Street Corridor (76),"{'type': 'Point', 'coordinates': (-79.384799, 43.64765)}"
4001902313,2014,00:00.0,1453,14,STEELES AVE W,GIHON SPRING DR,60 m East of,1,Etobicoke York,1,23,Mid-Block,Non Intersection,No Control,Clear,Daylight,Dry,Non-Fatal Injury,Approaching,D23,2,Mount Olive-Silverstone-Jamestown (2),"{'type': 'Point', 'coordinates': (-79.596225, 43.759448)}"
142454660,2014,00:00.0,1024,10,MCNICOLL AVE,PHARMACY AVE,NULL,3,Scarborough,22,42,Intersection,At Intersection,Traffic Signal,Clear,Daylight,Dry,Fatal,Angle,D42,116,Steeles (116),"{'type': 'Point', 'coordinates': (-79.330722, 43.804114)}"
4001647653,2014,00:00.0,2309,23,MCCOWAN RD,BENLEIGH  DR,30 m North of,1,Scarborough,NULL,43,Mid-Block,Non Intersection,No Control,Clear,"Dark, artificial",Wet,Non-Fatal Injury,SMV Other,D43,137,Woburn (137),"{'type': 'Point', 'coordinates': (-79.246433, 43.758967)}"
4001911454,2014,00:00.0,2030,20,THE QUEENSWAY,SOUTH KINGSWAY,NULL,1,Toronto and East York,4,11,Mid-Block,Underpass or Tunnel,No Control,Clear,"Dark, artificial",Dry,Non-Fatal Injury,Sideswipe,D11,87,High Park-Swansea (87),"{'type': 'Point', 'coordinates': (-79.473483, 43.635459)}"
4001912926,2014,00:00.0,232,2,DAWES RD,CRESCENT TOWN RD,NULL,3,Toronto and East York,19,54,Intersection,Non Intersection,Traffic Signal,Clear,"Dark, artificial",Dry,Non-Fatal Injury,SMV Other,D54,61,Taylor-Massey (61),"{'type': 'Point', 'coordinates': (-79.297305, 43.696513)}"
4001931404,2014,00:00.0,1433,14,MORNINGSIDE AVE,GARDENTREE ST,NULL,3,Scarborough,NULL,43,Intersection,Non Intersection,No Control,Clear,Daylight,Dry,Non-Fatal Injury,Cyclist Collisions,D43,136,West Hill (136),"{'type': 'Point', 'coordinates': (-79.182796, 43.760081)}"
4001933544,2014,00:00.0,2201,22,VICTORIA PARK AVE,LAWRENCE AVE E,NULL,1,North York,NULL,NULL,Intersection,Intersection Related,Traffic Signal,Clear,"Dark, artificial",Dry,Non-Fatal Injury,Pedestrian Collisions,D33,119,Wexford/Maryvale (119),"{'type': 'Point', 'coordinates': (-79.309787, 43.742125)}"
4001938263,2014,00:00.0,1700,17,MARKET ST,THE ESPLANADE,44 m North of,4,Toronto and East York,13,51,Mid-Block,Non Intersection,No Control,Clear,Daylight,Dry,Non-Fatal Injury,Pedestrian Collisions,D51,77,Waterfront Communities-The Island (77),"{'type': 'Point', 'coordinates': (-79.371936, 43.648532)}"
141945030,2014,00:00.0,1755,17,DUNDAS ST W,KENSINGTON AVE,NULL,1,Toronto and East York,NULL,14,Intersection,NULL,No Control,Clear,"Daylight, artificial",Dry,Fatal,Pedestrian Collisions,D14,78,Kensington-Chinatown (78),"{'type': 'Point', 'coordinates': (-79.39986, 43.652541)}"
4001952133,2014,00:00.0,1956,19,MAVETY ST,DUNDAS ST W,NULL,1,Toronto and East York,4,11,Intersection,At Intersection,No Control,Clear,"Dusk, artificial",Dry,Non-Fatal Injury,Cyclist Collisions,D11,90,Junction Area (90),"{'type': 'Point', 'coordinates': (-79.46587700000002, 43.665415)}"
4001953344,2014,00:00.0,5,0,DUNDAS ST W,GLADSTONE AVE,NULL,3,Toronto and East York,9,14,Intersection,Non Intersection,No Control,Clear,"Dark, artificial",Dry,Non-Fatal Injury,Cyclist Collisions,D14,84,Little Portugal (84),"{'type': 'Point', 'coordinates': (-79.429813, 43.649573)}"
4001968230,2014,00:00.0,1053,10,FINCH AVE W,DRIFTWOOD AVE,NULL,1,Etobicoke York,7,31,Intersection,At Intersection,Traffic Signal,Clear,Daylight,Dry,Non-Fatal Injury,Pedestrian Collisions,D31,25,Glenfield-Jane Heights (25),"{'type': 'Point', 'coordinates': (-79.513431, 43.758048)}"
4001981966,2014,00:00.0,1447,14,SPADINA AVE,BALDWIN ST,NULL,1,Toronto and East York,11,NULL,Intersection,At Intersection,No Control,Rain,Daylight,Wet,Non-Fatal Injury,Pedestrian Collisions,D52,78,Kensington-Chinatown (78),"{'type': 'Point', 'coordinates': (-79.398898, 43.655112)}"
4001988525,2014,00:00.0,1555,15,BLOOR ST W,MILL RD,NULL,1,Etobicoke York,2,22,Intersection,Intersection Related,Traffic Signal,Clear,Daylight,Dry,Non-Fatal Injury,Turning Movement,D22,12,Markland Wood (12),"{'type': 'Point', 'coordinates': (-79.575145, 43.632022)}"
4001989403,2014,00:00.0,1822,18,STEELES AVE W,HILDA AVE,NULL,1,North York,18,32,Intersection,At Intersection,Traffic Signal,Rain,Daylight,Wet,Non-Fatal Injury,Other,D32,36,Newtonbrook West (36),"{'type': 'Point', 'coordinates': (-79.42922500000002, 43.795935)}"
4001994857,2014,00:00.0,1520,15,ELLESMERE RD,PHARMACY AVE,NULL,1,Scarborough,21,41,Intersection,At Intersection,Traffic Signal,Clear,Daylight,Dry,Non-Fatal Injury,Other,D41,119,Wexford/Maryvale (119),"{'type': 'Point', 'coordinates': (-79.310191, 43.759013)}"
4001997279,2014,00:00.0,2244,22,WESTON RD,MAINSHEP RD,NULL,1,Etobicoke York,7,31,Intersection,Non Intersection,No Control,Clear,"Dark, artificial",Dry,Non-Fatal Injury,Rear End,D31,23,Pelmo Park-Humberlea (23),"{'type': 'Point', 'coordinates': (-79.537448, 43.731497)}"
4002017268,2014,00:00.0,644,6,WOODBINE AVE,MERRILL AVE E,NULL,1,Toronto and East York,19,55,Intersection,Intersection Related,Stop Sign,Clear,Daylight,Dry,Non-Fatal Injury,Cyclist Collisions,D55,62,East End-Danforth (62),"{'type': 'Point', 'coordinates': (-79.311847, 43.683406)}"
4002018320,2014,00:00.0,1009,10,WOODBINE AVE,KINGSTON RD,NULL,1,Toronto and East York,19,55,Intersection,At Intersection,Traffic Signal,Clear,Daylight,Dry,Non-Fatal Injury,Cyclist Collisions,D55,63,The Beaches (63),"{'type': 'Point', 'coordinates': (-79.307918, 43.673918)}"
142041479,2014,00:00.0,2108,21,RENFORTH DR,ERINGATE DR,NULL,3,Etobicoke York,2,22,Mid-Block,NULL,No Control,Clear,"Dusk, artificial",Dry,Fatal,Turning Movement,D22,11,Eringate-Centennial-West Deane (11),"{'type': 'Point', 'coordinates': (-79.583576, 43.660464)}"
4002043758,2014,00:00.0,954,9,EGLINTON AVE E,BRIMLEY RD,NULL,1,Scarborough,NULL,NULL,Intersection,Intersection Related,Traffic Signal,Clear,Daylight,Dry,Non-Fatal Injury,Angle,D41,138,Eglinton East (138),"{'type': 'Point', 'coordinates': (-79.248081, 43.736685)}"
142049204,2014,00:00.0,233,2,DUNDAS ST W,AUGUSTA AVE,NULL,1,Toronto and East York,NULL,14,Intersection,NULL,No Control,Clear,"Dark, artificial",Dry,Fatal,Pedestrian Collisions,D14,78,Kensington-Chinatown (78),"{'type': 'Point', 'coordinates': (-79.401134, 43.652262)}"
4002053519,2014,00:00.0,1910,19,LAKE SHORE BLVD W,BROOKERS LANE,132 m West of,1,Etobicoke York,3,22,Mid-Block,Non Intersection,No Control,Clear,Daylight,Dry,Non-Fatal Injury,Sideswipe,D22,17,Mimico (17),"{'type': 'Point', 'coordinates': (-79.479442, 43.626296)}"
4002056901,2014,00:00.0,1033,10,DUFFERIN ST,BRIDGELAND AVE,NULL,1,North York,8,32,Intersection,Intersection Related,Traffic Signal,Clear,Daylight,Dry,Non-Fatal Injury,Pedestrian Collisions,D32,31,Yorkdale-Glen Park (31),"{'type': 'Point', 'coordinates': (-79.457614, 43.726924)}"
4002062071,2014,00:00.0,740,7,DUNDAS ST E,LESLIE ST,NULL,3,Toronto and East York,14,55,Intersection,At Intersection,Traffic Signal,Clear,Daylight,Dry,Non-Fatal Injury,Cyclist Collisions,D55,70,South Riverdale (70),"{'type': 'Point', 'coordinates': (-79.331714, 43.666724)}"
4002067851,2014,00:00.0,2330,23,KEELER BLVD,TWEEDROCK CRES,NULL,2,Scarborough,24,43,Intersection,At Intersection,No Control,Rain,Dark,Wet,Non-Fatal Injury,Pedestrian Collisions,D43,135,Morningside (135),"{'type': 'Point', 'coordinates': (-79.206989, 43.792792)}"
4002082136,2014,00:00.0,737,7,FINCH AVE W,WILMINGTON AVE,NULL,1,North York,6,32,Intersection,At Intersection,Traffic Signal,Clear,Daylight,Dry,Non-Fatal Injury,Turning Movement,D32,34,Bathurst Manor (34),"{'type': 'Point', 'coordinates': (-79.460681, 43.770182)}"
4002084310,2014,00:00.0,1908,19,BLOOR ST W,DUNDAS ST W,NULL,1,Toronto and East York,4,11,Intersection,At Intersection,Traffic Signal,Rain,Dusk,Wet,Non-Fatal Injury,Pedestrian Collisions,D11,86,Roncesvalles (86),"{'type': 'Point', 'coordinates': (-79.452441, 43.65631)}"
4002098742,2014,00:00.0,1729,17,YONGE ST,QUEEN ST,NULL,1,Toronto and East York,13,NULL,Mid-Block,Non Intersection,No Control,Clear,Daylight,Dry,Non-Fatal Injury,Pedestrian Collisions,D51,75,Church-Yonge Corridor (75),"{'type': 'Point', 'coordinates': (-79.379573, 43.653201)}"
6000983076,2016,00:00.0,1435,14,KENNEDY RD,EGLINTON AVE E,NULL,1,Scarborough,NULL,41,Intersection,At Intersection,Traffic Signal,Clear,Daylight,Dry,Fatal,Turning Movement,D41,124,Kennedy Park (124),"{'type': 'Point', 'coordinates': (-79.267925, 43.732192)}"
4002458189,2014,00:00.0,2028,20,DON MILLS RD,OVERLEA BLVD,17 m West of,1,North York,NULL,54,Intersection,Non Intersection,Traffic Signal,Clear,Daylight,Dry,Non-Fatal Injury,Angle,D54,44,Flemingdon Park (44),"{'type': 'Point', 'coordinates': (-79.334384, 43.709986)}"
141649049,2014,00:00.0,735,7,PRINCE EDWARD DR N,SHAND AVE,NULL,2,Etobicoke York,3,22,Intersection,NULL,No Control,Snow,Daylight,Slush,Fatal,SMV Other,D22,15,Kingsway South (15),"{'type': 'Point', 'coordinates': (-79.509113, 43.65729)}"
4001652316,2014,00:00.0,1730,17,BLOOR ST W,DURIE ST,NULL,1,Toronto and East York,4,11,Intersection,At Intersection,Traffic Signal,Clear,Daylight,Dry,Non-Fatal Injury,Pedestrian Collisions,D11,87,High Park-Swansea (87),"{'type': 'Point', 'coordinates': (-79.479076, 43.650492)}"
4002467400,2014,00:00.0,759,7,1140 LESLIE ST,NULL,NULL,1,North York,NULL,33,Mid-Block,Non Intersection,No Control,Clear,Daylight,Dry,Non-Fatal Injury,Rear End,D33,42,Banbury-Don Mills (42),"{'type': 'Point', 'coordinates': (-79.349811, 43.726092)}"
4002469048,2014,00:00.0,1235,12,HIGHWAY 27  N,ROYALCREST RD,NULL,1,Etobicoke York,1,23,Intersection,At Intersection,Traffic Signal,Clear,Daylight,Dry,Non-Fatal Injury,SMV Other,D23,1,West Humber-Clairville (1),"{'type': 'Point', 'coordinates': (-79.610454, 43.749705)}"
142471584,2014,00:00.0,1909,19,BLOOR ST W,DUNDAS ST W,NULL,3,Toronto and East York,4,11,Mid-Block,NULL,No Control,Clear,Daylight,Dry,Fatal,Pedestrian Collisions,D11,88,High Park North (88),"{'type': 'Point', 'coordinates': (-79.452602, 43.656863)}"
4002478309,2014,00:00.0,1918,19,VICTORIA PARK AVE,GLENCREST BLVD,NULL,1,Toronto and East York,NULL,NULL,Intersection,At Intersection,No Control,Clear,Daylight,Dry,Non-Fatal Injury,Cyclist Collisions,D41,120,Clairlea-Birchmount (120),"{'type': 'Point', 'coordinates': (-79.29568, 43.708121)}"
4002482864,2014,00:00.0,1409,14,WARDEN AVE,TOWER DR,NULL,1,Scarborough,21,41,Intersection,At Intersection,Traffic Signal,Clear,Daylight,Dry,Non-Fatal Injury,Pedestrian Collisions,D41,119,Wexford/Maryvale (119),"{'type': 'Point', 'coordinates': (-79.298351, 43.754336)}"
4002492921,2014,00:00.0,450,4,DIXON RD,CELESTINE DR,NULL,1,Etobicoke York,NULL,23,Intersection,At Intersection,Traffic Signal,Clear,"Dark, artificial",Dry,Non-Fatal Injury,SMV Other,D23,7,Willowridge-Martingrove-Richview (7),"{'type': 'Point', 'coordinates': (-79.562503, 43.693392)}"
4002496005,2014,00:00.0,1453,14,KEELE ST,WHITBURN CRES,NULL,1,North York,6,31,Intersection,Intersection Related,Traffic Signal,Clear,Daylight,Dry,Non-Fatal Injury,Rear End,D31,26,Downsview-Roding-CFB (26),"{'type': 'Point', 'coordinates': (-79.484546, 43.736933)}"
4002496866,2014,00:00.0,1716,17,YONGE ST,ELLERSLIE AVE,NULL,1,North York,18,32,Intersection,At Intersection,No Control,Clear,Daylight,Dry,Non-Fatal Injury,Turning Movement,D32,51,Willowdale East (51),"{'type': 'Point', 'coordinates': (-79.413562, 43.771983)}"
142510103,2014,00:00.0,1615,16,MCRAE DR,MILLWOOD RD,NULL,2,North York,15,53,Intersection,At Intersection,Traffic Signal,Clear,Daylight,Dry,Fatal,Pedestrian Collisions,D53,56,Leaside-Bennington (56),"{'type': 'Point', 'coordinates': (-79.368121, 43.704775)}"
4002628533,2014,00:00.0,1330,13,BURNHAMTHORPE RD,MILL RD,NULL,1,Etobicoke York,2,22,Intersection,Intersection Related,Traffic Signal,Clear,Daylight,Dry,Non-Fatal Injury,Turning Movement,D22,12,Markland Wood (12),"{'type': 'Point', 'coordinates': (-79.584354, 43.639193)}"
4002525835,2014,00:00.0,2240,22,GERRARD ST E,PEMBROKE ST,NULL,3,Toronto and East York,13,51,Intersection,At Intersection,No Control,Clear,Dark,Dry,Non-Fatal Injury,Cyclist Collisions,D51,73,Moss Park (73),"{'type': 'Point', 'coordinates': (-79.373523, 43.660868)}"
4002524694,2014,00:00.0,2340,23,3900 JANE ST,NULL,NULL,1,Etobicoke York,7,31,Mid-Block,At/Near Private Drive,No Control,Clear,Daylight,Dry,Non-Fatal Injury,Cyclist Collisions,D31,25,Glenfield-Jane Heights (25),"{'type': 'Point', 'coordinates': (-79.51756600000002, 43.756663)}"
4002543282,2014,00:00.0,1745,17,DUFFERIN ST,CLOVERLAWN AVE,NULL,1,Toronto and East York,9,13,Intersection,At Intersection,Stop Sign,Clear,Daylight,Dry,Non-Fatal Injury,Turning Movement,D13,92,Corso Italia-Davenport (92),"{'type': 'Point', 'coordinates': (-79.444362, 43.681208)}"
4002555153,2014,00:00.0,1135,11,50 CUMBERLAND ST,NULL,NULL,2,Toronto and East York,11,53,Mid-Block,Non Intersection,No Control,Clear,Daylight,Dry,Non-Fatal Injury,Pedestrian Collisions,D53,95,Annex (95),"{'type': 'Point', 'coordinates': (-79.388912, 43.670752)}"
4002581656,2014,00:00.0,1120,11,GUILDWOOD PKWY,ROWATSON RD,NULL,3,Scarborough,24,43,Intersection,At/Near Private Drive,No Control,Clear,Daylight,Dry,Non-Fatal Injury,Turning Movement,D43,140,Guildwood (140),"{'type': 'Point', 'coordinates': (-79.201221, 43.747069)}"
142586405,2014,00:00.0,553,5,HUMBERLINE DR,FINCH AVE W,NULL,1,Etobicoke York,1,23,Intersection,At Intersection,Traffic Signal,Rain,"Dawn, artificial",Wet,Fatal,Pedestrian Collisions,D23,1,West Humber-Clairville (1),"{'type': 'Point', 'coordinates': (-79.617862, 43.73503)}"
142588079,2014,00:00.0,1200,12,DUDLEY AVE,FINCH AVE E,NULL,1,North York,18,32,Intersection,NULL,Stop Sign,Clear,Daylight,Dry,Fatal,Turning Movement,D32,51,Willowdale East (51),"{'type': 'Point', 'coordinates': (-79.409702, 43.781047)}"
4002589073,2014,00:00.0,1501,15,BATHURST ST,SOUTHBOURNE AVE,NULL,1,North York,6,32,Intersection,Non Intersection,No Control,Clear,Daylight,Dry,Non-Fatal Injury,Pedestrian Collisions,D32,38,Lansing-Westgate (38),"{'type': 'Point', 'coordinates': (-79.434238, 43.738406)}"
4002596710,2014,00:00.0,1630,16,DUNDAS ST E,BROADVIEW AVE,NULL,1,Toronto and East York,14,55,Intersection,At Intersection,Traffic Signal,Clear,Daylight,Dry,Non-Fatal Injury,Cyclist Collisions,D55,70,South Riverdale (70),"{'type': 'Point', 'coordinates': (-79.35136, 43.662455)}"
4002604819,2014,00:00.0,2312,23,EGLINTON AVE E,BANFF RD,NULL,1,North York,15,53,Intersection,Intersection Related,Traffic Signal,Clear,"Dark, artificial",Dry,Non-Fatal Injury,Cyclist Collisions,D53,99,Mount Pleasant East (99),"{'type': 'Point', 'coordinates': (-79.382236, 43.710009)}"
4002612585,2014,00:00.0,253,2,F G GARDINER XY  E,ISLINGTON AVE,280 m East of,NULL,Etobicoke York,3,22,Mid-Block,Non Intersection,No Control,Clear,"Dark, artificial",Dry,Non-Fatal Injury,SMV Other,D22,17,Mimico (17),"{'type': 'Point', 'coordinates': (-79.509891, 43.620928)}"
4002616805,2014,00:00.0,1722,17,SHEPPARD AVE E,NEILSON RD,NULL,1,Scarborough,NULL,42,Intersection,Intersection Related,Traffic Signal,Clear,Daylight,Dry,Fatal,Cyclist Collisions,D42,132,Malvern (132),"{'type': 'Point', 'coordinates': (-79.21767, 43.798106)}"
4002616859,2014,00:00.0,1730,17,WESTLAKE AVE,WESTBROOK AVE,NULL,4,Toronto and East York,19,54,Intersection,At Intersection,Stop Sign,Clear,Daylight,Dry,Non-Fatal Injury,Cyclist Collisions,D54,60,Woodbine-Lumsden (60),"{'type': 'Point', 'coordinates': (-79.307636, 43.693019)}"
4002621781,2014,00:00.0,1240,12,ST CLAIR AVE W,WINONA DR,NULL,1,Toronto and East York,NULL,13,Intersection,Intersection Related,Traffic Signal,Clear,Daylight,Dry,Non-Fatal Injury,Cyclist Collisions,D13,94,Wychwood (94),"{'type': 'Point', 'coordinates': (-79.43246, 43.680205)}"
4002625418,2014,00:00.0,2319,23,SHEPPARD  AVE E,ROBERT WOODHEAD CRES,NULL,1,North York,6,31,Mid-Block,Non Intersection,No Control,Clear,"Dark, artificial",Dry,Non-Fatal Injury,Pedestrian Collisions,D31,26,Downsview-Roding-CFB (26),"{'type': 'Point', 'coordinates': (-79.48295100000001, 43.746352)}"
4002642659,2014,00:00.0,1932,19,SEWELLS RD,BRENYON WAY,NULL,3,Scarborough,25,42,Intersection,Intersection Related,Traffic Signal,Clear,Daylight,Dry,Non-Fatal Injury,Pedestrian Collisions,D42,132,Malvern (132),"{'type': 'Point', 'coordinates': (-79.215602, 43.80778)}"
4002647882,2014,00:00.0,1515,15,ALNESS ST,DOLOMITE DR,NULL,3,North York,6,32,Intersection,Intersection Related,Stop Sign,Clear,Daylight,Dry,Non-Fatal Injury,Turning Movement,D32,27,York University Heights (27),"{'type': 'Point', 'coordinates': (-79.475604, 43.779563)}"
4002650961,2014,00:00.0,100,1,REXDALE BLVD,HIGHWAY 27  N,17 m West of,1,Etobicoke York,1,23,Intersection,Non Intersection,Traffic Signal,Clear,"Dusk, artificial",Dry,Non-Fatal Injury,SMV Other,D23,1,West Humber-Clairville (1),"{'type': 'Point', 'coordinates': (-79.595607, 43.717257)}"
142655086,2014,00:00.0,1618,16,5800 YONGE ST,NULL,NULL,1,North York,18,32,Intersection,At Intersection,Traffic Signal,Clear,Daylight,Dry,Fatal,Pedestrian Collisions,D32,50,Newtonbrook East (50),"{'type': 'Point', 'coordinates': (-79.416683, 43.78438100000001)}"
4002656548,2014,00:00.0,2022,20,LAKE SHORE BLVD E,LOWER SHERBOURNE ST,NULL,1,Toronto and East York,10,51,Intersection,At Intersection,Traffic Signal,Clear,Dark,Dry,Non-Fatal Injury,Sideswipe,D51,77,Waterfront Communities-The Island (77),"{'type': 'Point', 'coordinates': (-79.366123, 43.64643)}"
4008010238,2014,00:00.0,650,6,DON VALLEY PARKWAY  S,LAWRENCE AVE E,NULL,NULL,North York,16,33,Mid-Block,Non Intersection,No Control,Clear,Daylight,Dry,Non-Fatal Injury,Rear End,D33,42,Banbury-Don Mills (42),"{'type': 'Point', 'coordinates': (-79.33224, 43.740267)}"
4001655411,2014,00:00.0,825,8,STEELES AVE E,PHARMACY AVE,NULL,1,Scarborough,22,42,Intersection,At Intersection,Traffic Signal,Clear,Daylight,Dry,Non-Fatal Injury,Pedestrian Collisions,D42,116,Steeles (116),"{'type': 'Point', 'coordinates': (-79.336452, 43.816847)}"
4001659738,2014,00:00.0,2053,20,LOWER JARVIS ST,LAKE SHORE BLVD E,NULL,1,Toronto and East York,10,51,Intersection,At Intersection,Traffic Signal,Clear,"Dark, artificial",Dry,Non-Fatal Injury,Pedestrian Collisions,D51,77,Waterfront Communities-The Island (77),"{'type': 'Point', 'coordinates': (-79.369815, 43.64556)}"
4001680945,2014,00:00.0,30,0,QUEEN ST W,SPADINA AVE,NULL,1,Toronto and East York,10,NULL,Intersection,At Intersection,Traffic Signal,Clear,"Dark, artificial",Dry,Non-Fatal Injury,Pedestrian Collisions,D52,77,Waterfront Communities-The Island (77),"{'type': 'Point', 'coordinates': (-79.396373, 43.648753)}"
4001678969,2014,00:00.0,335,3,7001 STEELES AVE W,NULL,NULL,1,Etobicoke York,1,23,Mid-Block,Non Intersection,No Control,Clear,Dark,Dry,Non-Fatal Injury,SMV Other,D23,1,West Humber-Clairville (1),"{'type': 'Point', 'coordinates': (-79.634021, 43.751216)}"
4001694942,2014,00:00.0,1755,17,QUEEN ST E,SHERBOURNE ST,NULL,1,Toronto and East York,13,51,Intersection,Intersection Related,Traffic Signal,Clear,Daylight,Dry,Non-Fatal Injury,Pedestrian Collisions,D51,73,Moss Park (73),"{'type': 'Point', 'coordinates': (-79.369464, 43.654513)}"
4001700272,2014,00:00.0,1545,15,YORK ST,YORK ST GARDINER W  RAMP,NULL,1,Toronto and East York,10,52,Intersection,At Intersection,Traffic Signal,Clear,Daylight,Dry,Non-Fatal Injury,Pedestrian Collisions,D52,77,Waterfront Communities-The Island (77),"{'type': 'Point', 'coordinates': (-79.380862, 43.641421)}"
4001701923,2014,00:00.0,2041,20,DANFORTH RD,TRUDELLE ST,NULL,1,Scarborough,21,43,Intersection,Intersection Related,Traffic Signal,Clear,"Dark, artificial",Dry,Non-Fatal Injury,Pedestrian Collisions,D43,138,Eglinton East (138),"{'type': 'Point', 'coordinates': (-79.245532, 43.739905)}"
4001715026,2014,00:00.0,700,7,711 KENNEDY RD,NULL,NULL,1,Scarborough,20,41,Mid-Block,Non Intersection,No Control,Clear,Dark,Dry,Non-Fatal Injury,Pedestrian Collisions,D41,124,Kennedy Park (124),"{'type': 'Point', 'coordinates': (-79.266422, 43.728591)}"
4001727505,2014,00:00.0,615,6,DON VALLEY PARKWAY  S,GERRARD ST E,NULL,3,Toronto and East York,14,55,Mid-Block,Non Intersection,No Control,Clear,Dark,Dry,Non-Fatal Injury,Pedestrian Collisions,D55,70,South Riverdale (70),"{'type': 'Point', 'coordinates': (-79.355953, 43.66459100000001)}"
4003267619,2014,00:00.0,559,5,KIPLING AVE,WESTHUMBER BLVD,NULL,1,Etobicoke York,1,23,Intersection,At Intersection,Traffic Signal,Clear,"Dark, artificial",Dry,Fatal,Angle,D23,4,Rexdale-Kipling (4),"{'type': 'Point', 'coordinates': (-79.574641, 43.728129)}"
4001729186,2014,00:00.0,615,6,DON VALLEY PARKWAY  S,GERRARD ST E,NULL,3,Toronto and East York,14,55,Mid-Block,Non Intersection,No Control,Clear,Dark,Dry,Non-Fatal Injury,Pedestrian Collisions,D55,70,South Riverdale (70),"{'type': 'Point', 'coordinates': (-79.355869, 43.664336)}"
4001738828,2014,00:00.0,126,1,321 SCARBOROUGH GOLF CLUB RD,NULL,NULL,3,Scarborough,24,43,Mid-Block,Non Intersection,No Control,Clear,"Dark, artificial",Loose Sand or Gravel,Non-Fatal Injury,SMV Other,D43,137,Woburn (137),"{'type': 'Point', 'coordinates': (-79.212047, 43.752612)}"
4001748870,2014,00:00.0,1750,17,PATON RD,LANSDOWNE AVE,NULL,3,Toronto and East York,9,11,Intersection,Intersection Related,Stop Sign,Clear,Daylight,Dry,Non-Fatal Injury,Pedestrian Collisions,D11,93,Dovercourt-Wallace Emerson-Junction (93),"{'type': 'Point', 'coordinates': (-79.443607, 43.660632)}"
4001752528,2014,00:00.0,1059,10,BATHURST  ST,HOTSPUR RD,NULL,1,North York,8,32,Intersection,At Intersection,No Control,Clear,Daylight,Dry,Non-Fatal Injury,Turning Movement,D32,39,Bedford Park-Nortown (39),"{'type': 'Point', 'coordinates': (-79.433002, 43.73317200000001)}"