ACCNUM,YEAR,DATE,TIME,HOUR,STREET1,STREET2,OFFSET,ROAD_CLASS,DISTRICT,WARDNUM,DIVISION,LOCCOORD,ACCLOC,TRAFFCTL,VISIBILITY,LIGHT,RDSFCOND,ACCLASS,IMPACTYPE,POLICE_DIVISION,HOOD_ID,NEIGHBOURHOOD,geometry
4001769884,2014,00:00.0,955,9,FRONT ST E,SCOTT ST,NULL,3,Toronto and East York,13,51,Intersection,Intersection Related,Stop Sign,Clear,Daylight,Dry,Non-Fatal Injury,Pedestrian Collisions,D51,77,Waterfront Communities-The Island (77),"{'type': 'Point', 'coordinates': (-79.375766, 43.647444)}"
4001774208,2014,00:00.0,2303,23,SHEPPARD AVE E,OLD LESLIE ST,NULL,1,North York,17,33,Mid-Block,Non Intersection,No Control,Clear,"Dark, artificial",Dry,Non-Fatal Injury,SMV Other,D33,52,Bayview Village (52),"{'type': 'Point', 'coordinates': (-79.367473, 43.771174)}"
4001784791,2014,00:00.0,1644,16,QUEEN ST W,BATHURST ST,NULL,1,Toronto and East York,10,14,Mid-Block,Non Intersection,No Control,Clear,Daylight,Dry,Non-Fatal Injury,Pedestrian Collisions,D14,77,Waterfront Communities-The Island (77),"{'type': 'Point', 'coordinates': (-79.40282, 43.64741)}"
4001787575,2014,00:00.0,236,2,455 MILNER AVE,NULL,NULL,3,Scarborough,23,42,Mid-Block,Non Intersection,No Control,Clear,"Dark, artificial",Dry,Non-Fatal Injury,SMV Other,D42,132,Malvern (132),"{'type': 'Point', 'coordinates': (-79.228359, 43.791693)}"
4001787637,2014,00:00.0,247,2,BLOOR ST W,SPADINA AVE,NULL,1,Toronto and East York,11,NULL,Intersection,At Intersection,Traffic Signal,Clear,"Dark, artificial",Dry,Non-Fatal Injury,Pedestrian Collisions,D14,79,University (79),"{'type': 'Point', 'coordinates': (-79.403857, 43.66664)}"
4001802886,2014,00:00.0,1715,17,AVENUE RD,FAIRLAWN AVE,NULL,1,North York,8,32,Intersection,At Intersection,Traffic Signal,Clear,Daylight,Dry,Non-Fatal Injury,Pedestrian Collisions,D32,39,Bedford Park-Nortown (39),"{'type': 'Point', 'coordinates': (-79.417903, 43.727889000000005)}"
4001819203,2014,00:00.0,930,9,1505 WILSON AVE,NULL,NULL,1,North York,6,31,Mid-Block,Non Intersection,No Control,Clear,Daylight,Dry,Non-Fatal Injury,Pedestrian Collisions,D31,26,Downsview-Roding-CFB (26),"{'type': 'Point', 'coordinates': (-79.505595, 43.721377)}"
4001829726,2014,00:00.0,2225,22,DON MILLS RD,BARBER GREENE RD,NULL,1,North York,16,33,Intersection,Intersection Related,Traffic Signal,Rain,Dark,Wet,Non-Fatal Injury,Pedestrian Collisions,D33,42,Banbury-Don Mills (42),"{'type': 'Point', 'coordinates': (-79.340846, 43.727645)}"
4001839598,2014,00:00.0,1555,15,ROYAL YORK RD,KINGSGROVE BLVD,NULL,3,Etobicoke York,3,22,Intersection,At Intersection,Stop Sign,Clear,Daylight,Dry,Non-Fatal Injury,Turning Movement,D22,15,Kingsway South (15),"{'type': 'Point', 'coordinates': (-79.514026, 43.65351)}"
4001839979,2014,00:00.0,1725,17,YONGE ST,PLEASANT BLVD,NULL,1,Toronto and East York,12,53,Intersection,At Intersection,No Control,Clear,Daylight,Dry,Non-Fatal Injury,Pedestrian Collisions,D53,98,Rosedale-Moore Park (98),"{'type': 'Point', 'coordinates': (-79.393695, 43.687121000000005)}"
4001840034,2014,00:00.0,1730,17,DUNDAS ST W,MABELLE AVE,NULL,1,Etobicoke York,3,22,Intersection,At Intersection,Traffic Signal,Clear,Daylight,Dry,Non-Fatal Injury,Pedestrian Collisions,D22,14,Islington-City Centre West (14),"{'type': 'Point', 'coordinates': (-79.530544, 43.646765)}"
4001840724,2014,00:00.0,2002,20,BAYVIEW AVE,PARKHURST BLVD,NULL,1,North York,15,53,Intersection,At Intersection,Pedestrian Crossover,Clear,"Dark, artificial",Dry,Non-Fatal Injury,Pedestrian Collisions,D53,56,Leaside-Bennington (56),"{'type': 'Point', 'coordinates': (-79.376323, 43.708693)}"
4001851906,2014,00:00.0,1550,15,DANFORTH RD,LINDEN AVE,NULL,1,Scarborough,20,41,Intersection,At Intersection,No Control,Clear,Daylight,Dry,Non-Fatal Injury,Pedestrian Collisions,D41,124,Kennedy Park (124),"{'type': 'Point', 'coordinates': (-79.257076, 43.720854)}"
4001910374,2014,00:00.0,1955,19,HARBORD ST,SPADINA AVE,25 m East of,1,Toronto and East York,11,NULL,Intersection,Non Intersection,No Control,Other,Daylight,Dry,Non-Fatal Injury,Cyclist Collisions,D52,79,University (79),"{'type': 'Point', 'coordinates': (-79.402095, 43.663043)}"
4001856099,2014,00:00.0,1005,10,STEELES AVE W,TORRESDALE AVE,NULL,1,North York,6,32,Intersection,At Intersection,Traffic Signal,Clear,Daylight,Dry,Non-Fatal Injury,Turning Movement,D32,35,Westminster-Branson (35),"{'type': 'Point', 'coordinates': (-79.453021, 43.790801)}"
5001176666,2015,00:00.0,2354,23,LAKE SHORE BLVD W,ONTARIO DR,73 m West of,1,Toronto and East York,10,14,Intersection,Intersection Related,Traffic Signal,Clear,"Dark, artificial",Dry,Non-Fatal Injury,SMV Other,D14,82,Niagara (82),"{'type': 'Point', 'coordinates': (-79.419772, 43.630416)}"
4003142204,2014,00:00.0,1803,18,BAY ST,QUEEN ST W,NULL,1,Toronto and East York,NULL,52,Intersection,At Intersection,Traffic Signal,Rain,Dusk,Wet,Non-Fatal Injury,Cyclist Collisions,D52,76,Bay Street Corridor (76),"{'type': 'Point', 'coordinates': (-79.381709, 43.651881)}"
5001126666,2015,00:00.0,1340,13,FINCH AVE E,GORDON BAKER RD,10 m West of,1,North York,17,33,Intersection,At Intersection,Traffic Signal,Clear,Daylight,Dry,Non-Fatal Injury,Pedestrian Collisions,D33,46,Pleasant View (46),"{'type': 'Point', 'coordinates': (-79.341258, 43.795134)}"
4002857314,2014,00:00.0,1758,17,DANFORTH AVE,WOODINGTON AVE,NULL,1,Toronto and East York,19,NULL,Intersection,At Intersection,Traffic Signal,Clear,Daylight,Dry,Non-Fatal Injury,Pedestrian Collisions,D55,64,Woodbine Corridor (64),"{'type': 'Point', 'coordinates': (-79.320888, 43.683928)}"
5001383996,2015,00:00.0,1524,15,WILSON AVE,KELVIN AVE,NULL,1,Etobicoke York,7,31,Intersection,At Intersection,Stop Sign,Clear,Daylight,Dry,Non-Fatal Injury,Cyclist Collisions,D31,23,Pelmo Park-Humberlea (23),"{'type': 'Point', 'coordinates': (-79.531894, 43.715689)}"
5001648951,2015,00:00.0,110,1,LAKE SHORE BLVD W,ROYAL YORK RD,40 m West of,1,Etobicoke York,3,22,Mid-Block,Non Intersection,No Control,Clear,"Dark, artificial",Dry,Non-Fatal Injury,SMV Other,D22,17,Mimico (17),"{'type': 'Point', 'coordinates': (-79.493755, 43.603362)}"
5001136090,2015,00:00.0,8,0,KIPLING AVE,JUTLAND RD,NULL,1,Etobicoke York,3,22,Intersection,Intersection Related,No Control,Clear,"Dark, artificial",Dry,Fatal,Turning Movement,D22,14,Islington-City Centre West (14),"{'type': 'Point', 'coordinates': (-79.528835, 43.62629200000001)}"
5001160138,2015,00:00.0,1407,14,BAYVIEW AVE,WYCLIFFE CRES,26 m South of,1,North York,NULL,NULL,Intersection,Non Intersection,No Control,Clear,Daylight,Dry,Non-Fatal Injury,Rear End,D33,52,Bayview Village (52),"{'type': 'Point', 'coordinates': (-79.389972, 43.775233)}"
5001168527,2015,00:00.0,1850,18,EGLINTON AVE W,ROYAL YORK RD,NULL,1,Etobicoke York,2,NULL,Intersection,At Intersection,Traffic Signal,Clear,Daylight,Dry,Non-Fatal Injury,Turning Movement,D22,9,Edenbridge-Humber Valley (9),"{'type': 'Point', 'coordinates': (-79.526561, 43.68226500000001)}"
5001169933,2015,00:00.0,2325,23,KIPLING AVE,BEACONHILL RD,30 m South of,1,Etobicoke York,1,23,Intersection,Non Intersection,Traffic Signal,Clear,Dark,Dry,Non-Fatal Injury,Rear End,D23,2,Mount Olive-Silverstone-Jamestown (2),"{'type': 'Point', 'coordinates': (-79.587085, 43.753611)}"
5001196464,2015,00:00.0,2137,21,BUCKINGHAM AVE,DINNICK CRES,NULL,4,North York,15,53,Intersection,NULL,Stop Sign,Other,"Dark, artificial",Other,Fatal,Pedestrian Collisions,D53,103,Lawrence Park South (103),"{'type': 'Point', 'coordinates': (-79.39442, 43.725703)}"
5001197879,2015,00:00.0,429,4,1500 EGLINTON AVE W,NULL,NULL,1,North York,NULL,13,Mid-Block,At/Near Private Drive,No Control,Clear,Dark,Dry,Non-Fatal Injury,Pedestrian Collisions,D13,108,Briar Hill-Belgravia (108),"{'type': 'Point', 'coordinates': (-79.440814, 43.697718)}"
5001207270,2015,00:00.0,1253,12,EASTDALE AVE,GOODWOOD PARK CRES,35 m North of,2,Toronto and East York,19,54,Mid-Block,Non Intersection,No Control,Clear,Daylight,Dry,Non-Fatal Injury,Pedestrian Collisions,D54,61,Taylor-Massey (61),"{'type': 'Point', 'coordinates': (-79.300769, 43.694762)}"
5001212779,2015,00:00.0,827,8,SPADINA RD,DUPONT ST,NULL,1,Toronto and East York,11,NULL,Intersection,Intersection Related,Traffic Signal,Clear,Daylight,Wet,Non-Fatal Injury,Cyclist Collisions,D53,95,Annex (95),"{'type': 'Point', 'coordinates': (-79.407108, 43.674845)}"
5001213317,2015,00:00.0,1001,10,BAYVIEW AVE,BAYVIEW MEWS LANE,NULL,1,North York,NULL,NULL,Intersection,Intersection Related,Traffic Signal,Clear,Daylight,Dry,Non-Fatal Injury,Turning Movement,D33,52,Bayview Village (52),"{'type': 'Point', 'coordinates': (-79.388652, 43.76937)}"
5001215897,2015,00:00.0,1714,17,FINCH AVE E,MANORCREST DR,NULL,1,North York,18,32,Intersection,Intersection Related,No Control,Clear,Daylight,Dry,Non-Fatal Injury,Rear End,D32,50,Newtonbrook East (50),"{'type': 'Point', 'coordinates': (-79.394687, 43.784339)}"
5001220959,2015,00:00.0,1211,12,STEELES AVE E,MAXOME AVE,NULL,1,North York,18,32,Intersection,At Intersection,Traffic Signal,Clear,Daylight,Dry,Non-Fatal Injury,Turning Movement,D32,50,Newtonbrook East (50),"{'type': 'Point', 'coordinates': (-79.406238, 43.801047)}"
5001233986,2015,00:00.0,1015,10,THE QUEENSWAY,SOUTH KINGSWAY,167 m East of,1,Toronto and East York,4,11,Mid-Block,Non Intersection,No Control,Clear,Daylight,Dry,Non-Fatal Injury,Pedestrian Collisions,D11,87,High Park-Swansea (87),"{'type': 'Point', 'coordinates': (-79.472293, 43.636389)}"
5001240894,2015,00:00.0,954,9,LAWRENCE AVE E,MORNINGSIDE AVE,100 m South of,3,Scarborough,25,43,Mid-Block,Non Intersection,No Control,Clear,Daylight,Dry,Non-Fatal Injury,Turning Movement,D43,136,West Hill (136),"{'type': 'Point', 'coordinates': (-79.18523, 43.768603)}"
5001245461,2015,00:00.0,2135,21,VICTORIA ST,RICHMOND ST E,NULL,1,Toronto and East York,13,51,Intersection,At Intersection,Traffic Signal,Clear,"Dark, artificial",Dry,Non-Fatal Injury,Angle,D51,75,Church-Yonge Corridor (75),"{'type': 'Point', 'coordinates': (-79.37775, 43.651946)}"
5000907993,2015,00:00.0,241,2,YONGE ST,SHEPPARD AVE W,NULL,1,North York,18,32,Intersection,At Intersection,Traffic Signal,Rain,"Dark, artificial",Wet,Non-Fatal Injury,Pedestrian Collisions,D32,51,Willowdale East (51),"{'type': 'Point', 'coordinates': (-79.410922, 43.7615)}"
5001258434,2015,00:00.0,2011,20,HUNTINGWOOD DR,BRIDLEWOOD BLVD,NULL,3,Scarborough,22,42,Intersection,At Intersection,No Control,Clear,Daylight,Dry,Non-Fatal Injury,Turning Movement,D42,118,Tam O'Shanter-Sullivan (118),"{'type': 'Point', 'coordinates': (-79.312938, 43.785002)}"
5001332825,2015,00:00.0,1136,11,KEELE STREET,MAPLE LEAF DRIVE,40 m North of,1,Etobicoke York,5,12,Mid-Block,Non Intersection,No Control,Clear,Daylight,Dry,Fatal,Sideswipe,D12,29,Maple Leaf (29),"{'type': 'Point', 'coordinates': (-79.479564, 43.715346)}"
5001261641,2015,00:00.0,1040,10,SPADINA AVE,ST ANDREW ST,5 m North of,1,Toronto and East York,11,NULL,Intersection,Intersection Related,Traffic Signal,Clear,Daylight,Dry,Non-Fatal Injury,Cyclist Collisions,D14,78,Kensington-Chinatown (78),"{'type': 'Point', 'coordinates': (-79.39863900000002, 43.654383)}"
5001263243,2015,00:00.0,1518,15,RENFORTH DR,SILVER DART DR,NULL,1,Etobicoke York,1,23,Intersection,Intersection Related,Traffic Signal,Clear,Daylight,Dry,Non-Fatal Injury,Angle,D23,1,West Humber-Clairville (1),"{'type': 'Point', 'coordinates': (-79.593227, 43.67641700000001)}"
5001265349,2015,00:00.0,2111,21,DIXON RD,KIPLING AVE,12 m East of,1,Etobicoke York,NULL,23,Intersection,At Intersection,Traffic Signal,Clear,"Dusk, artificial",Dry,Non-Fatal Injury,Turning Movement,D23,6,Kingsview Village-The Westway (6),"{'type': 'Point', 'coordinates': (-79.558635, 43.694239)}"
5001276114,2015,00:00.0,1328,13,6486 KINGSTON RD,NULL,15 m West of,3,Scarborough,25,43,Mid-Block,Non Intersection,No Control,Clear,Daylight,Dry,Fatal,Turning Movement,D43,133,Centennial Scarborough (133),"{'type': 'Point', 'coordinates': (-79.155994, 43.792666)}"
5001281908,2015,00:00.0,1115,11,PHARMACY AVE,CORINTHIAN BLVD,NULL,3,Scarborough,22,42,Intersection,Intersection Related,Traffic Signal,Clear,Daylight,Dry,Non-Fatal Injury,Turning Movement,D42,117,L'Amoreaux (117),"{'type': 'Point', 'coordinates': (-79.32355, 43.789473)}"
5001312732,2015,00:00.0,2130,21,63 WALLINGFORD RD,NULL,NULL,4,North York,16,33,Mid-Block,Private Driveway,No Control,Clear,"Dark, artificial",Wet,Non-Fatal Injury,Pedestrian Collisions,D33,45,Parkwoods-Donalda (45),"{'type': 'Point', 'coordinates': (-79.326358, 43.756701)}"
5001313535,2015,00:00.0,31,0,1939 KENNEDY RD,NULL,18 m South of,1,Scarborough,21,41,Mid-Block,Non Intersection,No Control,Clear,Dark,Dry,Non-Fatal Injury,Rear End,D41,126,Dorset Park (126),"{'type': 'Point', 'coordinates': (-79.281932, 43.76861100000001)}"
5001353530,2015,00:00.0,1715,17,SHEPPARD AVE W,JOHN DRURY DR,NULL,1,North York,6,31,Intersection,At Intersection,Traffic Signal,Clear,Daylight,Dry,Non-Fatal Injury,Pedestrian Collisions,D31,26,Downsview-Roding-CFB (26),"{'type': 'Point', 'coordinates': (-79.482768, 43.748278)}"
5001353806,2015,00:00.0,1811,18,OLD SHEPPARD AVE,BRIAN DR,9 m East of,2,North York,17,33,Intersection,Intersection Related,Stop Sign,Clear,Daylight,Dry,Non-Fatal Injury,Cyclist Collisions,D33,46,Pleasant View (46),"{'type': 'Point', 'coordinates': (-79.3325, 43.778842)}"
5001361534,2015,00:00.0,40,0,KIPLING AVE,FINCH AVE W,18 m North of,1,Etobicoke York,1,23,Intersection,At Intersection,Traffic Signal,Clear,"Dark, artificial",Dry,Non-Fatal Injury,Rear End,D23,3,Thistletown-Beaumond Heights (3),"{'type': 'Point', 'coordinates': (-79.582095, 43.743254)}"
5001362618,2015,00:00.0,700,7,FINCH AVE E,BIRCHMOUNT RD,NULL,1,Scarborough,22,42,Intersection,At Intersection,Traffic Signal,Clear,Daylight,Dry,Non-Fatal Injury,Pedestrian Collisions,D42,117,L'Amoreaux (117),"{'type': 'Point', 'coordinates': (-79.30598, 43.79898300000001)}"
5001366372,2015,00:00.0,2110,21,MEADOWVALE RD,SHEPPARD AVE E,35 m North of,2,Scarborough,25,42,Mid-Block,Intersection Related,No Control,Clear,"Dark, artificial",Dry,Fatal,Pedestrian Collisions,D42,131,Rouge (131),"{'type': 'Point', 'coordinates': (-79.171031, 43.808852)}"
5001369619,2015,00:00.0,1130,11,ISLINGTON AVE,THE WESTWAY,NULL,1,Etobicoke York,2,23,Intersection,At Intersection,Traffic Signal,Clear,Daylight,Dry,Non-Fatal Injury,Angle,D23,7,Willowridge-Martingrove-Richview (7),"{'type': 'Point', 'coordinates': (-79.542857, 43.688613)}"
5001375207,2015,00:00.0,920,9,ANNETTE ST,KEELE ST,NULL,1,Toronto and East York,4,11,Intersection,At Intersection,Traffic Signal,Clear,Daylight,Dry,Non-Fatal Injury,Cyclist Collisions,D11,90,Junction Area (90),"{'type': 'Point', 'coordinates': (-79.463794, 43.663642)}"
5001377095,2015,00:00.0,1420,14,71 MCCOOL CRT,NULL,NULL,4,NULL,23,42,Mid-Block,Non Intersection,No Control,Clear,Daylight,Dry,Non-Fatal Injury,SMV Unattended Vehicle,D42,130,Milliken (130),"{'type': 'Point', 'coordinates': (-79.284099, 43.818225)}"
5001378649,2015,00:00.0,1840,18,HAKIMI  AVE,ASHTONBEE RD,97 m South of,4,Scarborough,21,41,Mid-Block,Non Intersection,Stop Sign,Clear,Daylight,Dry,Non-Fatal Injury,Pedestrian Collisions,D41,119,Wexford/Maryvale (119),"{'type': 'Point', 'coordinates': (-79.291698, 43.729033)}"
5000415270,2015,00:00.0,1240,12,3157 BAYVIEW AVE,NULL,10 m South of,1,North York,NULL,NULL,Intersection,Intersection Related,No Control,Clear,Daylight,Dry,Non-Fatal Injury,Rear End,D33,52,Bayview Village (52),"{'type': 'Point', 'coordinates': (-79.391643, 43.782801)}"
5000663068,2015,00:00.0,100,1,KINGSTON RD,COLUMBINE AVE,9 m West of,1,Toronto and East York,19,55,Intersection,Non Intersection,No Control,Rain,Dark,Wet,Non-Fatal Injury,SMV Unattended Vehicle,D55,63,The Beaches (63),"{'type': 'Point', 'coordinates': (-79.310367, 43.671492)}"
4003563376,2014,00:00.0,1809,18,SHEPPARD AVE E,BRIDLEWOOD BLVD,37 m West of,1,Scarborough,22,42,Intersection,Non Intersection,No Control,Clear,"Dark, artificial",Dry,Fatal,Pedestrian Collisions,D42,118,Tam O'Shanter-Sullivan (118),"{'type': 'Point', 'coordinates': (-79.315486, 43.777014)}"
4003374622,2014,00:00.0,1625,16,23 CASTOR CRES,NULL,NULL,4,Scarborough,24,43,Mid-Block,At/Near Private Drive,No Control,Clear,Dusk,Dry,Non-Fatal Injury,Cyclist Collisions,D43,137,Woburn (137),"{'type': 'Point', 'coordinates': (-79.22417800000001, 43.78147)}"
5001379991,2015,00:00.0,2307,23,ST CLAIR AVE W,KEELE ST,NULL,1,Etobicoke York,5,NULL,Intersection,At Intersection,Traffic Signal,Clear,"Dark, artificial",Dry,Non-Fatal Injury,Pedestrian Collisions,D11,90,Junction Area (90),"{'type': 'Point', 'coordinates': (-79.467609, 43.672522)}"
5000666173,2015,00:00.0,1402,14,3 RAINIER SQ,NULL,4 m South of,4,Scarborough,22,42,Intersection,Private Driveway,Stop Sign,Clear,Daylight,Dry,Non-Fatal Injury,SMV Other,D42,117,L'Amoreaux (117),"{'type': 'Point', 'coordinates': (-79.303012, 43.794242)}"
5001649654,2015,00:00.0,636,6,THE QUEENSWAY,GLENDALE AVE,57 m East of,1,Toronto and East York,4,11,Mid-Block,At Intersection,No Control,Clear,"Dark, artificial",Dry,Fatal,Pedestrian Collisions,D11,87,High Park-Swansea (87),"{'type': 'Point', 'coordinates': (-79.450557, 43.639189)}"
4003375177,2014,00:00.0,1808,18,GERRARD ST E,VICTORIA PARK AVE,NULL,3,Scarborough,20,41,Mid-Block,Non Intersection,No Control,Clear,"Dark, artificial",Dry,Non-Fatal Injury,Pedestrian Collisions,D41,122,Birchcliffe-Cliffside (122),"{'type': 'Point', 'coordinates': (-79.28593, 43.686999)}"
4003143526,2014,00:00.0,2229,22,YORK ST,RICHMOND ST W,NULL,1,Toronto and East York,10,52,Intersection,At Intersection,Traffic Signal,Rain,"Dark, artificial",Wet,Non-Fatal Injury,Angle,D52,76,Bay Street Corridor (76),"{'type': 'Point', 'coordinates': (-79.384639, 43.650431)}"
5000415624,2015,00:00.0,1331,13,DON VALLEY PARKWAY  S,YORK MILLS RD,545 m North of,NULL,North York,16,33,Mid-Block,Non Intersection,No Control,Clear,Daylight,Dry,Non-Fatal Injury,Rear End,D33,45,Parkwoods-Donalda (45),"{'type': 'Point', 'coordinates': (-79.336734, 43.761744)}"
5000422593,2015,00:00.0,1515,15,1570 LAWRENCE AVE W,NULL,5 m East of,1,Etobicoke York,5,12,Mid-Block,Non Intersection,No Control,Clear,Daylight,Dry,Non-Fatal Injury,Other,D12,30,Brookhaven-Amesbury (30),"{'type': 'Point', 'coordinates': (-79.487628, 43.706294)}"
5000423922,2015,00:00.0,1930,19,FALMOUTH AVE,EGLINTON AVE E,NULL,1,Scarborough,NULL,41,Intersection,At Intersection,Traffic Signal,Clear,"Dark, artificial",Dry,Non-Fatal Injury,Pedestrian Collisions,D41,124,Kennedy Park (124),"{'type': 'Point', 'coordinates': (-79.253146, 43.735575)}"
4003564717,2014,00:00.0,22,0,KINGSTON RD,LAWSON RD,NULL,3,Scarborough,25,43,Intersection,At Intersection,Traffic Signal,Clear,"Dark, artificial",Dry,Non-Fatal Injury,Pedestrian Collisions,D43,133,Centennial Scarborough (133),"{'type': 'Point', 'coordinates': (-79.168742, 43.784529)}"
5000439931,2015,00:00.0,1445,14,BLOOR ST W,PARKSIDE DR,NULL,1,Toronto and East York,4,11,Intersection,At Intersection,Traffic Signal,Clear,Daylight,Dry,Non-Fatal Injury,Turning Movement,D11,87,High Park-Swansea (87),"{'type': 'Point', 'coordinates': (-79.460033, 43.654696)}"
5000452654,2015,00:00.0,1737,17,BATHURST ST,CARPENTER RD,185 m South of,1,North York,NULL,32,Mid-Block,Non Intersection,No Control,Clear,Daylight,Dry,Non-Fatal Injury,Approaching,D32,36,Newtonbrook West (36),"{'type': 'Point', 'coordinates': (-79.446224, 43.78949600000001)}"
5000456484,2015,00:00.0,1050,10,LAWRENCE AVE W,KEELE ST,98 m West of,1,Etobicoke York,5,12,Mid-Block,Non Intersection,No Control,Clear,Daylight,Dry,Non-Fatal Injury,Pedestrian Collisions,D12,30,Brookhaven-Amesbury (30),"{'type': 'Point', 'coordinates': (-79.479152, 43.708281)}"
5000518760,2015,00:00.0,1645,16,6212 YONGE ST,NULL,NULL,1,North York,18,32,Mid-Block,At/Near Private Drive,No Control,Clear,Daylight,Dry,Fatal,Pedestrian Collisions,D32,50,Newtonbrook East (50),"{'type': 'Point', 'coordinates': (-79.4192, 43.794638)}"
5000466893,2015,00:00.0,58,0,262 TORRENS AVE,NULL,NULL,4,Toronto and East York,14,54,Mid-Block,NULL,No Control,Clear,Dark,Dry,Fatal,Pedestrian Collisions,D54,58,Old East York (58),"{'type': 'Point', 'coordinates': (-79.343501, 43.692526)}"
5000552062,2015,00:00.0,950,9,VICTORIA PARK AVE,COMBERMERE DR,12 m South of,1,North York,NULL,NULL,Intersection,Intersection Related,No Control,Clear,Daylight,Dry,Non-Fatal Injury,Rear End,D41,119,Wexford/Maryvale (119),"{'type': 'Point', 'coordinates': (-79.314578, 43.755992)}"
5000471839,2015,00:00.0,2010,20,ST CLAIR AVE W,ARLINGTON AVE,NULL,1,Toronto and East York,12,13,Intersection,At Intersection,Traffic Signal,Clear,"Dark, artificial",Dry,Fatal,Pedestrian Collisions,D13,94,Wychwood (94),"{'type': 'Point', 'coordinates': (-79.428859, 43.681033)}"
5000471900,2015,00:00.0,2020,20,KING ST W,TYNDALL AVE,NULL,1,Toronto and East York,4,14,Intersection,At Intersection,Stop Sign,Clear,"Dark, artificial",Dry,Non-Fatal Injury,Cyclist Collisions,D14,85,South Parkdale (85),"{'type': 'Point', 'coordinates': (-79.429126, 43.638571)}"
5000486236,2015,00:00.0,1100,11,HOMEWOOD AVENUE,MAITLAND PLACE,NULL,2,Toronto and East York,13,51,Intersection,At Intersection,Stop Sign,Clear,Daylight,Dry,Non-Fatal Injury,Cyclist Collisions,D51,71,Cabbagetown-South St.James Town (71),"{'type': 'Point', 'coordinates': (-79.375522, 43.665728)}"
5000513349,2015,00:00.0,1950,19,EGLINTON AVE E,PHARMACY AVE,NULL,1,Scarborough,NULL,41,Intersection,Non Intersection,No Control,Clear,"Dark, artificial",Dry,Non-Fatal Injury,Other,D41,119,Wexford/Maryvale (119),"{'type': 'Point', 'coordinates': (-79.297504, 43.725642)}"
5000513611,2015,00:00.0,2053,20,EGLINTON AVE E,VICTORIA PARK AVE,3 m West of,1,North York,NULL,NULL,Intersection,Non Intersection,No Control,Clear,"Dark, artificial",Dry,Fatal,Pedestrian Collisions,D41,119,Wexford/Maryvale (119),"{'type': 'Point', 'coordinates': (-79.302638, 43.724711)}"
5000516977,2015,00:00.0,1238,12,JANE ST,MAPLE LEAF DR,50 m South of,1,Etobicoke York,5,12,Mid-Block,Non Intersection,No Control,Clear,Daylight,Dry,Non-Fatal Injury,Sideswipe,D12,28,Rustic (28),"{'type': 'Point', 'coordinates': (-79.505435, 43.708796)}"
5000516992,2015,00:00.0,1240,12,REINER RD,WILSON HEIGHTS BLVD,NULL,3,North York,6,32,Intersection,At Intersection,Traffic Signal,Clear,Daylight,Dry,Fatal,Pedestrian Collisions,D32,33,Clanton Park (33),"{'type': 'Point', 'coordinates': (-79.454883, 43.74869)}"
5000526787,2015,00:00.0,815,8,WARDEN AVE,MCNICOLL AVE,NULL,1,Scarborough,22,42,Mid-Block,Non Intersection,No Control,Clear,Daylight,Wet,Non-Fatal Injury,SMV Other,D42,116,Steeles (116),"{'type': 'Point', 'coordinates': (-79.320712, 43.805693)}"
5000528249,2015,00:00.0,1235,12,70 BEAUMONDE HEIGHTS DR,NULL,2 m North of,4,Etobicoke York,1,23,Mid-Block,Non Intersection,No Control,Clear,Daylight,Dry,Non-Fatal Injury,SMV Other,D23,3,Thistletown-Beaumond Heights (3),"{'type': 'Point', 'coordinates': (-79.569011, 43.743289)}"
5000542079,2015,00:00.0,1615,16,ISLINGTON AVE,AYLESBURY RD,6 m South of,1,Etobicoke York,2,22,Intersection,Intersection Related,No Control,Clear,Daylight,Dry,Non-Fatal Injury,Rear End,D22,9,Edenbridge-Humber Valley (9),"{'type': 'Point', 'coordinates': (-79.532947, 43.666384)}"
5000543987,2015,00:00.0,2308,23,F G GARDINER XY  W,STRACHAN AVE,NULL,NULL,Toronto and East York,10,14,Mid-Block,NULL,No Control,Clear,"Dark, artificial",Dry,Fatal,SMV Other,D14,82,Niagara (82),"{'type': 'Point', 'coordinates': (-79.41212, 43.637427)}"
5000549380,2015,00:00.0,1951,19,DON MILLS RD,LEITH HILL RD,NULL,1,North York,17,33,Intersection,At Intersection,Traffic Signal,Rain,"Dark, artificial",Wet,Non-Fatal Injury,Pedestrian Collisions,D33,47,Don Valley Village (47),"{'type': 'Point', 'coordinates': (-79.347888, 43.777117)}"
5000553836,2015,00:00.0,1626,16,3231 EGLINTON AVE E,NULL,7 m West of,1,Scarborough,24,43,Mid-Block,At/Near Private Drive,No Control,Clear,Daylight,Dry,Non-Fatal Injury,Sideswipe,D43,139,Scarborough Village (139),"{'type': 'Point', 'coordinates': (-79.214069, 43.744261)}"