ACCNUM,YEAR,DATE,TIME,HOUR,STREET1,STREET2,OFFSET,ROAD_CLASS,DISTRICT,WARDNUM,DIVISION,LOCCOORD,ACCLOC,TRAFFCTL,VISIBILITY,LIGHT,RDSFCOND,ACCLASS,IMPACTYPE,POLICE_DIVISION,HOOD_ID,NEIGHBOURHOOD,geometry
5000560313,2015,00:00.0,2010,20,BROADVIEW AVE,GERRARD ST E,31 m North of,3,Toronto and East York,14,55,Mid-Block,Non Intersection,No Control,Rain,"Dark, artificial",Wet,Fatal,Pedestrian Collisions,D55,68,North Riverdale (68),"{'type': 'Point', 'coordinates': (-79.352763, 43.66582)}"
5000560374,2015,00:00.0,2028,20,JANE ST,EAST DR,NULL,1,Etobicoke York,5,12,Intersection,Intersection Related,Traffic Signal,Snow,"Dark, artificial",Wet,Non-Fatal Injury,Pedestrian Collisions,D12,111,Rockcliffe-Smythe (111),"{'type': 'Point', 'coordinates': (-79.49685200000002, 43.678931000000006)}"
5000563919,2015,00:00.0,1433,14,DON VALLEY PARKWAY  S,SPANBRIDGE,185 m South of,NULL,North York,16,54,Mid-Block,Non Intersection,No Control,Clear,Daylight,Dry,Non-Fatal Injury,Sideswipe,D54,44,Flemingdon Park (44),"{'type': 'Point', 'coordinates': (-79.326579, 43.711615)}"
5000573038,2015,00:00.0,944,9,THELMA AVE,SPADINA RD,20 m East of,3,Toronto and East York,12,NULL,Intersection,Intersection Related,Stop Sign,Clear,Daylight,Dry,Non-Fatal Injury,Pedestrian Collisions,D53,101,Forest Hill South (101),"{'type': 'Point', 'coordinates': (-79.412998, 43.689421)}"
5000580621,2015,00:00.0,1427,14,APEX RD,LAWRENCE AVE W,NULL,1,North York,8,NULL,Intersection,At Intersection,Traffic Signal,Rain,Daylight,Wet,Non-Fatal Injury,Pedestrian Collisions,D13,31,Yorkdale-Glen Park (31),"{'type': 'Point', 'coordinates': (-79.458583, 43.713267)}"
5000589583,2015,00:00.0,304,3,KENNEDY RD,EGLINTON AVE E,NULL,1,Scarborough,NULL,41,Intersection,At Intersection,Traffic Signal,Rain,"Dark, artificial",Wet,Non-Fatal Injury,Angle,D41,124,Kennedy Park (124),"{'type': 'Point', 'coordinates': (-79.267925, 43.732192)}"
5000591639,2015,00:00.0,1154,11,DAWES RD,DANFORTH AVE,24 m South of,1,Toronto and East York,19,NULL,Intersection,Non Intersection,No Control,Clear,Daylight,Dry,Non-Fatal Injury,Pedestrian Collisions,D55,62,East End-Danforth (62),"{'type': 'Point', 'coordinates': (-79.296764, 43.689288000000005)}"
5000611703,2015,00:00.0,1734,17,WILSON AVE,WILLIAM CRAGG DR,NULL,1,North York,6,31,Mid-Block,NULL,No Control,Clear,Daylight,Dry,Fatal,Rear End,D31,26,Downsview-Roding-CFB (26),"{'type': 'Point', 'coordinates': (-79.499889, 43.722663)}"
5000613755,2015,00:00.0,115,1,7 INVERLEIGH DR,NULL,NULL,4,Etobicoke York,3,22,Mid-Block,At/Near Private Drive,No Control,Clear,"Dark, artificial",Dry,Non-Fatal Injury,Pedestrian Collisions,D22,16,Stonegate-Queensway (16),"{'type': 'Point', 'coordinates': (-79.495113, 43.625903)}"
5000620916,2015,00:00.0,658,6,FINCH AVE W,ARROW RD,125 m East of,1,Etobicoke York,7,31,Mid-Block,Non Intersection,No Control,Clear,Daylight,Dry,Non-Fatal Injury,Rear End,D31,22,Humbermede (22),"{'type': 'Point', 'coordinates': (-79.534999, 43.753512)}"
5000630061,2015,00:00.0,1540,15,LAKE SHORE BLVD E,LOWER JARVIS ST,NULL,1,Toronto and East York,10,51,Intersection,At Intersection,Traffic Signal,Clear,Daylight,Dry,Non-Fatal Injury,Turning Movement,D51,77,Waterfront Communities-The Island (77),"{'type': 'Point', 'coordinates': (-79.369815, 43.645556)}"
5000643015,2015,00:00.0,1724,17,BYNG AVE,DORIS AVE,NULL,3,North York,18,32,Intersection,Non Intersection,Traffic Signal,Clear,Daylight,Dry,Non-Fatal Injury,Turning Movement,D32,51,Willowdale East (51),"{'type': 'Point', 'coordinates': (-79.413181, 43.776915)}"
5000653521,2015,00:00.0,1405,14,1159 DUNDAS ST E,NULL,6 m West of,3,Toronto and East York,14,55,Mid-Block,Non Intersection,No Control,Clear,Daylight,Dry,Fatal,Pedestrian Collisions,D55,70,South Riverdale (70),"{'type': 'Point', 'coordinates': (-79.34238, 43.664443)}"
5000656009,2015,00:00.0,2123,21,FINCH AVE E,WAYSIDE AVE,10 m East of,1,Scarborough,22,42,Intersection,Intersection Related,Traffic Signal,Clear,"Dark, artificial",Dry,Non-Fatal Injury,Rear End,D42,117,L'Amoreaux (117),"{'type': 'Point', 'coordinates': (-79.29964, 43.800505)}"
5000912141,2015,00:00.0,2104,21,BLOOR ST W,WESTMORELAND AVE,NULL,1,Toronto and East York,9,14,Intersection,NULL,No Control,Rain,Dusk,Wet,Fatal,Pedestrian Collisions,D14,83,Dufferin Grove (83),"{'type': 'Point', 'coordinates': (-79.430408, 43.660933)}"
4002864815,2014,00:00.0,2130,21,YONGE ST,FINCH AVE W,NULL,1,North York,18,32,Intersection,At Intersection,Traffic Signal,Clear,"Dark, artificial",Dry,Non-Fatal Injury,Pedestrian Collisions,D32,51,Willowdale East (51),"{'type': 'Point', 'coordinates': (-79.415561, 43.779761)}"
4002858983,2014,00:00.0,2313,23,2324 SHEPPARD AVE W,NULL,NULL,1,Etobicoke York,7,31,Intersection,Private Driveway,No Control,Clear,"Dark, artificial",Dry,Non-Fatal Injury,SMV Other,D31,23,Pelmo Park-Humberlea (23),"{'type': 'Point', 'coordinates': (-79.5358, 43.734236)}"
5001401225,2015,00:00.0,1047,10,OLD WESTON RD,ROGERS RD,NULL,3,Etobicoke York,NULL,12,Intersection,At Intersection,Traffic Signal,Clear,Daylight,Dry,Non-Fatal Injury,Approaching,D12,110,Keelesdale-Eglinton West (110),"{'type': 'Point', 'coordinates': (-79.46767, 43.681883)}"
5001652684,2015,00:00.0,1520,15,WELLINGTON ST W,YORK ST,3 m East of,3,Toronto and East York,10,52,Intersection,Non Intersection,Traffic Signal,Clear,Daylight,Dry,Non-Fatal Injury,Cyclist Collisions,D52,76,Bay Street Corridor (76),"{'type': 'Point', 'coordinates': (-79.383029, 43.64659)}"
143380193,2014,00:00.0,1420,14,549 COLLEGE ST,NULL,NULL,1,Toronto and East York,11,14,Mid-Block,NULL,No Control,Clear,Daylight,Dry,Fatal,SMV Other,D14,81,Trinity-Bellwoods (81),"{'type': 'Point', 'coordinates': (-79.412013, 43.655574)}"
4003148755,2014,00:00.0,1909,19,BLOOR ST W,PACIFIC AVE,NULL,1,Toronto and East York,4,11,Intersection,At Intersection,No Control,Rain,"Dark, artificial",Wet,Non-Fatal Injury,Pedestrian Collisions,D11,87,High Park-Swansea (87),"{'type': 'Point', 'coordinates': (-79.463695, 43.653887)}"
4003154882,2014,00:00.0,1803,18,PARKINGTON CRES,ELLESMERE RD,NULL,1,Scarborough,24,43,Intersection,At Intersection,Traffic Signal,Clear,Dusk,Dry,Non-Fatal Injury,Pedestrian Collisions,D43,137,Woburn (137),"{'type': 'Point', 'coordinates': (-79.246219, 43.77324500000001)}"
4003149103,2014,00:00.0,2015,20,WILSON AVE,ALLARD AVE,NULL,1,North York,8,32,Intersection,Intersection Related,Stop Sign,Rain,"Dark, artificial",Wet,Non-Fatal Injury,Turning Movement,D32,39,Bedford Park-Nortown (39),"{'type': 'Point', 'coordinates': (-79.429408, 43.737872)}"
4003152521,2014,00:00.0,1145,11,DON VALLEY PARKWAY  S,WYNFORD DR,200 m North of,NULL,North York,16,33,Mid-Block,Non Intersection,No Control,Clear,Daylight,Dry,Non-Fatal Injury,Rear End,D33,42,Banbury-Don Mills (42),"{'type': 'Point', 'coordinates': (-79.330394, 43.728484)}"
4003158007,2014,00:00.0,1229,12,4709 JANE ST,NULL,NULL,1,Etobicoke York,7,31,Intersection,At Intersection,Traffic Signal,Clear,Daylight,Dry,Non-Fatal Injury,Sideswipe,D31,24,Black Creek (24),"{'type': 'Point', 'coordinates': (-79.52086200000001, 43.770903)}"
4003167923,2014,00:00.0,1727,17,220 WOOLNER AVE,NULL,65 m East of,2,Etobicoke York,5,12,Mid-Block,At/Near Private Drive,No Control,Clear,Dusk,Dry,Non-Fatal Injury,Pedestrian Collisions,D12,111,Rockcliffe-Smythe (111),"{'type': 'Point', 'coordinates': (-79.492557, 43.671721)}"
4003174449,2014,00:00.0,1736,17,123 SPADINA AVE,NULL,NULL,1,Toronto and East York,10,NULL,Intersection,Intersection Related,No Control,Clear,Daylight,Dry,Non-Fatal Injury,Sideswipe,D52,77,Waterfront Communities-The Island (77),"{'type': 'Point', 'coordinates': (-79.395778, 43.647292)}"
4003176267,2014,00:00.0,2335,23,LAKE SHORE BLVD E,LOWER JARVIS ST,27 m East of,1,Toronto and East York,10,51,Intersection,At Intersection,Traffic Signal,Clear,"Dark, artificial",Dry,Non-Fatal Injury,Rear End,D51,77,Waterfront Communities-The Island (77),"{'type': 'Point', 'coordinates': (-79.369815, 43.645556)}"
4003213460,2014,00:00.0,1845,18,REXDALE BLVD,HIGHWAY 27  S,NULL,1,Etobicoke York,1,23,Intersection,At Intersection,Traffic Signal,Rain,"Dark, artificial",Wet,Non-Fatal Injury,Cyclist Collisions,D23,1,West Humber-Clairville (1),"{'type': 'Point', 'coordinates': (-79.595607, 43.717257)}"
4003192512,2014,00:00.0,1515,15,VICTORIA PARK AVE,O CONNOR DR,NULL,1,North York,NULL,NULL,Intersection,Intersection Related,Traffic Signal,Other,Daylight,Dry,Fatal,Cyclist Collisions,D41,120,Clairlea-Birchmount (120),"{'type': 'Point', 'coordinates': (-79.302089, 43.723372)}"
4003207779,2014,00:00.0,2111,21,1255 QUEENSWAY AVE,NULL,NULL,1,Etobicoke York,3,22,Mid-Block,Non Intersection,No Control,Clear,"Dark, artificial",Wet,Non-Fatal Injury,Turning Movement,D22,14,Islington-City Centre West (14),"{'type': 'Point', 'coordinates': (-79.525058, 43.621318)}"
4003235849,2014,00:00.0,1015,10,BLOSSOMFIELD DR,DANE AVE,NULL,2,North York,8,32,Intersection,At Intersection,Stop Sign,Clear,"Dark, artificial",Dry,Non-Fatal Injury,Pedestrian Collisions,D32,31,Yorkdale-Glen Park (31),"{'type': 'Point', 'coordinates': (-79.448962, 43.717486)}"
4003224177,2014,00:00.0,1205,12,EGLINGTON AVE,HEDDINGTON AVE,NULL,1,North York,NULL,53,Intersection,At Intersection,Traffic Signal,Clear,Daylight,Dry,Non-Fatal Injury,Pedestrian Collisions,D53,101,Forest Hill South (101),"{'type': 'Point', 'coordinates': (-79.413883, 43.703459)}"
143234908,2014,00:00.0,807,8,ORTON PARK RD,SLAN AVE,NULL,3,Scarborough,24,43,Mid-Block,NULL,No Control,Clear,Daylight,Dry,Fatal,SMV Other,D43,135,Morningside (135),"{'type': 'Point', 'coordinates': (-79.211902, 43.77796800000001)}"
4003249661,2014,00:00.0,1130,11,BICKNELL AVE,WESTBURY CRES,NULL,2,Etobicoke York,5,12,Intersection,Non Intersection,Stop Sign,Clear,Daylight,Dry,Non-Fatal Injury,Pedestrian Collisions,D12,110,Keelesdale-Eglinton West (110),"{'type': 'Point', 'coordinates': (-79.474925, 43.684535)}"
143250160,2014,00:00.0,1254,12,MIDLAND AVE,GILDER DR,NULL,1,Scarborough,21,41,Intersection,At Intersection,Traffic Signal,Clear,Daylight,Dry,Fatal,Pedestrian Collisions,D41,138,Eglinton East (138),"{'type': 'Point', 'coordinates': (-79.258769, 43.736033000000006)}"
4003253640,2014,00:00.0,2300,23,SPADINA AVE,SULLIVAN ST,64 m North of,1,Toronto and East York,10,NULL,Mid-Block,Non Intersection,No Control,Rain,"Dark, artificial",Wet,Non-Fatal Injury,Pedestrian Collisions,D52,78,Kensington-Chinatown (78),"{'type': 'Point', 'coordinates': (-79.397403, 43.651316)}"
4003257164,2014,00:00.0,1247,12,DON MILLS RD,FRESHMEADOW DR,NULL,1,North York,17,33,Mid-Block,Non Intersection,No Control,Clear,Daylight,Dry,Fatal,Pedestrian Collisions,D33,48,Hillcrest Village (48),"{'type': 'Point', 'coordinates': (-79.359485, 43.80937800000001)}"
4003258482,2014,00:00.0,1700,17,BRIMORTON DR,MARKHAM RD,NULL,1,Scarborough,24,43,Intersection,At Intersection,Traffic Signal,Clear,"Daylight, artificial",Dry,Non-Fatal Injury,Pedestrian Collisions,D43,137,Woburn (137),"{'type': 'Point', 'coordinates': (-79.230685, 43.773486)}"
4003269360,2014,00:00.0,1356,13,PHARMACY AVE,INNISDALE DR,NULL,3,Scarborough,21,41,Intersection,Intersection Related,Traffic Signal,Clear,Daylight,Dry,Non-Fatal Injury,Rear End,D41,119,Wexford/Maryvale (119),"{'type': 'Point', 'coordinates': (-79.301227, 43.73486200000001)}"
4003270015,2014,00:00.0,1555,15,AVENUE RD,ST GERMAIN AVE,NULL,1,North York,8,32,Mid-Block,Non Intersection,No Control,Clear,Daylight,Dry,Non-Fatal Injury,SMV Unattended Vehicle,D32,39,Bedford Park-Nortown (39),"{'type': 'Point', 'coordinates': (-79.418041, 43.728297)}"
4003276888,2014,00:00.0,1750,17,DIXON RD,ISLINGTON AVE,28 m East of,1,Etobicoke York,NULL,23,Intersection,At Intersection,Traffic Signal,Clear,Dark,Dry,Non-Fatal Injury,Pedestrian Collisions,D23,6,Kingsview Village-The Westway (6),"{'type': 'Point', 'coordinates': (-79.546687, 43.696978)}"
4003298111,2014,00:00.0,645,6,BATHURST ST,FAIRHOLME AVE,5 m North of,1,North York,8,NULL,Intersection,At Intersection,No Control,Clear,"Dawn, artificial",Dry,Non-Fatal Injury,Pedestrian Collisions,D53,39,Bedford Park-Nortown (39),"{'type': 'Point', 'coordinates': (-79.429553, 43.718352)}"
4003323321,2014,00:00.0,1211,12,STEELES AVE E,BAYVIEW AVE,85 m West of,1,North York,18,32,Mid-Block,Non Intersection,No Control,Clear,Daylight,Dry,Non-Fatal Injury,Other,D32,50,Newtonbrook East (50),"{'type': 'Point', 'coordinates': (-79.397296, 43.802954)}"
4003325282,2014,00:00.0,1804,18,MOORE PARK AVE,HILDA AVE,NULL,2,North York,18,32,Intersection,At Intersection,Stop Sign,Clear,"Dark, artificial",Dry,Non-Fatal Injury,Cyclist Collisions,D32,36,Newtonbrook West (36),"{'type': 'Point', 'coordinates': (-79.42686, 43.792102)}"
143335677,2014,00:00.0,1245,12,2440 DUNDAS ST W,NULL,NULL,3,Toronto and East York,4,11,Intersection,At Intersection,Traffic Signal,Clear,Daylight,Dry,Fatal,Pedestrian Collisions,D11,88,High Park North (88),"{'type': 'Point', 'coordinates': (-79.452983, 43.658259)}"
143339762,2014,00:00.0,600,6,FINCH AVE W,DRIFTWOOD AVE,NULL,1,Etobicoke York,7,31,Intersection,At Intersection,Traffic Signal,Clear,"Dawn, artificial",Dry,Fatal,Pedestrian Collisions,D31,25,Glenfield-Jane Heights (25),"{'type': 'Point', 'coordinates': (-79.513431, 43.758048)}"
4003340766,2014,00:00.0,1005,10,SILVERTHORN AVE,ROGERS RD,NULL,3,Etobicoke York,NULL,12,Intersection,Intersection Related,Traffic Signal,Clear,Daylight,Dry,Non-Fatal Injury,Pedestrian Collisions,D12,110,Keelesdale-Eglinton West (110),"{'type': 'Point', 'coordinates': (-79.463321, 43.682761)}"
4003346402,2014,00:00.0,520,5,WILSON AVE,RIDGE RD,55 m West of,1,North York,6,31,Mid-Block,Non Intersection,No Control,Clear,"Dawn, artificial",Dry,Non-Fatal Injury,Approaching,D31,26,Downsview-Roding-CFB (26),"{'type': 'Point', 'coordinates': (-79.494914, 43.723689)}"
4003346463,2014,00:00.0,545,5,WILLIAM R ALLEN RD,SHEPPARD AVE W,200 m South of,1,NULL,6,32,Mid-Block,At/Near Private Drive,No Control,Clear,"Dark, artificial",Dry,Non-Fatal Injury,Turning Movement,D32,26,Downsview-Roding-CFB (26),"{'type': 'Point', 'coordinates': (-79.462856, 43.748622)}"
143357519,2014,00:00.0,350,3,DON VALLEY PARKWAY  N,LEASIDE BDGE,NULL,1,Toronto and East York,14,54,Mid-Block,NULL,No Control,Rain,"Dark, artificial",Wet,Fatal,SMV Other,D54,58,Old East York (58),"{'type': 'Point', 'coordinates': (-79.349437, 43.697508)}"
143362651,2014,00:00.0,1800,18,ELLESMERE RD,MILITARY TRL,NULL,1,Scarborough,24,43,Intersection,At Intersection,Traffic Signal,Clear,"Dark, artificial",Dry,Fatal,Angle,D43,135,Morningside (135),"{'type': 'Point', 'coordinates': (-79.217136, 43.779742)}"
4003369105,2014,00:00.0,1859,18,LAWRENCE AVE E,TOWER DR,40 m West of,1,Scarborough,21,41,Mid-Block,Non Intersection,No Control,Clear,"Dark, artificial",Dry,Non-Fatal Injury,Pedestrian Collisions,D41,119,Wexford/Maryvale (119),"{'type': 'Point', 'coordinates': (-79.299014, 43.744338)}"
5000667325,2015,00:00.0,1715,17,130 TORYORK DR,NULL,4 m South of,2,Etobicoke York,7,31,Mid-Block,Non Intersection,No Control,Clear,Daylight,Dry,Non-Fatal Injury,Rear End,D31,21,Humber Summit (21),"{'type': 'Point', 'coordinates': (-79.55305, 43.757266)}"
5000922282,2015,00:00.0,1233,12,LAWRENCE AVE E,MCCOWAN RD,NULL,1,Scarborough,NULL,43,Intersection,At Intersection,Traffic Signal,Clear,Daylight,Dry,Fatal,Pedestrian Collisions,D43,137,Woburn (137),"{'type': 'Point', 'coordinates': (-79.245418, 43.755538)}"
5001404450,2015,00:00.0,2100,21,DUFFERIN ST,HUNTER AVE,NULL,1,Toronto and East York,NULL,13,Intersection,At Intersection,No Control,Clear,"Dark, artificial",Dry,Non-Fatal Injury,Cyclist Collisions,D13,107,Oakwood Village (107),"{'type': 'Point', 'coordinates': (-79.449741, 43.694426)}"
5001404706,2015,00:00.0,2152,21,LAKE SHORE BLVD W,JAMESON AVE,NULL,1,Toronto and East York,4,14,Intersection,Non Intersection,No Control,Clear,"Dark, artificial",Dry,Non-Fatal Injury,Approaching,D14,85,South Parkdale (85),"{'type': 'Point', 'coordinates': (-79.43455800000001, 43.633326)}"
5001405584,2015,00:00.0,42,0,BELLAMY RD N,LAWRENCE AVE E,NULL,1,Scarborough,NULL,43,Intersection,Intersection Related,Traffic Signal,Clear,"Dark, artificial",Dry,Fatal,Angle,D43,137,Woburn (137),"{'type': 'Point', 'coordinates': (-79.235263, 43.757712)}"
5001407837,2015,00:00.0,1210,12,2350 BAYVIEW AVE,NULL,NULL,1,North York,15,NULL,Intersection,Intersection Related,Traffic Signal,Clear,Daylight,Dry,Fatal,Turning Movement,D32,41,Bridle Path-Sunnybrook-York Mills (41),"{'type': 'Point', 'coordinates': (-79.38129, 43.732985)}"
5001432053,2015,00:00.0,947,9,STEELES AVE W,ALCIDE ST,NULL,1,Etobicoke York,1,23,Intersection,Intersection Related,No Control,Clear,Daylight,Dry,Non-Fatal Injury,Turning Movement,D23,1,West Humber-Clairville (1),"{'type': 'Point', 'coordinates': (-79.63467, 43.751242000000005)}"
5001518617,2015,00:00.0,736,7,PARK LAWN RD,LAKE SHORE BLVD W,NULL,1,Etobicoke York,3,22,Mid-Block,NULL,No Control,Clear,Daylight,Dry,Fatal,Pedestrian Collisions,D22,17,Mimico (17),"{'type': 'Point', 'coordinates': (-79.481792, 43.623171)}"
5001433281,2015,00:00.0,1318,13,SOUTH KINGSWAY,BLOOR ST W,NULL,1,Toronto and East York,4,11,Intersection,At Intersection,Traffic Signal,Rain,Daylight,Wet,Non-Fatal Injury,Cyclist Collisions,D11,87,High Park-Swansea (87),"{'type': 'Point', 'coordinates': (-79.485736, 43.648303000000006)}"
5001444151,2015,00:00.0,730,7,DUNDAS ST W,AUKLAND RD,NULL,1,Etobicoke York,3,22,Intersection,At Intersection,Traffic Signal,Clear,Daylight,Dry,Non-Fatal Injury,Pedestrian Collisions,D22,14,Islington-City Centre West (14),"{'type': 'Point', 'coordinates': (-79.537998, 43.638514)}"
5001445203,2015,00:00.0,1211,12,1468 VICTORIA PARK AVE,NULL,50 m South of,1,North York,NULL,NULL,Mid-Block,At/Near Private Drive,No Control,Clear,Daylight,Dry,Non-Fatal Injury,SMV Other,D41,120,Clairlea-Birchmount (120),"{'type': 'Point', 'coordinates': (-79.301845, 43.722777)}"
5001446152,2015,00:00.0,1516,15,678 KENNEDY RD,NULL,4 m South of,1,Scarborough,20,41,Mid-Block,At/Near Private Drive,No Control,Clear,Daylight,Dry,Non-Fatal Injury,Turning Movement,D41,124,Kennedy Park (124),"{'type': 'Point', 'coordinates': (-79.26568200000001, 43.726832)}"
5001448924,2015,00:00.0,43,0,1630 LAWRENCE AVE W,NULL,30 m East of,1,Etobicoke York,5,12,Intersection,At Intersection,Traffic Signal,Clear,Dark,Dry,Non-Fatal Injury,SMV Other,D12,30,Brookhaven-Amesbury (30),"{'type': 'Point', 'coordinates': (-79.49084, 43.705596)}"
5001450991,2015,00:00.0,1147,11,DUNDAS ST W,CLOVERDALE MALL,100 m East of,1,Etobicoke York,3,22,Intersection,At Intersection,Traffic Signal,Clear,Daylight,Dry,Non-Fatal Injury,Cyclist Collisions,D22,14,Islington-City Centre West (14),"{'type': 'Point', 'coordinates': (-79.55492, 43.628993)}"
5001457314,2015,00:00.0,1325,13,STEELES AVE W,TORRESDALE AVE,1 m East of,1,North York,6,32,Intersection,At Intersection,Traffic Signal,Clear,Daylight,Dry,Fatal,Pedestrian Collisions,D32,35,Westminster-Branson (35),"{'type': 'Point', 'coordinates': (-79.453021, 43.790801)}"
5001484830,2015,00:00.0,2200,22,ALBION RD,FINCH AVE W,NULL,1,Etobicoke York,1,23,Mid-Block,Non Intersection,No Control,Clear,Daylight,Dry,Non-Fatal Injury,Approaching,D23,2,Mount Olive-Silverstone-Jamestown (2),"{'type': 'Point', 'coordinates': (-79.590785, 43.74137)}"
5001501450,2015,00:00.0,1545,15,LOWER SIMCOE ST,BREMNER BLVD,NULL,3,Toronto and East York,10,52,Intersection,At Intersection,Traffic Signal,Clear,Daylight,Dry,Non-Fatal Injury,Cyclist Collisions,D52,77,Waterfront Communities-The Island (77),"{'type': 'Point', 'coordinates': (-79.383968, 43.642317)}"
5001507362,2015,00:00.0,1400,14,STEELES AVE E,DON MILLS RD,NULL,1,North York,17,33,Intersection,At Intersection,Traffic Signal,Clear,Daylight,Dry,Non-Fatal Injury,Angle,D33,48,Hillcrest Village (48),"{'type': 'Point', 'coordinates': (-79.360767, 43.811175)}"
5001530826,2015,00:00.0,120,1,SEWELLS RD,HUPFIELD TRL,20 m West of,3,Scarborough,25,42,Intersection,Intersection Related,No Control,Clear,"Dark, artificial",Dry,Non-Fatal Injury,SMV Other,D42,132,Malvern (132),"{'type': 'Point', 'coordinates': (-79.213184, 43.814582)}"
5001534311,2015,00:00.0,1652,16,MAXWELL ST,HOVE ST,40 m South of,4,North York,6,32,Intersection,Non Intersection,No Control,Clear,Daylight,Dry,Fatal,SMV Other,D32,34,Bathurst Manor (34),"{'type': 'Point', 'coordinates': (-79.448695, 43.76113)}"
5001538313,2015,00:00.0,1034,10,LAKE SHORE BLVD W,JAMESON AVE,1 m West of,1,Toronto and East York,4,14,Mid-Block,Non Intersection,No Control,Clear,Daylight,Dry,Fatal,SMV Other,D14,85,South Parkdale (85),"{'type': 'Point', 'coordinates': (-79.435138, 43.633349)}"
5001542991,2015,00:00.0,513,5,MARTIN GROVE RD,RICHGROVE DR,4 m South of,1,Etobicoke York,NULL,23,Intersection,At Intersection,Traffic Signal,Clear,Dark,Dry,Non-Fatal Injury,Angle,D23,7,Willowridge-Martingrove-Richview (7),"{'type': 'Point', 'coordinates': (-79.564204, 43.676829)}"
5001551226,2015,00:00.0,1500,15,JARVIS ST,FRONT ST E,53 m South of,1,Toronto and East York,13,51,Mid-Block,Non Intersection,No Control,Clear,Daylight,Dry,Non-Fatal Injury,Pedestrian Collisions,D51,77,Waterfront Communities-The Island (77),"{'type': 'Point', 'coordinates': (-79.371242, 43.648951)}"
5001573262,2015,00:00.0,2130,21,QUEENS PARK,COLLEGE ST,1 m North of,1,Toronto and East York,11,52,Intersection,At Intersection,Traffic Signal,Rain,"Dark, artificial",Wet,Non-Fatal Injury,Pedestrian Collisions,D52,76,Bay Street Corridor (76),"{'type': 'Point', 'coordinates': (-79.390483, 43.659846)}"
5001573277,2015,00:00.0,2139,21,DUPONT ST,WALMER RD,24 m West of,1,Toronto and East York,11,14,Intersection,Non Intersection,No Control,Rain,"Dark, artificial",Wet,Non-Fatal Injury,Pedestrian Collisions,D14,95,Annex (95),"{'type': 'Point', 'coordinates': (-79.408252, 43.674601)}"
5001578731,2015,00:00.0,1930,19,BAY MILLS BLVD,SHEPPARD AVE E,NULL,1,Scarborough,22,42,Intersection,At Intersection,Traffic Signal,Rain,"Dawn, artificial",Wet,Non-Fatal Injury,Pedestrian Collisions,D42,118,Tam O'Shanter-Sullivan (118),"{'type': 'Point', 'coordinates': (-79.304385, 43.779551)}"
5001603018,2015,00:00.0,1721,17,STRACHAN AVE,WELLINGTON ST W,NULL,3,Toronto and East York,10,14,Intersection,At Intersection,Stop Sign,Clear,Daylight,Dry,Non-Fatal Injury,Angle,D14,82,Niagara (82),"{'type': 'Point', 'coordinates': (-79.411464, 43.640742)}"
5001603828,2015,00:00.0,1940,19,KENNEDY RD,PERTHSHIRE ST,NULL,1,Scarborough,22,42,Intersection,Intersection Related,No Control,Clear,"Dark, artificial",Dry,Non-Fatal Injury,Pedestrian Collisions,D42,130,Milliken (130),"{'type': 'Point', 'coordinates': (-79.300456, 43.808901)}"
5001604572,2015,00:00.0,2200,22,BIRMINGHAM ST,SIXTEENTH ST,1 m East of,2,Etobicoke York,3,22,Intersection,Non Intersection,No Control,Clear,"Dark, artificial",Dry,Non-Fatal Injury,Cyclist Collisions,D22,18,New Toronto (18),"{'type': 'Point', 'coordinates': (-79.516086, 43.601107)}"
5001611464,2015,00:00.0,2210,22,NEILSON RD,FINCH AVE E,26 m South of,3,Scarborough,NULL,42,Intersection,Non Intersection,No Control,Clear,"Dark, artificial",Dry,Non-Fatal Injury,Pedestrian Collisions,D42,132,Malvern (132),"{'type': 'Point', 'coordinates': (-79.227596, 43.816256)}"
5001612624,2015,00:00.0,610,6,QUEEN ST E,HILTZ AVE,5 m West of,3,Toronto and East York,14,55,Intersection,Non Intersection,No Control,Clear,Dark,Dry,Fatal,Approaching,D55,70,South Riverdale (70),"{'type': 'Point', 'coordinates': (-79.326206, 43.664164)}"
5001640604,2015,00:00.0,1751,17,QUEEN ST E,BERKELEY ST,2 m West of,1,Toronto and East York,13,51,Intersection,Intersection Related,No Control,Clear,Daylight,Dry,Fatal,Pedestrian Collisions,D51,73,Moss Park (73),"{'type': 'Point', 'coordinates': (-79.365749, 43.655329)}"
5001646824,2015,00:00.0,1700,17,MARKHAM RD,DUNELM ST,165 m South of,1,Scarborough,24,43,Mid-Block,Non Intersection,No Control,Clear,Daylight,Dry,Non-Fatal Injury,Rear End,D43,139,Scarborough Village (139),"{'type': 'Point', 'coordinates': (-79.219951, 43.745635)}"