ACCNUM,YEAR,DATE,TIME,HOUR,STREET1,STREET2,OFFSET,ROAD_CLASS,DISTRICT,WARDNUM,DIVISION,LOCCOORD,ACCLOC,TRAFFCTL,VISIBILITY,LIGHT,RDSFCOND,ACCLASS,IMPACTYPE,POLICE_DIVISION,HOOD_ID,NEIGHBOURHOOD,geometry
5001652822,2015,00:00.0,1715,17,BOOTH AVE,LAKE SHORE BLVD E,1 m North of,1,Toronto and East York,14,55,Intersection,At Intersection,Stop Sign,Clear,Daylight,Dry,Non-Fatal Injury,Cyclist Collisions,D55,70,South Riverdale (70),"{'type': 'Point', 'coordinates': (-79.340778, 43.653514)}"
5001648538,2015,00:00.0,2300,23,MILNER AVE,CINEMART DR,24 m  of,3,Scarborough,25,42,Intersection,At Intersection,No Control,Clear,"Dark, artificial",Dry,Non-Fatal Injury,SMV Other,D42,132,Malvern (132),"{'type': 'Point', 'coordinates': (-79.204799, 43.797373)}"
4002867975,2014,00:00.0,1145,11,OLD WESTON RD,ALGARVE CRES,1 m North of,3,Toronto and East York,9,12,Intersection,At Intersection,No Control,Clear,Daylight,Dry,Non-Fatal Injury,SMV Unattended Vehicle,D12,91,Weston-Pellam Park (91),"{'type': 'Point', 'coordinates': (-79.46564, 43.679778)}"
5001670423,2015,00:00.0,2230,22,MARKHAM RD,LAWRENCE AVE E,NULL,1,Scarborough,24,43,Intersection,Intersection Related,Traffic Signal,Clear,"Dark, artificial",Dry,Non-Fatal Injury,Turning Movement,D43,137,Woburn (137),"{'type': 'Point', 'coordinates': (-79.225314, 43.75981)}"
5000669908,2015,00:00.0,648,6,NEILSON RD,CROW TRL,NULL,3,Scarborough,NULL,42,Intersection,At Intersection,Traffic Signal,Clear,Daylight,Dry,Non-Fatal Injury,Pedestrian Collisions,D42,132,Malvern (132),"{'type': 'Point', 'coordinates': (-79.225742, 43.812205)}"
4002874669,2014,00:00.0,1115,11,ANNETTE ST,PACIFIC AVE,NULL,3,Toronto and East York,4,11,Intersection,At Intersection,Traffic Signal,Clear,Daylight,Dry,Non-Fatal Injury,Pedestrian Collisions,D11,90,Junction Area (90),"{'type': 'Point', 'coordinates': (-79.467639, 43.663241)}"
4003382352,2014,00:00.0,2125,21,SHEPPARD AVE W,JOHN DRURY DR,NULL,1,North York,6,31,Intersection,At Intersection,Traffic Signal,Clear,"Dark, artificial",Loose Snow,Non-Fatal Injury,SMV Other,D31,26,Downsview-Roding-CFB (26),"{'type': 'Point', 'coordinates': (-79.482768, 43.748278)}"
4003389037,2014,00:00.0,2245,22,55 BELMONT ST,NULL,NULL,3,Toronto and East York,11,53,Mid-Block,Non Intersection,No Control,Clear,"Dark, artificial",Dry,Non-Fatal Injury,Pedestrian Collisions,D53,95,Annex (95),"{'type': 'Point', 'coordinates': (-79.391025, 43.675101)}"
5000924528,2015,00:00.0,1854,18,SPENVALLEY DR,ARLETA AVE,NULL,2,Etobicoke York,7,31,Intersection,At Intersection,Stop Sign,Clear,Daylight,Dry,Non-Fatal Injury,Pedestrian Collisions,D31,25,Glenfield-Jane Heights (25),"{'type': 'Point', 'coordinates': (-79.501498, 43.74364)}"
5000001915,2015,00:00.0,624,6,KEELE ST,COLVILLE RD,NULL,1,Etobicoke York,5,12,Intersection,At Intersection,No Control,Clear,"Dawn, artificial",Dry,Non-Fatal Injury,Approaching,D12,30,Brookhaven-Amesbury (30),"{'type': 'Point', 'coordinates': (-79.477496, 43.706175)}"
5001660531,2015,00:00.0,1943,19,HUMBERSIDE AVE,KEELE ST,NULL,1,Toronto and East York,4,11,Intersection,At Intersection,Traffic Signal,Clear,"Dark, artificial",Dry,Non-Fatal Injury,Pedestrian Collisions,D11,88,High Park North (88),"{'type': 'Point', 'coordinates': (-79.462917, 43.661589)}"
5000926071,2015,00:00.0,51,0,BAYVIEW AVE,BOWAN CRT,NULL,1,North York,NULL,NULL,Intersection,At Intersection,Stop Sign,Clear,"Dark, artificial",Dry,Non-Fatal Injury,Turning Movement,D33,49,Bayview Woods-Steeles (49),"{'type': 'Point', 'coordinates': (-79.394183, 43.795054)}"
5000670962,2015,00:00.0,1018,10,VICTORIA PARK AVE,ST CLAIR AVE E,NULL,1,Toronto and East York,NULL,NULL,Intersection,At Intersection,Traffic Controller,Clear,Daylight,Dry,Non-Fatal Injury,Pedestrian Collisions,D41,120,Clairlea-Birchmount (120),"{'type': 'Point', 'coordinates': (-79.295947, 43.708705)}"
142879736,2014,00:00.0,620,6,OKEEFE LANE,DUNDAS SQ,NULL,7,Toronto and East York,13,51,Mid-Block,NULL,No Control,Clear,"Dark, artificial",Dry,Fatal,Pedestrian Collisions,D51,75,Church-Yonge Corridor (75),"{'type': 'Point', 'coordinates': (-79.379863, 43.655387)}"
4003393065,2014,00:00.0,1306,13,DON VALLEY PARKWAY  S,LEASIDE BDGE,NULL,1,Toronto and East York,14,54,Mid-Block,Non Intersection,No Control,Clear,Daylight,Dry,Non-Fatal Injury,Pedestrian Collisions,D54,58,Old East York (58),"{'type': 'Point', 'coordinates': (-79.349742, 43.698043)}"
5000678140,2015,00:00.0,1256,12,BROADVIEW AVE,DEARBOURNE AVE,6 m South of,3,Toronto and East York,14,55,Intersection,Intersection Related,Stop Sign,Clear,Daylight,Dry,Non-Fatal Injury,Pedestrian Collisions,D55,68,North Riverdale (68),"{'type': 'Point', 'coordinates': (-79.358073, 43.675391)}"
5000006695,2015,00:00.0,949,9,2211 ST CLAIR AVE W,NULL,23 m East of,1,Etobicoke York,5,NULL,Intersection,Non Intersection,No Control,Clear,Daylight,Dry,Non-Fatal Injury,Turning Movement,D11,90,Junction Area (90),"{'type': 'Point', 'coordinates': (-79.475185, 43.670848)}"
5000931328,2015,00:00.0,2001,20,BRIMLEY RD,EGLINTON AVE E,NULL,1,Scarborough,NULL,NULL,Intersection,At Intersection,Traffic Signal,Clear,"Dawn, artificial",Dry,Non-Fatal Injury,Pedestrian Collisions,D41,138,Eglinton East (138),"{'type': 'Point', 'coordinates': (-79.24805, 43.736624)}"
4002881159,2014,00:00.0,1030,10,ST CLAIR AVE E,KENNEDY RD,NULL,1,Scarborough,20,41,Intersection,Intersection Related,No Control,Clear,Daylight,Dry,Non-Fatal Injury,SMV Other,D41,120,Clairlea-Birchmount (120),"{'type': 'Point', 'coordinates': (-79.261302, 43.716452000000004)}"
4003398142,2014,00:00.0,1345,13,500 SCARLETT RD,NULL,NULL,1,Etobicoke York,2,23,Mid-Block,Non Intersection,No Control,Clear,Daylight,Wet,Non-Fatal Injury,Approaching,D23,8,Humber Heights-Westmount (8),"{'type': 'Point', 'coordinates': (-79.512805, 43.68619)}"
5001660901,2015,00:00.0,2058,20,MOUNT PLEASANT RD,STIBBARD AVE,25 m South of,1,North York,15,53,Intersection,Non Intersection,No Control,Clear,"Dark, artificial",Dry,Non-Fatal Injury,SMV Other,D53,99,Mount Pleasant East (99),"{'type': 'Point', 'coordinates': (-79.393604, 43.71692500000001)}"
5001661734,2015,00:00.0,1,0,BURNHAMTHORPE RD,427 C N BURNHAMTHORPE RAMP,NULL,1,Etobicoke York,2,22,Intersection,At Intersection,Traffic Signal,Clear,"Dark, artificial",Dry,Fatal,Turning Movement,D22,14,Islington-City Centre West (14),"{'type': 'Point', 'coordinates': (-79.561664, 43.645896)}"
5001665605,2015,00:00.0,1718,17,DANFORTH AVE,ST DUNSTAN DR,NULL,1,Scarborough,20,41,Intersection,Intersection Related,No Control,Clear,Daylight,Dry,Non-Fatal Injury,Turning Movement,D41,121,Oakridge (121),"{'type': 'Point', 'coordinates': (-79.28551, 43.691847)}"
5001667907,2015,00:00.0,54,0,KEELE ST,ANNETTE ST,9 m South of,1,Toronto and East York,4,11,Intersection,Intersection Related,Traffic Signal,Clear,"Dark, artificial",Dry,Non-Fatal Injury,Cyclist Collisions,D11,90,Junction Area (90),"{'type': 'Point', 'coordinates': (-79.463794, 43.663642)}"
5001670080,2015,00:00.0,1220,12,HOMEWOOD AVE,WELLESLEY ST E,NULL,3,Toronto and East York,13,51,Intersection,At Intersection,Traffic Signal,Clear,Daylight,Dry,Non-Fatal Injury,Cyclist Collisions,D51,71,Cabbagetown-South St.James Town (71),"{'type': 'Point', 'coordinates': (-79.375842, 43.666476)}"
5001672708,2015,00:00.0,2136,21,336 BIRCHMOUNT RD,NULL,3 m South of,3,Scarborough,20,41,Mid-Block,Non Intersection,No Control,Clear,"Dark, artificial",Dry,Non-Fatal Injury,Cyclist Collisions,D41,122,Birchcliffe-Cliffside (122),"{'type': 'Point', 'coordinates': (-79.264797, 43.698958)}"
5001691895,2015,00:00.0,2355,23,WILSON AVE,MURRAY RD,NULL,1,North York,6,32,Intersection,At Intersection,No Control,Clear,"Dark, artificial",Dry,Fatal,Turning Movement,D32,26,Downsview-Roding-CFB (26),"{'type': 'Point', 'coordinates': (-79.471462, 43.72959)}"
5001677716,2015,00:00.0,1755,17,OSSINGTON AVE,DEWSON ST,42 m South of,3,Toronto and East York,NULL,14,Mid-Block,Non Intersection,No Control,Clear,Daylight,Dry,Non-Fatal Injury,Pedestrian Collisions,D14,80,Palmerston-Little Italy (80),"{'type': 'Point', 'coordinates': (-79.423526, 43.656546)}"
5001682517,2015,00:00.0,1325,13,RIVER ST,QUEEN ST E,33 m East of,1,Toronto and East York,13,51,Intersection,At Intersection,Traffic Signal,Other,Daylight,Other,Non-Fatal Injury,Turning Movement,D51,73,Moss Park (73),"{'type': 'Point', 'coordinates': (-79.35654, 43.657363)}"
5001684106,2015,00:00.0,1520,15,939 PROGRESS AVE,NULL,4 m North of,3,Scarborough,24,43,Intersection,At Intersection,Traffic Signal,Rain,Daylight,Wet,Non-Fatal Injury,Cyclist Collisions,D43,137,Woburn (137),"{'type': 'Point', 'coordinates': (-79.231899, 43.7839)}"
5001686563,2015,00:00.0,733,7,DUNDAS ST W,ROXTON RD,60 m East of,1,Toronto and East York,NULL,14,Intersection,Non Intersection,No Control,Clear,Daylight,Dry,Non-Fatal Injury,Sideswipe,D14,81,Trinity-Bellwoods (81),"{'type': 'Point', 'coordinates': (-79.419528, 43.649562)}"
5002232122,2015,00:00.0,1212,12,PARLIAMENT ST,SPRUCE ST,500 m North of,3,Toronto and East York,13,51,Mid-Block,Non Intersection,No Control,Clear,Daylight,Dry,Non-Fatal Injury,Cyclist Collisions,D51,71,Cabbagetown-South St.James Town (71),"{'type': 'Point', 'coordinates': (-79.367381, 43.662856)}"
5001696184,2015,00:00.0,1702,17,DURIE ST,COLBECK ST,2 m North of,2,Toronto and East York,4,11,Intersection,At Intersection,Stop Sign,Clear,Daylight,Dry,Non-Fatal Injury,Pedestrian Collisions,D11,89,Runnymede-Bloor West Village (89),"{'type': 'Point', 'coordinates': (-79.480563, 43.654135)}"
5001705355,2015,00:00.0,351,3,BURNHAMTHORPE RD,PRENNAN AVE,1 m East of,1,Etobicoke York,2,22,Intersection,Non Intersection,No Control,Clear,Dark,Dry,Fatal,SMV Other,D22,14,Islington-City Centre West (14),"{'type': 'Point', 'coordinates': (-79.540759, 43.650695)}"
5001711803,2015,00:00.0,910,9,THE KINGSWAY,ANGLESEY BLVD,NULL,2,Etobicoke York,2,22,Intersection,At Intersection,Stop Sign,Clear,Daylight,Dry,Non-Fatal Injury,Cyclist Collisions,D22,9,Edenbridge-Humber Valley (9),"{'type': 'Point', 'coordinates': (-79.521785, 43.663966)}"
5001713235,2015,00:00.0,1453,14,COLLEGE ST,MARKHAM ST,NULL,1,Toronto and East York,11,14,Intersection,At Intersection,Stop Sign,Clear,"Dark, artificial",Dry,Non-Fatal Injury,Cyclist Collisions,D14,81,Trinity-Bellwoods (81),"{'type': 'Point', 'coordinates': (-79.408946, 43.656211)}"
5001722553,2015,00:00.0,621,6,MORNINGSIDE AVE,SHEPPARD AVE E,358 m North of,1,Scarborough,25,42,Mid-Block,Non Intersection,No Control,Clear,"Dawn, artificial",Dry,Fatal,Rear End,D42,131,Rouge (131),"{'type': 'Point', 'coordinates': (-79.20087000000001, 43.805159)}"
5001722959,2015,00:00.0,753,7,DAVISVILLE AVE,MOUNT PLEASANT RD,64 m West of,3,Toronto and East York,12,53,Mid-Block,Intersection Related,No Control,Clear,Daylight,Dry,Non-Fatal Injury,Pedestrian Collisions,D53,104,Mount Pleasant West (104),"{'type': 'Point', 'coordinates': (-79.387805, 43.700125)}"
5001723026,2015,00:00.0,810,8,COXWELL AVE,EARL HAIG AVE,NULL,3,Toronto and East York,NULL,55,Intersection,Intersection Related,Pedestrian Crossover,Clear,Daylight,Dry,Non-Fatal Injury,Pedestrian Collisions,D55,64,Woodbine Corridor (64),"{'type': 'Point', 'coordinates': (-79.32269600000001, 43.681132)}"
5001723055,2015,00:00.0,813,8,KING ST W,SUDBURY ST,15 m West of,1,Toronto and East York,10,14,Intersection,Non Intersection,Traffic Signal,Clear,Daylight,Dry,Non-Fatal Injury,Cyclist Collisions,D14,82,Niagara (82),"{'type': 'Point', 'coordinates': (-79.417232, 43.640975)}"
5001724104,2015,00:00.0,1107,11,ROYAL YORK RD,BRAECREST AVE,51 m South of,3,Etobicoke York,2,23,Mid-Block,Non Intersection,No Control,Clear,Daylight,Dry,Non-Fatal Injury,SMV Other,D23,8,Humber Heights-Westmount (8),"{'type': 'Point', 'coordinates': (-79.532131, 43.694827)}"
5001734070,2015,00:00.0,2250,22,STEELES AVE W,MARTIN GROVE RD,64 m East of,1,Etobicoke York,1,23,Mid-Block,Intersection Related,No Control,Clear,"Dark, artificial",Dry,Non-Fatal Injury,SMV Other,D23,2,Mount Olive-Silverstone-Jamestown (2),"{'type': 'Point', 'coordinates': (-79.60255, 43.758036)}"
5001740465,2015,00:00.0,15,0,1244 LAWRENCE,NULL,NULL,1,North York,16,33,Intersection,At/Near Private Drive,No Control,Rain,"Dark, artificial",Wet,Non-Fatal Injury,Pedestrian Collisions,D33,43,Victoria Village (43),"{'type': 'Point', 'coordinates': (-79.319248, 43.741103)}"
5001740132,2015,00:00.0,2227,22,EGLINTON AVE W,MENIN RD,16 m West of,1,North York,NULL,13,Intersection,Intersection Related,No Control,Rain,"Dark, artificial",Wet,Non-Fatal Injury,Pedestrian Collisions,D13,106,Humewood-Cedarvale (106),"{'type': 'Point', 'coordinates': (-79.43188, 43.699633)}"
5001750958,2015,00:00.0,1919,19,ISLINGTON AVE,DEERFOOT RD,NULL,1,Etobicoke York,2,23,Intersection,NULL,No Control,Clear,Dark,Dry,Fatal,Pedestrian Collisions,D23,7,Willowridge-Martingrove-Richview (7),"{'type': 'Point', 'coordinates': (-79.541393, 43.685214)}"
5001754996,2015,00:00.0,1445,14,AVENUE RD,ROE AVE,6 m North of,1,North York,8,32,Intersection,Non Intersection,No Control,Clear,Daylight,Dry,Non-Fatal Injury,Turning Movement,D32,39,Bedford Park-Nortown (39),"{'type': 'Point', 'coordinates': (-79.419399, 43.732382)}"
5001756961,2015,00:00.0,2217,22,YONGE ST,SHUTER ST,3 m North of,1,Toronto and East York,13,NULL,Intersection,At Intersection,Traffic Signal,Clear,"Dark, artificial",Dry,Non-Fatal Injury,Approaching,D51,75,Church-Yonge Corridor (75),"{'type': 'Point', 'coordinates': (-79.37996200000002, 43.654051)}"
5001759901,2015,00:00.0,1440,14,STRACHAN AVE,LAKE SHORE BLVD W,NULL,1,Toronto and East York,10,14,Intersection,At Intersection,Traffic Signal,Clear,Daylight,Dry,Non-Fatal Injury,Turning Movement,D14,82,Niagara (82),"{'type': 'Point', 'coordinates': (-79.408733, 43.634429)}"
5001760771,2015,00:00.0,1830,18,EGLINTON AVE W,MARTIN GROVE RD,NULL,1,Etobicoke York,NULL,NULL,Intersection,At Intersection,Traffic Signal,Clear,"Dark, artificial",Dry,Non-Fatal Injury,Turning Movement,D22,7,Willowridge-Martingrove-Richview (7),"{'type': 'Point', 'coordinates': (-79.563159, 43.674468)}"
5001769257,2015,00:00.0,738,7,BLOOR ST E,ST PAULS SQ,NULL,1,Toronto and East York,11,NULL,Intersection,Intersection Related,No Control,Clear,Daylight,Dry,Non-Fatal Injury,Cyclist Collisions,D51,75,Church-Yonge Corridor (75),"{'type': 'Point', 'coordinates': (-79.382335, 43.671149)}"
5001784292,2015,00:00.0,1627,16,KING ST W,ED MIRVISH WAY,35 m East of,1,Toronto and East York,10,52,Mid-Block,Non Intersection,No Control,Clear,Daylight,Dry,Non-Fatal Injury,Pedestrian Collisions,D52,77,Waterfront Communities-The Island (77),"{'type': 'Point', 'coordinates': (-79.387485, 43.647013)}"
5001785499,2015,00:00.0,2009,20,BAYVIEW AVE,BAYVIEW MEWS LANE,10 m North of,1,North York,NULL,NULL,Intersection,Non Intersection,No Control,Clear,"Dark, artificial",Dry,Non-Fatal Injury,Approaching,D33,52,Bayview Village (52),"{'type': 'Point', 'coordinates': (-79.388652, 43.76937)}"
5000679922,2015,00:00.0,1804,18,HUPFIELD TRL,GLANVIL CRES,20 m South of,2,Scarborough,25,42,Intersection,Non Intersection,No Control,Clear,Daylight,Dry,Non-Fatal Injury,SMV Other,D42,132,Malvern (132),"{'type': 'Point', 'coordinates': (-79.2196, 43.813903)}"
5000932642,2015,00:00.0,242,2,MARKHAM RD,LAWRENCE AVE E,NULL,1,Scarborough,24,43,Intersection,Intersection Related,Traffic Signal,Clear,"Dark, artificial",Dry,Non-Fatal Injury,Rear End,D43,137,Woburn (137),"{'type': 'Point', 'coordinates': (-79.225314, 43.75981)}"
4002884654,2014,00:00.0,2012,20,LAWRENCE AVE E,WARDEN AVE,NULL,1,Scarborough,21,41,Intersection,At Intersection,Traffic Signal,Rain,"Dark, artificial",Wet,Non-Fatal Injury,Pedestrian Collisions,D41,119,Wexford/Maryvale (119),"{'type': 'Point', 'coordinates': (-79.294727, 43.74536)}"
5000009507,2015,00:00.0,1830,18,BAYVIEW AVE,SHEPPARD AVE E,NULL,1,North York,NULL,NULL,Intersection,At Intersection,Traffic Signal,Clear,"Dark, artificial",Dry,Non-Fatal Injury,Turning Movement,D33,52,Bayview Village (52),"{'type': 'Point', 'coordinates': (-79.388042, 43.766577000000005)}"
4003399384,2014,00:00.0,1702,17,203 FAYWOOD BLVD,NULL,NULL,2,North York,6,32,Mid-Block,At/Near Private Drive,No Control,Rain,"Dark, artificial",Wet,Non-Fatal Injury,Cyclist Collisions,D32,33,Clanton Park (33),"{'type': 'Point', 'coordinates': (-79.449291, 43.747107)}"
4003439452,2014,00:00.0,215,2,EGLINTON AVE E,PHARMACY AVE,NULL,1,Scarborough,NULL,41,Intersection,Intersection Related,Traffic Signal,Clear,"Dark, artificial",Dry,Non-Fatal Injury,Turning Movement,D41,119,Wexford/Maryvale (119),"{'type': 'Point', 'coordinates': (-79.297504, 43.725642)}"
4003399258,2014,00:00.0,1716,17,1240 WARDEN AVE,NULL,NULL,1,Scarborough,21,41,Mid-Block,Non Intersection,No Control,Clear,"Dark, artificial",Dry,Non-Fatal Injury,Approaching,D41,119,Wexford/Maryvale (119),"{'type': 'Point', 'coordinates': (-79.296703, 43.750205)}"
4003405816,2014,00:00.0,1811,18,EGLINTON AVE E,HANNA RD,58 m West of,1,North York,15,53,Intersection,Non Intersection,Traffic Signal,Clear,"Dark, artificial",Dry,Non-Fatal Injury,Approaching,D53,56,Leaside-Bennington (56),"{'type': 'Point', 'coordinates': (-79.373103, 43.711814)}"
4003410596,2014,00:00.0,1335,13,CIVIC RD,SINNOTT RD,NULL,2,Scarborough,20,41,Intersection,At Intersection,Stop Sign,Clear,Daylight,Dry,Non-Fatal Injury,Pedestrian Collisions,D41,120,Clairlea-Birchmount (120),"{'type': 'Point', 'coordinates': (-79.280307, 43.728434)}"
4003411081,2014,00:00.0,1450,14,HIGHWAY 27  N,DIXON RD,100 m North of,1,Etobicoke York,1,23,Mid-Block,Non Intersection,No Control,Rain,Daylight,Wet,Non-Fatal Injury,Turning Movement,D23,1,West Humber-Clairville (1),"{'type': 'Point', 'coordinates': (-79.58246200000002, 43.689719)}"
4003419867,2014,00:00.0,2153,21,ALBION RD,THISTLE DOWN BLVD,100 m East of,1,Etobicoke York,1,23,Mid-Block,Non Intersection,No Control,Clear,"Dark, artificial",Dry,Non-Fatal Injury,Approaching,D23,3,Thistletown-Beaumond Heights (3),"{'type': 'Point', 'coordinates': (-79.559871, 43.734622)}"
4003437550,2014,00:00.0,1906,19,BRIMLEY RD,HUNTINGWOOD DR,46 m North of,1,Scarborough,23,42,Mid-Block,Non Intersection,No Control,Clear,"Dark, artificial",Dry,Non-Fatal Injury,SMV Other,D42,129,Agincourt North (129),"{'type': 'Point', 'coordinates': (-79.273639, 43.799033)}"
143440580,2014,00:00.0,944,9,KENNEDY RD,RANSTONE GDNS,NULL,1,Scarborough,21,41,Intersection,NULL,Traffic Signal,Clear,Daylight,Dry,Fatal,Approaching,D41,125,Ionview (125),"{'type': 'Point', 'coordinates': (-79.272052, 43.742171)}"
4000047040,2014,00:00.0,1700,17,MT PLEASANT RD,MERTON ST,NULL,1,North York,NULL,53,Intersection,At Intersection,Traffic Signal,Clear,"Dark, artificial",Dry,Non-Fatal Injury,Pedestrian Collisions,D53,99,Mount Pleasant East (99),"{'type': 'Point', 'coordinates': (-79.38647, 43.698161)}"
143471771,2014,00:00.0,1320,13,SHEPPARD AVE E,404 N SHEPPARD W RAMP,NULL,1,North York,17,33,Intersection,NULL,Traffic Signal,Clear,Daylight,Wet,Fatal,Turning Movement,D33,46,Pleasant View (46),"{'type': 'Point', 'coordinates': (-79.337749, 43.77582)}"
5000047040,2014,00:00.0,1700,17,MOUNT PLEASANT RD,MERTON ST,NULL,1,North York,NULL,53,Intersection,At Intersection,Traffic Signal,Clear,"Dark, artificial",Dry,Non-Fatal Injury,Pedestrian Collisions,D53,99,Mount Pleasant East (99),"{'type': 'Point', 'coordinates': (-79.38644, 43.698104)}"
4003465091,2014,00:00.0,1100,11,SHEPPARD AVE E,DON MILLS RD,NULL,1,North York,17,33,Mid-Block,Non Intersection,No Control,Snow,Daylight,Packed Snow,Non-Fatal Injury,Sideswipe,D33,53,Henry Farm (53),"{'type': 'Point', 'coordinates': (-79.35189400000002, 43.774005)}"
4003469913,2014,00:00.0,720,7,STEELES AVE E,TOWNSEND RD,NULL,1,North York,17,33,Intersection,At Intersection,Traffic Signal,Clear,Daylight,Wet,Non-Fatal Injury,Pedestrian Collisions,D33,48,Hillcrest Village (48),"{'type': 'Point', 'coordinates': (-79.357539, 43.811907)}"
143474139,2014,00:00.0,1840,18,COXWELL AVE,COSBURN AVE,NULL,3,Toronto and East York,NULL,54,Intersection,At Intersection,Traffic Signal,Clear,"Dusk, artificial",Dry,Fatal,Pedestrian Collisions,D54,59,Danforth East York (59),"{'type': 'Point', 'coordinates': (-79.328006, 43.694125)}"
4003482087,2014,00:00.0,324,3,OSSINGTON AVE,DUNDAS ST W,NULL,1,Toronto and East York,NULL,14,Intersection,Non Intersection,No Control,Clear,"Dark, artificial",Dry,Non-Fatal Injury,Pedestrian Collisions,D14,81,Trinity-Bellwoods (81),"{'type': 'Point', 'coordinates': (-79.420772, 43.649317)}"
4003487975,2014,00:00.0,725,7,SUBWAY CRES,AUKLAND RD,4 m West of,2,Etobicoke York,3,22,Intersection,At Intersection,Stop Sign,Clear,"Dark, artificial",Wet,Non-Fatal Injury,Pedestrian Collisions,D22,14,Islington-City Centre West (14),"{'type': 'Point', 'coordinates': (-79.53702100000001, 43.637614)}"
4003498144,2014,00:00.0,1800,18,JARVIS ST,WELLESLEY ST E,NULL,1,Toronto and East York,13,51,Intersection,At Intersection,Traffic Signal,Rain,"Dark, artificial",Wet,Non-Fatal Injury,Pedestrian Collisions,D51,71,Cabbagetown-South St.James Town (71),"{'type': 'Point', 'coordinates': (-79.378307, 43.666213)}"
4003498374,2014,00:00.0,1850,18,ST CLAIR AVE W,DUFFERIN ST,NULL,1,Toronto and East York,9,13,Intersection,At Intersection,Traffic Signal,Rain,"Dark, artificial",Wet,Non-Fatal Injury,Pedestrian Collisions,D13,92,Corso Italia-Davenport (92),"{'type': 'Point', 'coordinates': (-79.44304200000002, 43.67789)}"
143507481,2014,00:00.0,843,8,6030 BATHURST ST,NULL,NULL,1,North York,NULL,32,Mid-Block,NULL,No Control,Clear,Daylight,Dry,Fatal,Pedestrian Collisions,D32,36,Newtonbrook West (36),"{'type': 'Point', 'coordinates': (-79.446666, 43.788577)}"
4003498466,2014,00:00.0,1910,19,ALBION RD,RIVERDALE DR,NULL,1,Etobicoke York,1,23,Intersection,Intersection Related,Traffic Signal,Rain,Dark,Wet,Non-Fatal Injury,Pedestrian Collisions,D23,3,Thistletown-Beaumond Heights (3),"{'type': 'Point', 'coordinates': (-79.561374, 43.735346)}"
4003506049,2014,00:00.0,2,0,DUNDAS ST W,STERLING RD,70 m West of,3,Toronto and East York,NULL,11,Mid-Block,Non Intersection,No Control,Clear,"Dark, artificial",Wet,Non-Fatal Injury,Approaching,D11,83,Dufferin Grove (83),"{'type': 'Point', 'coordinates': (-79.44395, 43.650824)}"
4003516677,2014,00:00.0,1740,17,FINCH AVE E,NEILSON RD,NULL,3,Scarborough,NULL,42,Intersection,At Intersection,Traffic Signal,Clear,Dark,Dry,Fatal,Pedestrian Collisions,D42,132,Malvern (132),"{'type': 'Point', 'coordinates': (-79.227596, 43.816252)}"
4003518072,2014,00:00.0,2228,22,KIPLING AVE,FINCH AVE W,NULL,1,Etobicoke York,1,23,Mid-Block,Non Intersection,No Control,Clear,Dark,Dry,Non-Fatal Injury,Pedestrian Collisions,D23,2,Mount Olive-Silverstone-Jamestown (2),"{'type': 'Point', 'coordinates': (-79.582706, 43.743121)}"
4002916967,2014,00:00.0,2010,20,EGLINTON AVE E,EGLINTON SQ,NULL,1,Scarborough,NULL,41,Intersection,At Intersection,Traffic Signal,Rain,"Dark, artificial",Wet,Non-Fatal Injury,Angle,D41,119,Wexford/Maryvale (119),"{'type': 'Point', 'coordinates': (-79.300533, 43.724959)}"
4003521992,2014,00:00.0,1410,14,OSSINGTON AVE,BLOOR ST W,15 m South of,1,Toronto and East York,NULL,14,Intersection,Non Intersection,No Control,Clear,Daylight,Dry,Non-Fatal Injury,Cyclist Collisions,D14,80,Palmerston-Little Italy (80),"{'type': 'Point', 'coordinates': (-79.425647, 43.661971)}"
4003523985,2014,00:00.0,2308,23,BRIMLEY RD,DORCOT AVE,NULL,1,Scarborough,21,NULL,Intersection,At Intersection,Traffic Signal,Clear,"Dark, artificial",Dry,Non-Fatal Injury,Pedestrian Collisions,D43,127,Bendale (127),"{'type': 'Point', 'coordinates': (-79.257114, 43.758887)}"
4003526196,2014,00:00.0,1132,11,MARKHAM RD,BLAKEMANOR BLVD,246 m North of,1,Scarborough,24,43,Mid-Block,Non Intersection,No Control,Clear,Daylight,Dry,Non-Fatal Injury,SMV Other,D43,137,Woburn (137),"{'type': 'Point', 'coordinates': (-79.223071, 43.752967)}"