ACCNUM,YEAR,DATE,TIME,HOUR,STREET1,STREET2,OFFSET,ROAD_CLASS,DISTRICT,WARDNUM,DIVISION,LOCCOORD,ACCLOC,TRAFFCTL,VISIBILITY,LIGHT,RDSFCOND,ACCLASS,IMPACTYPE,POLICE_DIVISION,HOOD_ID,NEIGHBOURHOOD,geometry
4003527031,2014,00:00.0,1437,14,BLOOR ST W,SHAW ST,18 m East of,1,Toronto and East York,11,14,Intersection,Intersection Related,No Control,Clear,Daylight,Dry,Non-Fatal Injury,Pedestrian Collisions,D14,80,Palmerston-Little Italy (80),"{'type': 'Point', 'coordinates': (-79.423229, 43.662436)}"
4003538412,2014,00:00.0,1447,14,FINCH AVE W,SENLAC RD,49 m East of,1,North York,18,32,Mid-Block,Non Intersection,No Control,Rain,Daylight,Wet,Non-Fatal Injury,SMV Other,D32,37,Willowdale West (37),"{'type': 'Point', 'coordinates': (-79.42937, 43.77661)}"
4003538995,2014,00:00.0,1638,16,MOUNT PLEASANT RD,MERTON ST,NULL,1,North York,NULL,53,Intersection,At Intersection,Traffic Signal,Rain,Dusk,Wet,Non-Fatal Injury,Pedestrian Collisions,D53,99,Mount Pleasant East (99),"{'type': 'Point', 'coordinates': (-79.38647, 43.698161)}"
4003541767,2014,00:00.0,635,6,FINCH AVE E,BRIDLETOWNE CRCL,NULL,1,Scarborough,22,42,Intersection,At Intersection,Traffic Signal,"Fog, Mist, Smoke, Dust","Dark, artificial",Wet,Non-Fatal Injury,Pedestrian Collisions,D42,117,L'Amoreaux (117),"{'type': 'Point', 'coordinates': (-79.312274, 43.797381)}"
4003544666,2014,00:00.0,1800,18,ALTON TOWERS CRCL,INGLETON BLVD,NULL,2,Scarborough,23,42,Intersection,At Intersection,Pedestrian Crossover,Rain,"Dark, artificial",Wet,Non-Fatal Injury,Pedestrian Collisions,D42,130,Milliken (130),"{'type': 'Point', 'coordinates': (-79.272441, 43.82297)}"
4003549384,2014,00:00.0,2150,21,MCCOWAN RD,STEELES AVE E,NULL,1,Scarborough,23,42,Intersection,Intersection Related,Traffic Signal,Clear,"Dark, artificial",Dry,Non-Fatal Injury,Turning Movement,D42,130,Milliken (130),"{'type': 'Point', 'coordinates': (-79.275157, 43.830973)}"
5000679960,2015,00:00.0,1810,18,BROOKBANKS DR,UNDERHILL DR,NULL,2,North York,16,33,Mid-Block,Trail,No Control,Clear,Daylight,Dry,Non-Fatal Injury,SMV Other,D33,45,Parkwoods-Donalda (45),"{'type': 'Point', 'coordinates': (-79.328784, 43.75286)}"
5000935132,2015,00:00.0,1255,12,COMMISSIONERS ST,BOUCHETTE ST,80 m East of,2,Toronto and East York,14,55,Mid-Block,Non Intersection,No Control,Clear,Daylight,Dry,Non-Fatal Injury,SMV Other,D55,70,South Riverdale (70),"{'type': 'Point', 'coordinates': (-79.339046, 43.65108)}"
4002886498,2014,00:00.0,625,6,STEELES AVE W,CONLEY ST,NULL,1,North York,6,32,Intersection,At Intersection,Traffic Signal,Clear,"Dark, artificial",Wet,Non-Fatal Injury,Turning Movement,D32,35,Westminster-Branson (35),"{'type': 'Point', 'coordinates': (-79.463176, 43.788638)}"
5000938109,2015,00:00.0,2135,21,DUNDAS ST W,ROYAL YORK RD,300 m East of,1,Etobicoke York,NULL,22,Intersection,Non Intersection,Traffic Signal,Clear,"Dark, artificial",Dry,Non-Fatal Injury,Pedestrian Collisions,D22,15,Kingsway South (15),"{'type': 'Point', 'coordinates': (-79.513393, 43.659487)}"
5000693331,2015,00:00.0,0,0,MCCOWAN RD,FINCH AVE E,5 m East of,1,Scarborough,23,42,Intersection,At Intersection,Traffic Signal,Clear,Dark,Dry,Non-Fatal Injury,Turning Movement,D42,129,Agincourt North (129),"{'type': 'Point', 'coordinates': (-79.266498, 43.808016)}"
4002906646,2014,00:00.0,643,6,WALSH AVE,WESTON N WALSH RAMP,NULL,1,Etobicoke York,7,31,Intersection,At Intersection,Traffic Signal,Clear,Daylight,Dry,Non-Fatal Injury,Turning Movement,D31,23,Pelmo Park-Humberlea (23),"{'type': 'Point', 'coordinates': (-79.537273, 43.71701300000001)}"
5000955442,2015,00:00.0,1830,18,YONGE ST,LAWRENCE AVE E,NULL,1,North York,NULL,NULL,Intersection,At Intersection,Traffic Signal,Clear,Daylight,Dry,Non-Fatal Injury,Cyclist Collisions,D53,103,Lawrence Park South (103),"{'type': 'Point', 'coordinates': (-79.402156, 43.725032)}"
5000955489,2015,00:00.0,1850,18,YONGE ST,CUMMER AVE,38 m North of,1,North York,18,32,Mid-Block,Non Intersection,No Control,Clear,Daylight,Dry,Non-Fatal Injury,SMV Other,D32,50,Newtonbrook East (50),"{'type': 'Point', 'coordinates': (-79.417468, 43.787596)}"
5000950977,2015,00:00.0,2316,23,169 SHAW ST,NULL,NULL,2,Toronto and East York,10,14,Mid-Block,Non Intersection,No Control,Clear,"Dark, artificial",Dry,Non-Fatal Injury,Cyclist Collisions,D14,81,Trinity-Bellwoods (81),"{'type': 'Point', 'coordinates': (-79.416911, 43.646323)}"
5000961885,2015,00:00.0,1915,19,PATON RD,LANSDOWNE AVE,NULL,3,Toronto and East York,9,11,Intersection,At Intersection,Stop Sign,Other,Daylight,Other,Non-Fatal Injury,Angle,D11,93,Dovercourt-Wallace Emerson-Junction (93),"{'type': 'Point', 'coordinates': (-79.443607, 43.660639)}"
5000963180,2015,00:00.0,25,0,878 YONGE  ST,NULL,20 m North of,1,Toronto and East York,11,53,Mid-Block,Intersection Related,No Control,Clear,"Dark, artificial",Dry,Non-Fatal Injury,Turning Movement,D53,98,Rosedale-Moore Park (98),"{'type': 'Point', 'coordinates': (-79.387683, 43.672415)}"
5000965386,2015,00:00.0,1047,10,DUNDAS ST W,HURON ST,NULL,1,Toronto and East York,NULL,52,Mid-Block,Non Intersection,No Control,Clear,Daylight,Dry,Non-Fatal Injury,Rear End,D52,78,Kensington-Chinatown (78),"{'type': 'Point', 'coordinates': (-79.397022, 43.653159)}"
5000976277,2015,00:00.0,24,0,FINCH AVE W,TOBERMORY DR,NULL,1,Etobicoke York,7,31,Intersection,At Intersection,Traffic Signal,Clear,"Dark, artificial",Dry,Fatal,Cyclist Collisions,D31,25,Glenfield-Jane Heights (25),"{'type': 'Point', 'coordinates': (-79.507922, 43.759272)}"
5000979465,2015,00:00.0,1322,13,YONGE ST,EMPRESS AVE,NULL,1,North York,18,32,Intersection,At Intersection,Traffic Signal,Clear,Daylight,Dry,Fatal,Pedestrian Collisions,D32,51,Willowdale East (51),"{'type': 'Point', 'coordinates': (-79.412891, 43.769263)}"
5000997483,2015,00:00.0,530,5,GERRARD ST E,WOODBINE AVE,1 m East of,1,Toronto and East York,19,55,Intersection,Intersection Related,Traffic Signal,Clear,"Dark, artificial",Dry,Non-Fatal Injury,Other,D55,62,East End-Danforth (62),"{'type': 'Point', 'coordinates': (-79.310748, 43.680781)}"
5000984230,2015,00:00.0,756,7,WILSON AVE,DALLNER RD,NULL,1,Etobicoke York,7,31,Intersection,At Intersection,Stop Sign,Clear,Daylight,Dry,Non-Fatal Injury,Turning Movement,D31,26,Downsview-Roding-CFB (26),"{'type': 'Point', 'coordinates': (-79.513789, 43.719813)}"
5000989979,2015,00:00.0,300,3,F G GARDINER XY  W,ROYAL YORK RD,NULL,NULL,Etobicoke York,3,22,Mid-Block,NULL,No Control,Rain,Dark,Wet,Fatal,SMV Other,D22,16,Stonegate-Queensway (16),"{'type': 'Point', 'coordinates': (-79.502467, 43.622645)}"
5000992370,2015,00:00.0,1423,14,FINCH AVE E,PAGE AVE,NULL,1,North York,17,33,Intersection,At Intersection,Stop Sign,Clear,Daylight,Dry,Non-Fatal Injury,Cyclist Collisions,D33,52,Bayview Village (52),"{'type': 'Point', 'coordinates': (-79.384326, 43.786685)}"
5000995174,2015,00:00.0,2320,23,AVENUE RD,DAVENPORT RD,NULL,1,Toronto and East York,11,53,Intersection,At Intersection,Traffic Signal,Clear,"Dark, artificial",Dry,Fatal,Cyclist Collisions,D53,95,Annex (95),"{'type': 'Point', 'coordinates': (-79.396594, 43.674712)}"
5000998310,2015,00:00.0,1409,14,TRETHEWEY DR,CLEARVIEW HTS,5 m West of,3,Etobicoke York,5,12,Intersection,At Intersection,No Control,Rain,Daylight,Wet,Non-Fatal Injury,Approaching,D12,112,Beechborough-Greenbrook (112),"{'type': 'Point', 'coordinates': (-79.483188, 43.693354)}"
5001008776,2015,00:00.0,715,7,BAYVIEW AVE,SUTHERLAND DR,NULL,1,North York,15,53,Intersection,At Intersection,Stop Sign,Rain,Dawn,Wet,Non-Fatal Injury,Turning Movement,D53,56,Leaside-Bennington (56),"{'type': 'Point', 'coordinates': (-79.372493, 43.698722)}"
5001021761,2015,00:00.0,900,9,AVENUE RD,FELBRIGG AVE,NULL,1,North York,8,32,Intersection,At Intersection,No Control,Clear,Daylight,Dry,Non-Fatal Injury,Pedestrian Collisions,D32,39,Bedford Park-Nortown (39),"{'type': 'Point', 'coordinates': (-79.419688, 43.734122)}"
5001012309,2015,00:00.0,1724,17,MARTIN GROVE RD,ROYALCREST RD,11 m South of,3,Etobicoke York,1,23,Intersection,Intersection Related,No Control,Clear,Daylight,Dry,Non-Fatal Injury,Pedestrian Collisions,D23,2,Mount Olive-Silverstone-Jamestown (2),"{'type': 'Point', 'coordinates': (-79.599284, 43.752291)}"
5001013446,2015,00:00.0,2049,20,BAYVIEW BLOOR DVP RAMP,DON VALLEY PARKWAY  N,NULL,NULL,Toronto and East York,14,54,Mid-Block,Underpass or Tunnel,No Control,Clear,Dusk,Dry,Non-Fatal Injury,SMV Other,D54,57,Broadview North (57),"{'type': 'Point', 'coordinates': (-79.362384, 43.682849)}"
5001016196,2015,00:00.0,830,8,ARROWSTOOK RD,BURBANK DR,NULL,4,North York,17,33,Intersection,At Intersection,Stop Sign,Clear,Daylight,Dry,Non-Fatal Injury,Cyclist Collisions,D33,52,Bayview Village (52),"{'type': 'Point', 'coordinates': (-79.37704, 43.771262)}"
5001034900,2015,00:00.0,155,1,CARLTON ST,HOMEWOOD AVE,NULL,3,Toronto and East York,13,51,Intersection,At Intersection,Stop Sign,Clear,"Dark, artificial",Dry,Non-Fatal Injury,Cyclist Collisions,D51,73,Moss Park (73),"{'type': 'Point', 'coordinates': (-79.374339, 43.662905)}"
5001050877,2015,00:00.0,1554,15,6 CARIBOO AVE,NULL,NULL,4,Toronto and East York,9,11,Mid-Block,At/Near Private Drive,No Control,Clear,Daylight,Dry,Non-Fatal Injury,Pedestrian Collisions,D11,93,Dovercourt-Wallace Emerson-Junction (93),"{'type': 'Point', 'coordinates': (-79.458461, 43.666697)}"
5001063670,2015,00:00.0,1325,13,COXWELL AVE,ROBBINS AVE,5 m South of,3,Toronto and East York,NULL,55,Intersection,Non Intersection,No Control,Clear,Daylight,Dry,Non-Fatal Injury,Cyclist Collisions,D55,64,Woodbine Corridor (64),"{'type': 'Point', 'coordinates': (-79.318042, 43.669894)}"
5001074217,2015,00:00.0,405,4,457 SPADINA AVE,NULL,18 m East of,1,Toronto and East York,11,NULL,Mid-Block,Non Intersection,No Control,Clear,"Dark, artificial",Dry,Non-Fatal Injury,Pedestrian Collisions,D52,79,University (79),"{'type': 'Point', 'coordinates': (-79.400218, 43.658362)}"
5001077682,2015,00:00.0,1652,16,SHEPPARD AVE E,SHAUGHNESSY BLVD,5 m West of,1,North York,17,33,Intersection,Intersection Related,Traffic Signal,Clear,Daylight,Dry,Non-Fatal Injury,Turning Movement,D33,53,Henry Farm (53),"{'type': 'Point', 'coordinates': (-79.353313, 43.773719)}"
5001079056,2015,00:00.0,2150,21,2058 DUFFERIN ST,NULL,NULL,1,Toronto and East York,NULL,13,Mid-Block,NULL,No Control,Clear,"Dark, artificial",Dry,Fatal,Pedestrian Collisions,D13,107,Oakwood Village (107),"{'type': 'Point', 'coordinates': (-79.446643, 43.686812)}"
5001088565,2015,00:00.0,1539,15,1491 LAKE SHORE BLVD W,NULL,100 m West of,1,Toronto and East York,4,14,Mid-Block,Non Intersection,No Control,Rain,Daylight,Wet,Non-Fatal Injury,SMV Other,D14,85,South Parkdale (85),"{'type': 'Point', 'coordinates': (-79.444095, 43.63642)}"
5001095656,2015,00:00.0,1745,17,300 PROGRESS AVE,NULL,40 m East of,3,Scarborough,21,41,Mid-Block,Non Intersection,No Control,Clear,Daylight,Dry,Non-Fatal Injury,Turning Movement,D41,127,Bendale (127),"{'type': 'Point', 'coordinates': (-79.266902, 43.774325)}"
5001098276,2015,00:00.0,410,4,VICTORIA PARK AVE,YORK MILLS RD,NULL,1,North York,NULL,NULL,Intersection,Intersection Related,Traffic Signal,Clear,"Dark, artificial",Dry,Non-Fatal Injury,Pedestrian Collisions,D41,119,Wexford/Maryvale (119),"{'type': 'Point', 'coordinates': (-79.317523, 43.763011)}"
5001105926,2015,00:00.0,949,9,MARKHAM RD,PROGRESS AVE,NULL,1,Scarborough,24,43,Intersection,At Intersection,Traffic Signal,Clear,Daylight,Dry,Non-Fatal Injury,Turning Movement,D43,137,Woburn (137),"{'type': 'Point', 'coordinates': (-79.23388200000001, 43.781737)}"
5001107596,2015,00:00.0,1525,15,GERRARD ST E,RIVER ST,NULL,3,Toronto and East York,13,51,Intersection,At Intersection,Traffic Signal,Clear,Daylight,Dry,Non-Fatal Injury,Turning Movement,D51,72,Regent Park (72),"{'type': 'Point', 'coordinates': (-79.359233, 43.663695)}"
5000852729,2015,00:00.0,1115,11,DANFORTH AVE,FERRIER AVE,NULL,1,Toronto and East York,14,NULL,Intersection,Intersection Related,No Control,Clear,Daylight,Dry,Non-Fatal Injury,Rear End,D55,68,North Riverdale (68),"{'type': 'Point', 'coordinates': (-79.34827, 43.678198)}"
5001109964,2015,00:00.0,2330,23,WALSH AVE,WESTON RD,22 m East of,1,Etobicoke York,7,31,Intersection,Non Intersection,Traffic Signal,Clear,"Dark, artificial",Dry,Non-Fatal Injury,Rear End,D31,23,Pelmo Park-Humberlea (23),"{'type': 'Point', 'coordinates': (-79.537273, 43.716998)}"
5001110080,2015,00:00.0,2355,23,LAKE SHORE BLVD W,REMEMBRANCE DR,4 m East of,1,Toronto and East York,10,14,Intersection,Intersection Related,Traffic Signal,Clear,"Dark, artificial",Dry,Non-Fatal Injury,Pedestrian Collisions,D14,82,Niagara (82),"{'type': 'Point', 'coordinates': (-79.40874000000001, 43.634425)}"
4002915951,2014,00:00.0,1655,16,HUMBERWOOD BLVD,HULLRICK DR,15 m East of,2,Etobicoke York,1,23,Intersection,Non Intersection,No Control,Rain,Daylight,Wet,Non-Fatal Injury,Approaching,D23,1,West Humber-Clairville (1),"{'type': 'Point', 'coordinates': (-79.619922, 43.723643)}"
5000020238,2015,00:00.0,1904,19,BATHURST ST,COLLEGE ST,60 m North of,1,Toronto and East York,11,14,Mid-Block,Non Intersection,Pedestrian Crossover,Snow,"Dark, artificial",Wet,Non-Fatal Injury,Pedestrian Collisions,D14,79,University (79),"{'type': 'Point', 'coordinates': (-79.408206, 43.657664)}"
5000706229,2015,00:00.0,40,0,MARTIN GROVE RD,DIXON RD,NULL,1,Etobicoke York,NULL,23,Intersection,At Intersection,Traffic Signal,Clear,"Dark, artificial",Dry,Non-Fatal Injury,Pedestrian Collisions,D23,1,West Humber-Clairville (1),"{'type': 'Point', 'coordinates': (-79.570819, 43.69158000000001)}"
5000716436,2015,00:00.0,1637,16,2628 MCCOWAN RD,NULL,NULL,1,Scarborough,23,42,Mid-Block,Non Intersection,No Control,Clear,Daylight,Dry,Non-Fatal Injury,Approaching,D42,129,Agincourt North (129),"{'type': 'Point', 'coordinates': (-79.266132, 43.807139)}"
5000022438,2015,00:00.0,747,7,DUFFERIN ST,STEEPROCK DR,NULL,1,North York,6,32,Intersection,At Intersection,Traffic Signal,Clear,Daylight,Dry,Non-Fatal Injury,Turning Movement,D32,34,Bathurst Manor (34),"{'type': 'Point', 'coordinates': (-79.465198, 43.761031)}"
943180,2006,00:00.0,1300,13,MORTIMER Aven,BINSWOOD Aven,NULL,3,Toronto and East York,19,54,Intersection,At Intersection,Stop Sign,Rain,Daylight,Wet,Non-Fatal Injury,Pedestrian Collisions,D54,59,Danforth East York (59),"{'type': 'Point', 'coordinates': (-79.32279, 43.691145)}"
940482,2006,00:00.0,1700,17,1568 MIDLAND Ave,NULL,NULL,1,Scarborough,21,41,Mid-Block,NULL,Pedestrian Crossover,Clear,Dark,Wet,Non-Fatal Injury,Pedestrian Collisions,D41,127,Bendale (127),"{'type': 'Point', 'coordinates': (-79.26649, 43.755445)}"
947143,2006,00:00.0,2248,22,VICTORIA PARK AVE,HUNTINGWOOD DR,NULL,1,North York,NULL,NULL,Intersection,At Intersection,Traffic Signal,Drifting Snow,Dark,Wet,Non-Fatal Injury,Pedestrian Collisions,D42,117,L'Amoreaux (117),"{'type': 'Point', 'coordinates': (-79.32539, 43.780345)}"
940622,2006,00:00.0,700,7,FENSIDE Dr,YORK MILLS Rd,NULL,1,North York,16,33,Intersection,NULL,Traffic Signal,Clear,Dawn,Other,Non-Fatal Injury,Pedestrian Collisions,D33,45,Parkwoods-Donalda (45),"{'type': 'Point', 'coordinates': (-79.32769, 43.760645)}"
940627,2006,00:00.0,1517,15,WHITEWOOD RD,DAVISVILLE AVE,NULL,2,North York,15,53,Intersection,NULL,No Control,Clear,Daylight,Dry,Non-Fatal Injury,Pedestrian Collisions,D53,99,Mount Pleasant East (99),"{'type': 'Point', 'coordinates': (-79.37529, 43.702745)}"
940637,2006,00:00.0,1545,15,BRIMLEY RD,HUNTINGWOOD DR,NULL,1,Scarborough,23,42,Mid-Block,NULL,No Control,Clear,Daylight,Dry,Fatal,Pedestrian Collisions,D42,129,Agincourt North (129),"{'type': 'Point', 'coordinates': (-79.27219, 43.795845)}"
940647,2006,00:00.0,1630,16,PARK RD,ROSEDALE VALLEY RD,NULL,3,Toronto and East York,11,53,Intersection,At Intersection,Stop Sign,Clear,Daylight,Dry,Non-Fatal Injury,Rear End,D53,98,Rosedale-Moore Park (98),"{'type': 'Point', 'coordinates': (-79.38409, 43.673445)}"
943330,2006,00:00.0,1800,18,40 KING St W,NULL,NULL,1,Toronto and East York,13,52,Mid-Block,NULL,No Control,Clear,Dark,Dry,Non-Fatal Injury,Cyclist Collisions,D52,76,Bay Street Corridor (76),"{'type': 'Point', 'coordinates': (-79.37939, 43.648845)}"
957584,2006,00:00.0,2008,20,SENLAC RD,FINCH AVE W,NULL,1,North York,18,32,Intersection,NULL,Traffic Signal,Snow,Dark,Wet,Non-Fatal Injury,Pedestrian Collisions,D32,37,Willowdale West (37),"{'type': 'Point', 'coordinates': (-79.43029, 43.776445)}"
943367,2006,00:00.0,1024,10,ST CLAIR Ave W,WINONA Dr,NULL,1,Toronto and East York,NULL,13,Intersection,NULL,Traffic Signal,Clear,Daylight,Dry,Non-Fatal Injury,Sideswipe,D13,94,Wychwood (94),"{'type': 'Point', 'coordinates': (-79.43249, 43.680245)}"
940775,2006,00:00.0,1719,17,JANE ST,BEXLEY CRES,NULL,1,Etobicoke York,5,12,Intersection,NULL,No Control,Clear,Dark,Dry,Fatal,Pedestrian Collisions,D12,111,Rockcliffe-Smythe (111),"{'type': 'Point', 'coordinates': (-79.49759, 43.680545)}"
940858,2006,00:00.0,2250,22,BAY ST,YORKVILLE AVE,NULL,1,Toronto and East York,11,53,Mid-Block,NULL,No Control,Clear,Dark,Dry,Non-Fatal Injury,Approaching,D53,95,Annex (95),"{'type': 'Point', 'coordinates': (-79.39039, 43.671945)}"
944350,2006,00:00.0,20,0,LAWRENCE AVE W,ROSEWELL AVE,NULL,1,North York,8,NULL,Mid-Block,NULL,No Control,Clear,Dark,Dry,Non-Fatal Injury,Pedestrian Collisions,D32,105,Lawrence Park North (105),"{'type': 'Point', 'coordinates': (-79.41269, 43.722945)}"
940984,2006,00:00.0,831,8,KING ST W,JOHN ST,NULL,1,Toronto and East York,10,52,Intersection,At Intersection,Traffic Signal,Clear,Daylight,Dry,Non-Fatal Injury,Angle,D52,77,Waterfront Communities-The Island (77),"{'type': 'Point', 'coordinates': (-79.38979, 43.646545)}"
944952,2006,00:00.0,1405,14,YONGE ST,WANLESS AVE,NULL,1,North York,NULL,32,Intersection,At Intersection,Stop Sign,Clear,Daylight,Dry,Non-Fatal Injury,Pedestrian Collisions,D32,105,Lawrence Park North (105),"{'type': 'Point', 'coordinates': (-79.40249, 43.726245)}"
944497,2006,00:00.0,1200,12,CHURCH ST,LOMBARD ST,NULL,1,Toronto and East York,13,51,Mid-Block,NULL,No Control,Rain,Daylight,Wet,Non-Fatal Injury,Approaching,D51,75,Church-Yonge Corridor (75),"{'type': 'Point', 'coordinates': (-79.37509, 43.651445)}"
941251,2006,00:00.0,1813,18,ASHTONBEE RD,WARDEN AVE,NULL,2,Scarborough,21,41,Mid-Block,NULL,No Control,Clear,Dark,Dry,Non-Fatal Injury,SMV Other,D41,119,Wexford/Maryvale (119),"{'type': 'Point', 'coordinates': (-79.28679, 43.731145)}"
962798,2007,00:00.0,1444,14,WILSON AVE,FAYWOOD BLVD,NULL,1,North York,6,32,Mid-Block,NULL,No Control,Clear,Daylight,Dry,Non-Fatal Injury,Rear End,D32,33,Clanton Park (33),"{'type': 'Point', 'coordinates': (-79.44599, 43.734845)}"
946237,2006,00:00.0,1355,13,WILSON AVE,ELROSE AVE,NULL,1,Etobicoke York,7,31,Mid-Block,NULL,No Control,Clear,Daylight,Dry,Non-Fatal Injury,Turning Movement,D31,26,Downsview-Roding-CFB (26),"{'type': 'Point', 'coordinates': (-79.52409, 43.717445)}"
971237,2007,00:00.0,1905,19,EGLINTON AVE E,BRIMLEY RD,NULL,1,Scarborough,NULL,NULL,Intersection,NULL,Traffic Signal,Clear,Daylight,Dry,Non-Fatal Injury,Angle,D41,138,Eglinton East (138),"{'type': 'Point', 'coordinates': (-79.24809, 43.736645)}"
951917,2007,00:00.0,1521,15,114 LA ROSE AVE,NULL,NULL,2,Etobicoke York,2,23,Mid-Block,NULL,No Control,Clear,Daylight,Dry,Non-Fatal Injury,Pedestrian Collisions,D23,8,Humber Heights-Westmount (8),"{'type': 'Point', 'coordinates': (-79.52069, 43.68564500000001)}"
923894,2006,00:00.0,2208,22,F G GARDINER XY  W,DOWLING AVE,NULL,4,Toronto and East York,4,14,Mid-Block,NULL,No Control,Rain,Dark,Wet,Non-Fatal Injury,Pedestrian Collisions,D14,85,South Parkdale (85),"{'type': 'Point', 'coordinates': (-79.43769, 43.634345)}"
946202,2007,00:00.0,1336,13,FINCH AVE E,MARKHAM RD,NULL,1,Scarborough,23,42,Mid-Block,Non Intersection,No Control,Clear,Daylight,Dry,Non-Fatal Injury,SMV Other,D42,129,Agincourt North (129),"{'type': 'Point', 'coordinates': (-79.250491, 43.811343)}"
969646,2007,00:00.0,1836,18,DUNDAS SQ,OKEEFE LANE,NULL,2,Toronto and East York,13,NULL,Mid-Block,NULL,No Control,Clear,Daylight,Dry,Non-Fatal Injury,SMV Other,D51,75,Church-Yonge Corridor (75),"{'type': 'Point', 'coordinates': (-79.37979, 43.655945)}"
942452,2006,00:00.0,1922,19,LAKE SHORE BLVD E,LOWER JARVIS ST,NULL,1,Toronto and East York,10,51,Intersection,At Intersection,Traffic Signal,Clear,Dark,Dry,Non-Fatal Injury,Pedestrian Collisions,D51,77,Waterfront Communities-The Island (77),"{'type': 'Point', 'coordinates': (-79.36989, 43.645645)}"
958350,2007,00:00.0,920,9,CROCKFORD BLVD,BERTRAND AVE,NULL,2,Scarborough,21,41,Intersection,NULL,No Control,Clear,Daylight,Dry,Non-Fatal Injury,Turning Movement,D41,119,Wexford/Maryvale (119),"{'type': 'Point', 'coordinates': (-79.28599, 43.733845)}"
961403,2007,00:00.0,110,1,HORTICULTURAL AVE,GERRARD ST E,NULL,3,Toronto and East York,13,51,Mid-Block,NULL,No Control,Clear,Dark,Ice,Non-Fatal Injury,Pedestrian Collisions,D51,73,Moss Park (73),"{'type': 'Point', 'coordinates': (-79.37479, 43.660945)}"
927841,2006,00:00.0,929,9,SKYMARK DR,DON MILLS RD,NULL,2,North York,17,33,Mid-Block,NULL,Pedestrian Crossover,Clear,Daylight,Dry,Non-Fatal Injury,Pedestrian Collisions,D33,48,Hillcrest Village (48),"{'type': 'Point', 'coordinates': (-79.35249, 43.793945)}"
946528,2007,00:00.0,2125,21,DON VALLEY PARKWAY  N,LEASIDE BDGE Road,NULL,1,Toronto and East York,14,54,NULL,NULL,No Control,Clear,Dark,Dry,Non-Fatal Injury,Pedestrian Collisions,D54,58,Old East York (58),"{'type': 'Point', 'coordinates': (-79.34959, 43.697845)}"
971246,2007,00:00.0,1520,15,DANFORTH AVE,GILLARD AVE,NULL,1,Toronto and East York,14,NULL,Intersection,NULL,Traffic Signal,Clear,Daylight,Dry,Non-Fatal Injury,Rear End,D55,66,Danforth (66),"{'type': 'Point', 'coordinates': (-79.32829, 43.682345)}"
961870,2007,00:00.0,2120,21,YONGE ST,SCRIVENER SQ,NULL,1,Toronto and East York,11,53,Intersection,At Intersection,No Control,Clear,Dark,Dry,Fatal,Pedestrian Collisions,D53,98,Rosedale-Moore Park (98),"{'type': 'Point', 'coordinates': (-79.39099, 43.680445)}"
962132,2007,00:00.0,643,6,BIRCHMOUNT RD,MERRYFIELD DR,NULL,1,Scarborough,21,41,Mid-Block,NULL,No Control,Clear,Dawn,Dry,Fatal,Approaching,D41,126,Dorset Park (126),"{'type': 'Point', 'coordinates': (-79.28629, 43.751145)}"
962372,2007,00:00.0,2108,21,QUEEN ST W,LANSDOWNE AVE,NULL,1,Toronto and East York,4,NULL,Intersection,NULL,No Control,Clear,Dark,Dry,Fatal,Pedestrian Collisions,D11,86,Roncesvalles (86),"{'type': 'Point', 'coordinates': (-79.43649, 43.640645)}"
966139,2007,00:00.0,1220,12,KINGSTON RD,EASTVILLE AVE,NULL,1,Scarborough,20,43,Mid-Block,NULL,No Control,Clear,Daylight,Dry,Non-Fatal Injury,Pedestrian Collisions,D43,123,Cliffcrest (123),"{'type': 'Point', 'coordinates': (-79.23669, 43.721445)}"
966448,2007,00:00.0,1305,13,UNIVERSITY AVE,WELLINGTON ST W,NULL,1,Toronto and East York,10,52,Intersection,At Intersection,Traffic Signal,Clear,Daylight,Wet,Non-Fatal Injury,Cyclist Collisions,D52,76,Bay Street Corridor (76),"{'type': 'Point', 'coordinates': (-79.38409, 43.646345)}"
967064,2007,00:00.0,316,3,FINCH AVE W,MARTIN GROVE RD,NULL,1,Etobicoke York,1,23,Mid-Block,NULL,No Control,Snow,Dark,Wet,Non-Fatal Injury,Approaching,D23,2,Mount Olive-Silverstone-Jamestown (2),"{'type': 'Point', 'coordinates': (-79.59029, 43.73724500000001)}"
946073,2006,00:00.0,1350,13,52 RANEE AVE,NULL,NULL,2,North York,8,32,Mid-Block,NULL,No Control,Clear,Daylight,Dry,Non-Fatal Injury,Approaching,D32,32,Englemount-Lawrence (32),"{'type': 'Point', 'coordinates': (-79.43439000000001, 43.726345)}"
968070,2007,00:00.0,2257,22,BATHURST ST,MARKDALE AVE,NULL,1,Toronto and East York,12,13,Mid-Block,NULL,No Control,Clear,Dark,Dry,Non-Fatal Injury,SMV Unattended Vehicle,D13,101,Forest Hill South (101),"{'type': 'Point', 'coordinates': (-79.42289, 43.694345)}"
967321,2007,00:00.0,1645,16,ABITIBI AVE,YONGE ST,NULL,4,North York,18,32,Mid-Block,NULL,No Control,Clear,Daylight,Dry,Non-Fatal Injury,Pedestrian Collisions,D32,50,Newtonbrook East (50),"{'type': 'Point', 'coordinates': (-79.41909, 43.796445)}"