ACCNUM,YEAR,DATE,TIME,HOUR,STREET1,STREET2,OFFSET,ROAD_CLASS,DISTRICT,WARDNUM,DIVISION,LOCCOORD,ACCLOC,TRAFFCTL,VISIBILITY,LIGHT,RDSFCOND,ACCLASS,IMPACTYPE,POLICE_DIVISION,HOOD_ID,NEIGHBOURHOOD,geometry
1012986,2008,00:00.0,1826,18,EGLINTON AVE E,OSWEGO RD,NULL,1,Scarborough,NULL,43,Intersection,NULL,No Control,Rain,Dark,Wet,Fatal,Pedestrian Collisions,D43,138,Eglinton East (138),"{'type': 'Point', 'coordinates': (-79.24369, 43.737645)}"
1012988,2008,00:00.0,1935,19,SANDWELL DR,THE WESTWAY,NULL,4,Etobicoke York,2,23,Mid-Block,NULL,No Control,Clear,Dark,Wet,Fatal,Pedestrian Collisions,D23,7,Willowridge-Martingrove-Richview (7),"{'type': 'Point', 'coordinates': (-79.56499, 43.68434500000001)}"
1013236,2008,00:00.0,1702,17,AVENUE RD,CARMICHAEL AVE,NULL,1,North York,8,32,Intersection,At Intersection,Traffic Signal,Clear,Dark,Wet,Fatal,Pedestrian Collisions,D32,39,Bedford Park-Nortown (39),"{'type': 'Point', 'coordinates': (-79.42059, 43.737545)}"
1015331,2008,00:00.0,1730,17,BELGREEN AVE,TAMORA CRT,NULL,4,Scarborough,22,42,Intersection,At Intersection,Stop Sign,Clear,Dark,Wet,Non-Fatal Injury,Pedestrian Collisions,D42,118,Tam O'Shanter-Sullivan (118),"{'type': 'Point', 'coordinates': (-79.29049, 43.794945)}"
1015320,2008,00:00.0,1803,18,ST DENNIS DR,DEAUVILLE LANE,NULL,2,North York,16,54,Intersection,NULL,Traffic Signal,Rain,Dark,Wet,Non-Fatal Injury,Pedestrian Collisions,D54,44,Flemingdon Park (44),"{'type': 'Point', 'coordinates': (-79.33139, 43.718345)}"
1019958,2008,00:00.0,328,3,VAUGHAN RD,KENWOOD AVE,NULL,3,Toronto and East York,12,13,Intersection,At Intersection,Traffic Signal,Rain,Dark,Wet,Non-Fatal Injury,Angle,D13,106,Humewood-Cedarvale (106),"{'type': 'Point', 'coordinates': (-79.42369, 43.687645)}"
1014167,2008,00:00.0,820,8,LONEY AVE,DALLNER RD,NULL,4,Etobicoke York,7,31,Intersection,At Intersection,Stop Sign,Clear,Daylight,Wet,Non-Fatal Injury,Pedestrian Collisions,D31,26,Downsview-Roding-CFB (26),"{'type': 'Point', 'coordinates': (-79.51489, 43.722345000000004)}"
1015680,2008,00:00.0,944,9,FINCH AVE E,CHEROKEE BLVD,NULL,1,North York,17,33,Intersection,NULL,Traffic Signal,Clear,Daylight,Dry,Non-Fatal Injury,Pedestrian Collisions,D33,46,Pleasant View (46),"{'type': 'Point', 'coordinates': (-79.33699000000001, 43.793545)}"
1015704,2008,00:00.0,1840,18,MALVERN ST,MAMMOTH HALL TRL,NULL,2,Scarborough,23,42,Intersection,At Intersection,Stop Sign,Clear,Dark,Dry,Non-Fatal Injury,Pedestrian Collisions,D42,132,Malvern (132),"{'type': 'Point', 'coordinates': (-79.23579000000001, 43.796745)}"
1014650,2008,00:00.0,2232,22,35 BENDALE BLVD,NULL,NULL,4,Scarborough,21,43,Mid-Block,NULL,No Control,Snow,Dark,Wet,Non-Fatal Injury,SMV Other,D43,127,Bendale (127),"{'type': 'Point', 'coordinates': (-79.23979, 43.749845)}"
1014871,2008,00:00.0,652,6,ROGERS RD,BICKNELL AVE,NULL,3,Etobicoke York,5,12,Mid-Block,At Intersection,No Control,Snow,"Dusk, artificial",Slush,Non-Fatal Injury,Pedestrian Collisions,D12,110,Keelesdale-Eglinton West (110),"{'type': 'Point', 'coordinates': (-79.47199, 43.682045)}"
1018105,2008,00:00.0,720,7,FINCH AVE W,RUMIKE RD,NULL,1,Etobicoke York,7,31,Mid-Block,NULL,No Control,Snow,Daylight,Loose Snow,Non-Fatal Injury,Pedestrian Collisions,D31,21,Humber Summit (21),"{'type': 'Point', 'coordinates': (-79.54969, 43.75054500000001)}"
1015222,2008,00:00.0,950,9,WESTON RD,401 C W WESTON RD RAMP  E,NULL,1,Etobicoke York,7,31,Intersection,NULL,Traffic Signal,Clear,Daylight,Dry,Non-Fatal Injury,Approaching,D31,23,Pelmo Park-Humberlea (23),"{'type': 'Point', 'coordinates': (-79.53669, 43.714745)}"
1015408,2008,00:00.0,1608,16,KENNEDY Road,HAVENDALE Road,NULL,1,Scarborough,22,42,Intersection,At Intersection,Traffic Signal,Clear,Daylight,Dry,Non-Fatal Injury,Turning Movement,D42,128,Agincourt South-Malvern West (128),"{'type': 'Point', 'coordinates': (-79.29169, 43.791045)}"
1015577,2008,00:00.0,1750,17,FINCH AVE E,WILFRED AVE,NULL,1,North York,18,32,Mid-Block,At Intersection,No Control,Snow,Dark,Wet,Non-Fatal Injury,Pedestrian Collisions,D32,50,Newtonbrook East (50),"{'type': 'Point', 'coordinates': (-79.40149, 43.782845)}"
974540,2007,00:00.0,2037,20,6700 FINCH AVE W,NULL,NULL,1,Etobicoke York,1,23,Mid-Block,NULL,No Control,Clear,Dark,Dry,Non-Fatal Injury,Rear End,D23,1,West Humber-Clairville (1),"{'type': 'Point', 'coordinates': (-79.61329, 43.734445)}"
981276,2007,00:00.0,930,9,YONGE ST,DUNDAS ST W,NULL,1,Toronto and East York,NULL,NULL,Mid-Block,At Intersection,No Control,Clear,Daylight,Dry,Non-Fatal Injury,Pedestrian Collisions,D52,75,Church-Yonge Corridor (75),"{'type': 'Point', 'coordinates': (-79.38109, 43.656645)}"
989800,2007,00:00.0,1250,12,LIPTON AVE,PAPE AVE,NULL,4,Toronto and East York,14,54,Mid-Block,NULL,No Control,Clear,Daylight,Dry,Non-Fatal Injury,SMV Other,D54,66,Danforth (66),"{'type': 'Point', 'coordinates': (-79.34469, 43.679745)}"
997765,2007,00:00.0,235,2,215 CARLINGVIEW Driv,NULL,NULL,1,Etobicoke York,1,23,Mid-Block,NULL,No Control,Clear,Dark,Dry,Non-Fatal Injury,Pedestrian Collisions,D23,1,West Humber-Clairville (1),"{'type': 'Point', 'coordinates': (-79.59529, 43.686145)}"
985455,2007,00:00.0,1341,13,MADELAINE AVE,DANFORTH AVE,NULL,4,Scarborough,20,41,Mid-Block,NULL,No Control,Clear,Daylight,Dry,Non-Fatal Injury,Pedestrian Collisions,D41,121,Oakridge (121),"{'type': 'Point', 'coordinates': (-79.284587, 43.692446)}"
995372,2007,00:00.0,235,2,BROADVIEW AVE,VICTOR AVE,NULL,3,Toronto and East York,14,55,Mid-Block,NULL,No Control,Clear,Dark,Dry,Non-Fatal Injury,SMV Other,D55,68,North Riverdale (68),"{'type': 'Point', 'coordinates': (-79.35339, 43.667345)}"
1006449,2007,00:00.0,1825,18,KING ST W,SUDBURY ST,NULL,1,Toronto and East York,10,14,Intersection,At Intersection,Traffic Signal,Clear,Dark,Dry,Non-Fatal Injury,Cyclist Collisions,D14,82,Niagara (82),"{'type': 'Point', 'coordinates': (-79.41719, 43.640945)}"
980579,2007,00:00.0,954,9,YONGE ST,MERTON ST,NULL,1,Toronto and East York,12,53,Intersection,At Intersection,Traffic Signal,Clear,Daylight,Dry,Non-Fatal Injury,Pedestrian Collisions,D53,104,Mount Pleasant West (104),"{'type': 'Point', 'coordinates': (-79.39619, 43.696145)}"
992577,2007,00:00.0,1711,17,HOWLAND AVE,BRUNSWICK AVE,NULL,1,Toronto and East York,11,14,Mid-Block,NULL,No Control,Clear,Daylight,Dry,Non-Fatal Injury,SMV Unattended Vehicle,D14,95,Annex (95),"{'type': 'Point', 'coordinates': (-79.41089, 43.673845)}"
981510,2007,00:00.0,1255,12,COXWELL AVE,COSBURN AVE,NULL,3,Toronto and East York,NULL,54,Intersection,At Intersection,Traffic Signal,Clear,Daylight,Dry,Non-Fatal Injury,Angle,D54,58,Old East York (58),"{'type': 'Point', 'coordinates': (-79.32799, 43.694145)}"
985456,2007,00:00.0,1341,13,MADELAINE AVE,DANFORTH AVE,NULL,1,Scarborough,20,41,Intersection,NULL,No Control,Clear,Daylight,Dry,Non-Fatal Injury,Pedestrian Collisions,D41,121,Oakridge (121),"{'type': 'Point', 'coordinates': (-79.28449, 43.692045)}"
982822,2007,00:00.0,1045,10,STEELES AVE E,REESOR RD,NULL,3,Scarborough,25,42,Intersection,At Intersection,Traffic Signal,Clear,Daylight,Dry,Non-Fatal Injury,Turning Movement,D42,131,Rouge (131),"{'type': 'Point', 'coordinates': (-79.19929, 43.848445)}"
973970,2007,00:00.0,1610,16,RUNNYMEDE Road,ST CLAIR Aven W,NULL,1,Etobicoke York,5,NULL,Mid-Block,NULL,No Control,Clear,Daylight,Dry,Non-Fatal Injury,Sideswipe,D11,90,Junction Area (90),"{'type': 'Point', 'coordinates': (-79.48349, 43.668745)}"
980737,2007,00:00.0,2250,22,YONGE ST,SHEPPARD AVE W,NULL,1,North York,18,32,Mid-Block,NULL,No Control,Clear,Daylight,Dry,Non-Fatal Injury,Pedestrian Collisions,D32,51,Willowdale East (51),"{'type': 'Point', 'coordinates': (-79.41099000000001, 43.761845)}"
1008571,2007,00:00.0,724,7,LAKE SHORE BLVD W,LONG BRANCH AVE,NULL,1,Etobicoke York,3,22,Intersection,At Intersection,Traffic Signal,Clear,Daylight,Dry,Non-Fatal Injury,Pedestrian Collisions,D22,19,Long Branch (19),"{'type': 'Point', 'coordinates': (-79.53399, 43.594345)}"
992576,2007,00:00.0,950,9,STEELES AVE E,VICTORIA PARK AVE,NULL,1,Scarborough,22,42,Mid-Block,At Intersection,No Control,Clear,Daylight,Dry,Non-Fatal Injury,Pedestrian Collisions,D42,116,Steeles (116),"{'type': 'Point', 'coordinates': (-79.33699000000001, 43.816745)}"
985457,2007,00:00.0,1345,13,JOHN ST,WESTON RD,NULL,2,Etobicoke York,5,12,Mid-Block,NULL,No Control,Clear,Daylight,Dry,Non-Fatal Injury,Pedestrian Collisions,D12,113,Weston (113),"{'type': 'Point', 'coordinates': (-79.51749, 43.701245)}"
1000440,2007,00:00.0,1449,14,STEELES Aven E,BEARE Road,NULL,3,Scarborough,25,42,Intersection,NULL,Stop Sign,Clear,Daylight,Dry,Non-Fatal Injury,Angle,D42,131,Rouge (131),"{'type': 'Point', 'coordinates': (-79.17999, 43.853145)}"
976207,2007,00:00.0,1029,10,BRIMLEY RD,BLUFFERS PARK,NULL,5,Scarborough,20,41,Mid-Block,NULL,No Control,Clear,Daylight,Dry,Non-Fatal Injury,Pedestrian Collisions,D41,123,Cliffcrest (123),"{'type': 'Point', 'coordinates': (-79.23599, 43.706145)}"
975541,2007,00:00.0,1630,16,DUFFERIN ST,LAPPIN AVE,NULL,1,Toronto and East York,9,NULL,Mid-Block,NULL,No Control,Clear,Daylight,Dry,Non-Fatal Injury,Turning Movement,D11,93,Dovercourt-Wallace Emerson-Junction (93),"{'type': 'Point', 'coordinates': (-79.43879, 43.667745)}"
986221,2007,00:00.0,316,3,COLLEGE ST,BRUNSWICK AVE,NULL,1,Toronto and East York,11,14,Intersection,NULL,No Control,Clear,Dark,Dry,Non-Fatal Injury,Pedestrian Collisions,D14,78,Kensington-Chinatown (78),"{'type': 'Point', 'coordinates': (-79.40379, 43.657245)}"
986578,2007,00:00.0,2016,20,1655 BLOOR ST W,NULL,NULL,1,Toronto and East York,4,11,Mid-Block,NULL,No Control,Clear,Daylight,Dry,Non-Fatal Injury,Turning Movement,D11,87,High Park-Swansea (87),"{'type': 'Point', 'coordinates': (-79.45639, 43.655445)}"
999776,2007,00:00.0,945,9,TECUMSETH ST,RICHMOND ST W,NULL,4,Toronto and East York,10,14,Intersection,At Intersection,Stop Sign,Clear,Daylight,Dry,Non-Fatal Injury,Pedestrian Collisions,D14,82,Niagara (82),"{'type': 'Point', 'coordinates': (-79.40629, 43.645945)}"
981212,2007,00:00.0,1210,12,OLD KINGSTON RD,MORRISH RD,NULL,3,Scarborough,25,43,Intersection,At Intersection,Stop Sign,Clear,Daylight,Dry,Non-Fatal Injury,SMV Other,D43,133,Centennial Scarborough (133),"{'type': 'Point', 'coordinates': (-79.17069, 43.783245)}"
1002607,2007,00:00.0,1415,14,DANFORTH RD,BIRCHMOUNT RD,NULL,3,Scarborough,20,41,Intersection,At Intersection,Traffic Signal,Clear,Daylight,Wet,Non-Fatal Injury,Pedestrian Collisions,D41,120,Clairlea-Birchmount (120),"{'type': 'Point', 'coordinates': (-79.26809, 43.706945)}"
985490,2007,00:00.0,1134,11,ISLINGTON AVE,ROWNTREE MILL RD,NULL,1,Etobicoke York,7,31,Mid-Block,NULL,No Control,Clear,Daylight,Dry,Non-Fatal Injury,Pedestrian Collisions,D31,21,Humber Summit (21),"{'type': 'Point', 'coordinates': (-79.56859, 43.753345)}"
973958,2007,00:00.0,505,5,ELLESMERE RD,MORRISH RD,NULL,3,Scarborough,25,43,Intersection,At Intersection,Traffic Signal,Clear,Dark,Dry,Non-Fatal Injury,Pedestrian Collisions,D43,134,Highland Creek (134),"{'type': 'Point', 'coordinates': (-79.17339, 43.790145)}"
983259,2007,00:00.0,1030,10,DUNDAS ST W,SORAUREN AVE,NULL,3,Toronto and East York,4,11,Intersection,At Intersection,Traffic Signal,Rain,Daylight,Wet,Non-Fatal Injury,SMV Other,D11,86,Roncesvalles (86),"{'type': 'Point', 'coordinates': (-79.44529, 43.651145)}"
986597,2007,00:00.0,250,2,CHRISTIE ST,BLOOR ST W,NULL,3,Toronto and East York,11,14,Mid-Block,NULL,No Control,Clear,Dark,Dry,Non-Fatal Injury,SMV Other,D14,93,Dovercourt-Wallace Emerson-Junction (93),"{'type': 'Point', 'coordinates': (-79.41889, 43.664045)}"
999758,2007,00:00.0,1020,10,STEELES Aven W,PETROLIA Road,NULL,1,North York,6,31,Intersection,At Intersection,Traffic Signal,Clear,Daylight,Dry,Non-Fatal Injury,Angle,D31,27,York University Heights (27),"{'type': 'Point', 'coordinates': (-79.49009, 43.782545)}"
994265,2007,00:00.0,1555,15,ALBION RD,CALSTOCK DR,NULL,1,Etobicoke York,1,23,Mid-Block,At Intersection,No Control,Clear,Daylight,Dry,Non-Fatal Injury,Approaching,D23,3,Thistletown-Beaumond Heights (3),"{'type': 'Point', 'coordinates': (-79.55789, 43.733945)}"
1005723,2007,00:00.0,1050,10,2098 BRIMLEY Rd,NULL,NULL,1,Scarborough,23,42,Mid-Block,NULL,No Control,Clear,Daylight,Dry,Non-Fatal Injury,Turning Movement,D42,128,Agincourt South-Malvern West (128),"{'type': 'Point', 'coordinates': (-79.26899, 43.788245)}"
991215,2007,00:00.0,1655,16,TRITON RD,BOROUGH DR,NULL,5,Scarborough,21,43,Mid-Block,NULL,No Control,Clear,Daylight,Dry,Non-Fatal Injury,Pedestrian Collisions,D43,127,Bendale (127),"{'type': 'Point', 'coordinates': (-79.25299, 43.775345)}"
983273,2007,00:00.0,2051,20,EGLINTON AVE W,ISLINGTON AVE,NULL,1,Etobicoke York,2,NULL,Mid-Block,NULL,No Control,Rain,Dusk,Wet,Non-Fatal Injury,Sideswipe,D23,7,Willowridge-Martingrove-Richview (7),"{'type': 'Point', 'coordinates': (-79.53369, 43.680945)}"
972321,2007,00:00.0,1245,12,TEDDINGTON PARK Ave,YONGE St,NULL,1,North York,NULL,32,Intersection,NULL,No Control,Clear,Daylight,Dry,Non-Fatal Injury,Pedestrian Collisions,D32,105,Lawrence Park North (105),"{'type': 'Point', 'coordinates': (-79.40419, 43.732945)}"
976691,2007,00:00.0,2009,20,WARDEN AVE,SHEPPARD AVE E,NULL,1,Scarborough,22,42,Intersection,At Intersection,Traffic Signal,Clear,Daylight,Dry,Non-Fatal Injury,Pedestrian Collisions,D42,118,Tam O'Shanter-Sullivan (118),"{'type': 'Point', 'coordinates': (-79.30789, 43.778745)}"
998025,2007,00:00.0,1350,13,SIGNET Driv,FINCH Aven W,NULL,1,Etobicoke York,7,31,Intersection,At Intersection,Traffic Signal,Clear,Daylight,Dry,Non-Fatal Injury,Approaching,D31,22,Humbermede (22),"{'type': 'Point', 'coordinates': (-79.53629, 43.753245)}"
986599,2007,00:00.0,2335,23,DANFORTH AVE,PAPE AVE,NULL,1,Toronto and East York,14,NULL,Intersection,NULL,Traffic Signal,Clear,Dark,Dry,Non-Fatal Injury,Cyclist Collisions,D55,69,Blake-Jones (69),"{'type': 'Point', 'coordinates': (-79.34479, 43.678945)}"
992854,2007,00:00.0,1640,16,DON MILLS RD,EGLINTON AVE E,NULL,1,North York,16,33,Mid-Block,NULL,No Control,Clear,Daylight,Dry,Non-Fatal Injury,Rear End,D33,42,Banbury-Don Mills (42),"{'type': 'Point', 'coordinates': (-79.33899, 43.720945)}"
972006,2007,00:00.0,1800,18,STEELES AVE W,GIHON SPRING DR,NULL,1,Etobicoke York,1,23,Mid-Block,NULL,No Control,Clear,Daylight,Dry,Non-Fatal Injury,Pedestrian Collisions,D23,2,Mount Olive-Silverstone-Jamestown (2),"{'type': 'Point', 'coordinates': (-79.59569, 43.759545)}"
991252,2007,00:00.0,1204,12,ST CLAIR AVE W,CALEDONIA RD,NULL,1,Toronto and East York,9,13,Intersection,NULL,Traffic Signal,Clear,Daylight,Dry,Non-Fatal Injury,Rear End,D13,92,Corso Italia-Davenport (92),"{'type': 'Point', 'coordinates': (-79.45479, 43.675345)}"
979559,2007,00:00.0,2227,22,ALBION RD,MARTIN GROVE RD,NULL,1,Etobicoke York,1,23,Intersection,At Intersection,Traffic Signal,Clear,Dark,Dry,Non-Fatal Injury,Angle,D23,2,Mount Olive-Silverstone-Jamestown (2),"{'type': 'Point', 'coordinates': (-79.59419, 43.741945)}"
986752,2007,00:00.0,914,9,KIPLING AVE,HUNTING RIDGE,NULL,1,Etobicoke York,2,23,Intersection,At Intersection,Traffic Signal,Clear,Daylight,Dry,Non-Fatal Injury,Angle,D23,7,Willowridge-Martingrove-Richview (7),"{'type': 'Point', 'coordinates': (-79.55279, 43.681345)}"
991336,2007,00:00.0,1815,18,COMBERMERE DR,RAYOAK DR,NULL,4,North York,16,33,Intersection,NULL,Stop Sign,Clear,Daylight,Dry,Non-Fatal Injury,Cyclist Collisions,D33,45,Parkwoods-Donalda (45),"{'type': 'Point', 'coordinates': (-79.31809, 43.759545)}"
999852,2007,00:00.0,650,6,YONGE ST,AVONDALE AVE,NULL,1,North York,18,32,Intersection,At Intersection,Traffic Signal,Rain,Dark,Wet,Non-Fatal Injury,Pedestrian Collisions,D32,51,Willowdale East (51),"{'type': 'Point', 'coordinates': (-79.41009, 43.758245)}"
1008573,2007,00:00.0,205,2,ROMAC DR,CAMOR CRT,NULL,4,Scarborough,25,43,Mid-Block,NULL,No Control,Clear,Dark,Dry,Non-Fatal Injury,Pedestrian Collisions,D43,134,Highland Creek (134),"{'type': 'Point', 'coordinates': (-79.17039, 43.787645)}"
991193,2007,00:00.0,1939,19,26 GLEN EVEREST RD,NULL,NULL,4,Scarborough,20,41,Mid-Block,NULL,No Control,Clear,Daylight,Dry,Non-Fatal Injury,SMV Other,D41,122,Birchcliffe-Cliffside (122),"{'type': 'Point', 'coordinates': (-79.25329, 43.700345)}"
972841,2007,00:00.0,1910,19,ELLESMERE RD,BRIMLEY RD,NULL,1,Scarborough,21,NULL,Intersection,At Intersection,Traffic Signal,Clear,Daylight,Dry,Fatal,Turning Movement,D43,127,Bendale (127),"{'type': 'Point', 'coordinates': (-79.26129, 43.770045)}"
981273,2007,00:00.0,2300,23,KIPLING AVE,WIDDICOMBE HILL BLVD,NULL,1,Etobicoke York,2,23,Intersection,NULL,Traffic Signal,Clear,Dark,Dry,Non-Fatal Injury,Rear End,D23,7,Willowridge-Martingrove-Richview (7),"{'type': 'Point', 'coordinates': (-79.55169, 43.678945)}"
982126,2007,00:00.0,1730,17,LAWRENCE AVE W,DUVAL DR,NULL,1,Etobicoke York,5,12,Intersection,At Intersection,Traffic Signal,Clear,Daylight,Dry,Non-Fatal Injury,Cyclist Collisions,D12,29,Maple Leaf (29),"{'type': 'Point', 'coordinates': (-79.47459, 43.709745)}"
997888,2007,00:00.0,1225,12,QUEENS QUAY W,ROBERTSON CRES,NULL,3,Toronto and East York,10,52,Intersection,At Intersection,Traffic Signal,Clear,Daylight,Dry,Non-Fatal Injury,Turning Movement,D52,77,Waterfront Communities-The Island (77),"{'type': 'Point', 'coordinates': (-79.38659, 43.638845)}"
1000055,2007,00:00.0,924,9,DUNDAS ST E,SHERBOURNE ST,NULL,1,Toronto and East York,13,51,Mid-Block,NULL,No Control,Clear,Daylight,Dry,Non-Fatal Injury,Pedestrian Collisions,D51,73,Moss Park (73),"{'type': 'Point', 'coordinates': (-79.37029, 43.658445)}"
988599,2007,00:00.0,300,3,LAKE SHORE BLVD W,STRACHAN AVE,NULL,1,Toronto and East York,10,14,Intersection,At Intersection,Traffic Signal,Clear,Dark,Dry,Non-Fatal Injury,Turning Movement,D14,82,Niagara (82),"{'type': 'Point', 'coordinates': (-79.40869, 43.634445)}"
987058,2007,00:00.0,1245,12,MCCOWAN RD,CHANNEL NINE CRT,NULL,1,Scarborough,23,42,Intersection,NULL,Traffic Signal,Clear,Daylight,Dry,Non-Fatal Injury,Pedestrian Collisions,D42,128,Agincourt South-Malvern West (128),"{'type': 'Point', 'coordinates': (-79.25649, 43.785345)}"
986972,2007,00:00.0,42,0,MCCOWAN RD,CONSILIUM PL,NULL,1,Scarborough,NULL,43,Intersection,At Intersection,Stop Sign,Clear,Dark,Dry,Non-Fatal Injury,SMV Other,D43,137,Woburn (137),"{'type': 'Point', 'coordinates': (-79.25419, 43.779545)}"
982264,2007,00:00.0,1745,17,LAKE SHORE BLVD E,DON ROADWAY,NULL,1,Toronto and East York,14,NULL,Intersection,At Intersection,Traffic Signal,Clear,Daylight,Dry,Non-Fatal Injury,Turning Movement,D51,70,South Riverdale (70),"{'type': 'Point', 'coordinates': (-79.34699, 43.650845)}"
983732,2007,00:00.0,1827,18,IRWIN RD,TURPIN AVE,NULL,4,Etobicoke York,1,23,Intersection,NULL,No Control,Clear,Daylight,Dry,Non-Fatal Injury,Rear End,D23,5,Elms-Old Rexdale (5),"{'type': 'Point', 'coordinates': (-79.55579, 43.725745)}"
987007,2007,00:00.0,129,1,KINGSTON RD,EGLINTON AVE E,NULL,1,Scarborough,24,43,Intersection,At Intersection,Traffic Signal,Clear,Dark,Dry,Non-Fatal Injury,Turning Movement,D43,139,Scarborough Village (139),"{'type': 'Point', 'coordinates': (-79.21169, 43.743745000000004)}"
987223,2007,00:00.0,830,8,COMBE AVE,ELDER ST,NULL,4,North York,6,32,Intersection,NULL,Stop Sign,Clear,Daylight,Dry,Non-Fatal Injury,Angle,D32,34,Bathurst Manor (34),"{'type': 'Point', 'coordinates': (-79.45329, 43.760145)}"
983325,2007,00:00.0,2125,21,BATHURST ST,HOUSEY ST,NULL,1,Toronto and East York,10,14,Mid-Block,NULL,No Control,Clear,Dark,Dry,Non-Fatal Injury,Turning Movement,D14,77,Waterfront Communities-The Island (77),"{'type': 'Point', 'coordinates': (-79.39999, 43.637345)}"
983329,2007,00:00.0,2156,21,KENNEDY RD,FOXRIDGE DR,NULL,1,Scarborough,20,41,Intersection,At Intersection,No Control,Clear,"Dusk, artificial",Dry,Non-Fatal Injury,Turning Movement,D41,124,Kennedy Park (124),"{'type': 'Point', 'coordinates': (-79.26449, 43.724045)}"
987374,2007,00:00.0,2330,23,MCCOWAN RD,STEELES AVE E,NULL,1,Scarborough,23,42,Intersection,At Intersection,Traffic Signal,Clear,Dark,Dry,Non-Fatal Injury,Pedestrian Collisions,D42,130,Milliken (130),"{'type': 'Point', 'coordinates': (-79.27519, 43.831045)}"
986718,2007,00:00.0,1055,10,LAWRENCE AVE E,MCCOWAN RD,NULL,1,Scarborough,21,43,Mid-Block,NULL,No Control,Clear,Daylight,Dry,Fatal,Pedestrian Collisions,D43,127,Bendale (127),"{'type': 'Point', 'coordinates': (-79.24609, 43.755345)}"
983751,2007,00:00.0,1100,11,TANGIERS RD,FINCH AVE W,NULL,1,North York,6,31,Intersection,At Intersection,Traffic Signal,Clear,Daylight,Dry,Non-Fatal Injury,Pedestrian Collisions,D31,27,York University Heights (27),"{'type': 'Point', 'coordinates': (-79.48829, 43.764045)}"
984072,2007,00:00.0,450,4,121 WELLESWORTH DR,NULL,NULL,2,Etobicoke York,2,22,Mid-Block,NULL,No Control,Clear,Dark,Dry,Non-Fatal Injury,SMV Other,D22,11,Eringate-Centennial-West Deane (11),"{'type': 'Point', 'coordinates': (-79.58219, 43.663345)}"
984087,2007,00:00.0,845,8,QUEENS QUAY W,YORK ST,NULL,3,Toronto and East York,10,NULL,Intersection,At Intersection,Traffic Signal,Clear,Daylight,Dry,Non-Fatal Injury,Pedestrian Collisions,D52,77,Waterfront Communities-The Island (77),"{'type': 'Point', 'coordinates': (-79.38019, 43.639945)}"
989043,2007,00:00.0,210,2,278 GREENWOOD AVE,IVY Aven,NULL,3,Toronto and East York,14,55,Mid-Block,NULL,No Control,Clear,Dark,Dry,Non-Fatal Injury,Pedestrian Collisions,D55,65,Greenwood-Coxwell (65),"{'type': 'Point', 'coordinates': (-79.32899, 43.673245)}"
1168213,2010,00:00.0,1415,14,F G GARDINER XY Expr W,KIPLING AVE,NULL,NULL,Etobicoke York,3,22,Mid-Block,NULL,No Control,Clear,Daylight,Dry,Non-Fatal Injury,Sideswipe,D22,17,Mimico (17),"{'type': 'Point', 'coordinates': (-79.51379, 43.620345)}"
984399,2007,00:00.0,1502,15,LAKE SHORE BLVD W,REMEMBRANCE DR,NULL,1,Toronto and East York,10,14,Intersection,At Intersection,Traffic Signal,Clear,Daylight,Dry,Non-Fatal Injury,Cyclist Collisions,D14,82,Niagara (82),"{'type': 'Point', 'coordinates': (-79.40869, 43.634445)}"
988601,2007,00:00.0,217,2,WARDEN AVE,WARDEN AV S 401 C E RAMP E,NULL,1,Scarborough,21,41,Intersection,At Intersection,Traffic Signal,Clear,Dark,Dry,Non-Fatal Injury,Turning Movement,D41,119,Wexford/Maryvale (119),"{'type': 'Point', 'coordinates': (-79.30359, 43.768945)}"
988595,2007,00:00.0,728,7,MORNINGSIDE AVE,LAWRENCE AVE E,NULL,1,Scarborough,NULL,43,Intersection,At Intersection,Traffic Signal,Clear,Daylight,Dry,Non-Fatal Injury,Turning Movement,D43,136,West Hill (136),"{'type': 'Point', 'coordinates': (-79.18619, 43.768445)}"
5000746528,2015,00:00.0,1341,13,3833 MCNICOLL AVE,NULL,NULL,3,Scarborough,23,42,Mid-Block,Non Intersection,No Control,Clear,Daylight,Dry,Non-Fatal Injury,Turning Movement,D42,131,Rouge (131),"{'type': 'Point', 'coordinates': (-79.238269, 43.826583)}"
5000754325,2015,00:00.0,1649,16,LAWRENCE AVE W,BRUCEWOOD CRES,1 m North of,1,North York,8,NULL,Intersection,At Intersection,Traffic Signal,Clear,Daylight,Dry,Non-Fatal Injury,Turning Movement,D13,32,Englemount-Lawrence (32),"{'type': 'Point', 'coordinates': (-79.432933, 43.718421)}"
5000814166,2015,00:00.0,211,2,755 QUEEN ST E,NULL,10 m North of,3,Toronto and East York,14,55,Mid-Block,Non Intersection,No Control,Clear,"Dark, artificial",Dry,Non-Fatal Injury,Pedestrian Collisions,D55,70,South Riverdale (70),"{'type': 'Point', 'coordinates': (-79.347926, 43.659293)}"
5000756531,2015,00:00.0,100,1,ROSEDALE VALLEY RD,BAYVIEW AVE,NULL,3,Toronto and East York,NULL,51,Mid-Block,Non Intersection,No Control,Clear,"Dark, artificial",Dry,Fatal,SMV Other,D51,71,Cabbagetown-South St.James Town (71),"{'type': 'Point', 'coordinates': (-79.36584000000002, 43.671626)}"
5000756568,2015,00:00.0,115,1,ROSEDALE VALLEY RD,BAYVIEW AVE,NULL,3,Toronto and East York,NULL,51,Mid-Block,Non Intersection,No Control,Clear,"Dark, artificial",Dry,Non-Fatal Injury,SMV Other,D51,71,Cabbagetown-South St.James Town (71),"{'type': 'Point', 'coordinates': (-79.364406, 43.671145)}"