ACCNUM,YEAR,DATE,TIME,HOUR,STREET1,STREET2,OFFSET,ROAD_CLASS,DISTRICT,WARDNUM,DIVISION,LOCCOORD,ACCLOC,TRAFFCTL,VISIBILITY,LIGHT,RDSFCOND,ACCLASS,IMPACTYPE,POLICE_DIVISION,HOOD_ID,NEIGHBOURHOOD,geometry
5000760761,2015,00:00.0,1631,16,MARKHAM RD,GREENCREST CRCT,2 m North of,1,Scarborough,24,43,Intersection,At Intersection,Traffic Signal,Clear,Daylight,Dry,Non-Fatal Injury,Pedestrian Collisions,D43,137,Woburn (137),"{'type': 'Point', 'coordinates': (-79.224674, 43.757769)}"
5000778695,2015,00:00.0,1058,10,DON VALLEY PARKWAY  S,LEASIDE BDGE,NULL,NULL,Toronto and East York,14,54,Mid-Block,Non Intersection,No Control,Clear,Daylight,Dry,Non-Fatal Injury,Pedestrian Collisions,D54,58,Old East York (58),"{'type': 'Point', 'coordinates': (-79.348438, 43.697955)}"
5000780857,2015,00:00.0,1830,18,50 CARLTON ST,NULL,4 m South of,1,North York,13,51,Mid-Block,Non Intersection,No Control,Clear,Daylight,Dry,Non-Fatal Injury,Cyclist Collisions,D51,75,Church-Yonge Corridor (75),"{'type': 'Point', 'coordinates': (-79.38018300000002, 43.661627)}"
5000789698,2015,00:00.0,735,7,25 RACINE RD,NULL,5 m North of,2,Etobicoke York,1,23,Mid-Block,At/Near Private Drive,No Control,Clear,Daylight,Dry,Non-Fatal Injury,Turning Movement,D23,1,West Humber-Clairville (1),"{'type': 'Point', 'coordinates': (-79.575084, 43.715785)}"
5000800766,2015,00:00.0,2208,22,DANFORTH RD,BRIMLEY RD,NULL,1,Scarborough,20,NULL,Intersection,At Intersection,Traffic Signal,Clear,Dark,Dry,Fatal,Pedestrian Collisions,D43,138,Eglinton East (138),"{'type': 'Point', 'coordinates': (-79.247379, 43.735163)}"
5000804946,2015,00:00.0,1538,15,DUNVEGAN RD,ST CLAIR AVE W,NULL,4,Toronto and East York,12,53,Mid-Block,Non Intersection,No Control,Clear,Daylight,Dry,Non-Fatal Injury,Cyclist Collisions,D53,96,Casa Loma (96),"{'type': 'Point', 'coordinates': (-79.405063, 43.686713)}"
5000805635,2015,00:00.0,1730,17,GERRARD ST E,GREENWOOD AVE,4 m East of,3,Toronto and East York,14,55,Intersection,Non Intersection,Traffic Signal,Clear,Daylight,Dry,Non-Fatal Injury,Turning Movement,D55,65,Greenwood-Coxwell (65),"{'type': 'Point', 'coordinates': (-79.328014, 43.670912)}"
5000811243,2015,00:00.0,1535,15,MORTIMER AVE,GLEBEMOUNT AVE,NULL,3,Toronto and East York,19,54,Intersection,At Intersection,Stop Sign,Clear,Daylight,Wet,Non-Fatal Injury,Angle,D54,59,Danforth East York (59),"{'type': 'Point', 'coordinates': (-79.320651, 43.691435)}"
5000814405,2015,00:00.0,325,3,BLOOR ST W,INDIAN GRV,50 m West of,1,Toronto and East York,4,11,Mid-Block,Non Intersection,No Control,Clear,"Dark, artificial",Dry,Fatal,Pedestrian Collisions,D11,87,High Park-Swansea (87),"{'type': 'Point', 'coordinates': (-79.457828, 43.655169)}"
5000832268,2015,00:00.0,823,8,ROXBOROUGH ST E,WRENTHAM PL,NULL,2,Toronto and East York,11,53,Intersection,NULL,Stop Sign,Clear,"Daylight, artificial",Dry,Fatal,Cyclist Collisions,D53,98,Rosedale-Moore Park (98),"{'type': 'Point', 'coordinates': (-79.382312, 43.679423)}"
5000838309,2015,00:00.0,600,6,JANE ST,STEELES AVE W,NULL,1,Etobicoke York,7,31,Intersection,At Intersection,Traffic Signal,Clear,Daylight,Dry,Non-Fatal Injury,SMV Other,D31,27,York University Heights (27),"{'type': 'Point', 'coordinates': (-79.521693, 43.775401)}"
5000841080,2015,00:00.0,1453,14,HIGH PARK AVE,ANNETTE ST,NULL,3,Toronto and East York,4,11,Intersection,Intersection Related,Traffic Signal,Clear,Daylight,Dry,Non-Fatal Injury,Pedestrian Collisions,D11,90,Junction Area (90),"{'type': 'Point', 'coordinates': (-79.469249, 43.662867)}"
5000847589,2015,00:00.0,1514,15,GLEN WATFORD DR,RURAL AVE,NULL,2,Scarborough,23,42,Intersection,At Intersection,Stop Sign,Clear,Daylight,Dry,Non-Fatal Injury,Pedestrian Collisions,D42,128,Agincourt South-Malvern West (128),"{'type': 'Point', 'coordinates': (-79.27634, 43.787783)}"
5000859369,2015,00:00.0,2255,22,YONGE ST,FRONT ST E,10 m North of,1,Toronto and East York,NULL,NULL,Intersection,At Intersection,Traffic Signal,Clear,"Dark, artificial",Dry,Non-Fatal Injury,Cyclist Collisions,D51,77,Waterfront Communities-The Island (77),"{'type': 'Point', 'coordinates': (-79.376933, 43.646811)}"
5000851624,2015,00:00.0,822,8,DON MILLS RD,GREEN BELT DR,NULL,1,North York,16,33,Intersection,Intersection Related,Traffic Signal,Clear,Daylight,Dry,Fatal,Pedestrian Collisions,D33,42,Banbury-Don Mills (42),"{'type': 'Point', 'coordinates': (-79.340846, 43.727645)}"
5000858647,2015,00:00.0,1030,10,MARINE PARADE DR,PARK LAWN RD,NULL,1,Etobicoke York,3,22,Intersection,At Intersection,Traffic Signal,Clear,Daylight,Dry,Non-Fatal Injury,Cyclist Collisions,D22,17,Mimico (17),"{'type': 'Point', 'coordinates': (-79.481197, 43.622958000000004)}"
5000865695,2015,00:00.0,1413,14,BATHURST ST,ULSTER ST,35 m North of,1,Toronto and East York,11,14,Intersection,Non Intersection,Traffic Signal,Clear,Daylight,Other,Non-Fatal Injury,SMV Other,D14,79,University (79),"{'type': 'Point', 'coordinates': (-79.409045, 43.659735)}"
5000873570,2015,00:00.0,1828,18,MORNINGSIDE AVE,SHEPPARD AVE E,NULL,1,Scarborough,25,42,Intersection,Intersection Related,Traffic Signal,Clear,Daylight,Dry,Non-Fatal Injury,Turning Movement,D42,131,Rouge (131),"{'type': 'Point', 'coordinates': (-79.199764, 43.801963)}"
5000879931,2015,00:00.0,1855,18,ST CLAIR AVE E,O CONNOR DR,NULL,1,Toronto and East York,19,54,Intersection,Intersection Related,Traffic Signal,Clear,Daylight,Dry,Non-Fatal Injury,Pedestrian Collisions,D54,54,O'Connor-Parkview (54),"{'type': 'Point', 'coordinates': (-79.312824, 43.705386)}"
5000887145,2015,00:00.0,2120,21,TANGAMO RD,MOFORD CRES,17 m North of,4,Etobicoke York,2,23,Intersection,Non Intersection,Stop Sign,Clear,"Dark, artificial",Dry,Fatal,SMV Other,D23,7,Willowridge-Martingrove-Richview (7),"{'type': 'Point', 'coordinates': (-79.55945900000002, 43.69047)}"
5000891503,2015,00:00.0,1420,14,BATHURST ST,FRONT ST W,25 m South of,1,Toronto and East York,10,14,Mid-Block,Non Intersection,No Control,Clear,Daylight,Dry,Non-Fatal Injury,Cyclist Collisions,D14,77,Waterfront Communities-The Island (77),"{'type': 'Point', 'coordinates': (-79.401637, 43.641295)}"
5000897044,2015,00:00.0,1109,11,169 KINGSLAKE RD,NULL,NULL,2,North York,17,33,Intersection,At/Near Private Drive,No Control,Clear,Daylight,Dry,Non-Fatal Injury,Other,D33,47,Don Valley Village (47),"{'type': 'Point', 'coordinates': (-79.343745, 43.789248)}"
5000897486,2015,00:00.0,1230,12,THE QUEENSWAY,VIBE RD,33 m West of,1,Etobicoke York,3,22,Intersection,At/Near Private Drive,No Control,Clear,Daylight,Dry,Non-Fatal Injury,Angle,D22,14,Islington-City Centre West (14),"{'type': 'Point', 'coordinates': (-79.523433, 43.621604)}"
5000898741,2015,00:00.0,1621,16,LAKE SHORE BLVD E,LESLIE ST,374 m West of,1,Toronto and East York,14,55,Mid-Block,Non Intersection,No Control,Clear,Daylight,Dry,Non-Fatal Injury,Rear End,D55,70,South Riverdale (70),"{'type': 'Point', 'coordinates': (-79.331432, 43.657817)}"
5000901118,2015,00:00.0,2,0,DUNDAS ST W,EDNA AVE,2 m North of,3,Toronto and East York,4,11,Intersection,At Intersection,No Control,Clear,"Dark, artificial",Dry,Non-Fatal Injury,Cyclist Collisions,D11,88,High Park North (88),"{'type': 'Point', 'coordinates': (-79.45267, 43.657214)}"
5000051256,2015,00:00.0,2148,21,SPADINA AVE,ST ANDREW ST,6 m North of,1,Toronto and East York,11,NULL,Intersection,Intersection Related,Traffic Signal,Clear,"Dark, artificial",Wet,Non-Fatal Injury,Cyclist Collisions,D14,78,Kensington-Chinatown (78),"{'type': 'Point', 'coordinates': (-79.39863900000002, 43.654383)}"
4002919707,2014,00:00.0,932,9,DVP S DON MILLS S RAMP RD,DON MILLS RD,10 m South of,1,Toronto and East York,14,54,Mid-Block,Overpass or Bridge,No Control,Clear,Daylight,Dry,Non-Fatal Injury,SMV Other,D54,58,Old East York (58),"{'type': 'Point', 'coordinates': (-79.337711, 43.700286)}"
4002929082,2014,00:00.0,1620,16,FINCH AVE E,LINUS RD,NULL,1,North York,17,33,Intersection,Intersection Related,Traffic Signal,Clear,Daylight,Dry,Non-Fatal Injury,Pedestrian Collisions,D33,47,Don Valley Village (47),"{'type': 'Point', 'coordinates': (-79.358073, 43.791945)}"
142937129,2014,00:00.0,2001,20,ST CLAIR AVE W,DEER PARK CRES,NULL,1,Toronto and East York,12,53,Mid-Block,NULL,No Control,Clear,"Dark, artificial",Dry,Fatal,Pedestrian Collisions,D53,97,Yonge-St.Clair (97),"{'type': 'Point', 'coordinates': (-79.396793, 43.687525)}"
4002949644,2014,00:00.0,2003,20,SKYWAY AVE,MERIDIAN RD,220 m South of,3,Etobicoke York,1,23,Mid-Block,Non Intersection,No Control,Clear,"Dark, artificial",Dry,Non-Fatal Injury,SMV Other,D23,1,West Humber-Clairville (1),"{'type': 'Point', 'coordinates': (-79.581149, 43.680937)}"
4002952213,2014,00:00.0,700,7,STEELES AVE W,BATHURST ST,NULL,1,North York,NULL,32,Intersection,At Intersection,Traffic Signal,Rain,Daylight,Wet,Non-Fatal Injury,Pedestrian Collisions,D32,36,Newtonbrook West (36),"{'type': 'Point', 'coordinates': (-79.445743, 43.792399)}"
4002954632,2014,00:00.0,1542,15,2715 LAWRENCE AVE E,NULL,50 m West of,1,Scarborough,21,41,Mid-Block,At/Near Private Drive,No Control,Clear,Daylight,Dry,Non-Fatal Injury,Turning Movement,D41,127,Bendale (127),"{'type': 'Point', 'coordinates': (-79.259059, 43.752669)}"
142962876,2014,00:00.0,2059,20,KING ST W,CLOSE AVE,NULL,1,Toronto and East York,4,14,Intersection,NULL,Pedestrian Crossover,Clear,"Dark, artificial",Dry,Fatal,Pedestrian Collisions,D14,85,South Parkdale (85),"{'type': 'Point', 'coordinates': (-79.434711, 43.63745)}"
4002973094,2014,00:00.0,1130,11,BANBURY RD,LAWRENCE AVE E,10 m North of,2,North York,15,33,Intersection,Non Intersection,No Control,Clear,Daylight,Dry,Non-Fatal Injury,SMV Other,D33,42,Banbury-Don Mills (42),"{'type': 'Point', 'coordinates': (-79.357433, 43.735106)}"
4002973211,2014,00:00.0,1151,11,551 THE WEST MALL,NULL,NULL,3,Etobicoke York,2,22,Mid-Block,Non Intersection,No Control,Clear,Daylight,Dry,Non-Fatal Injury,SMV Other,D22,13,Etobicoke West Mall (13),"{'type': 'Point', 'coordinates': (-79.570003, 43.651831)}"
4002979452,2014,00:00.0,940,9,LOWER JARVIS ST,THE ESPLANADE,NULL,1,Toronto and East York,NULL,51,Intersection,At Intersection,Traffic Signal,Clear,Daylight,Dry,Non-Fatal Injury,Pedestrian Collisions,D51,77,Waterfront Communities-The Island (77),"{'type': 'Point', 'coordinates': (-79.370921, 43.64821500000001)}"
4002986275,2014,00:00.0,918,9,REDPATH AVE,BROADWAY AVE,NULL,2,North York,NULL,53,Intersection,At Intersection,Stop Sign,Clear,Daylight,Dry,Non-Fatal Injury,Pedestrian Collisions,D53,104,Mount Pleasant West (104),"{'type': 'Point', 'coordinates': (-79.393894, 43.710574)}"
4002987190,2014,00:00.0,1153,11,WILSON AVE,BILLY BISHOP WAY,4 m South of,1,North York,6,32,Intersection,At Intersection,Traffic Signal,Clear,Daylight,Dry,Non-Fatal Injury,Cyclist Collisions,D32,33,Clanton Park (33),"{'type': 'Point', 'coordinates': (-79.452823, 43.733313)}"
4003003255,2014,00:00.0,1820,18,WILLIAM R ALLEN RD N,RANEE AVE,100 m North of,NULL,North York,8,32,Mid-Block,Non Intersection,No Control,Clear,Daylight,Dry,Non-Fatal Injury,SMV Other,D32,32,Englemount-Lawrence (32),"{'type': 'Point', 'coordinates': (-79.447131, 43.724257)}"
4003007939,2014,00:00.0,1325,13,COLLEGE ST,SHAW ST,NULL,1,Toronto and East York,11,14,Intersection,Non Intersection,Pedestrian Crossover,Clear,Daylight,Dry,Non-Fatal Injury,Cyclist Collisions,D14,81,Trinity-Bellwoods (81),"{'type': 'Point', 'coordinates': (-79.420261, 43.654898)}"
4003015546,2014,00:00.0,1538,15,DUNDAS ST E,MUTUAL ST,NULL,1,Toronto and East York,13,51,Intersection,At Intersection,No Control,Clear,Daylight,Dry,Non-Fatal Injury,Pedestrian Collisions,D51,75,Church-Yonge Corridor (75),"{'type': 'Point', 'coordinates': (-79.375659, 43.656806)}"
143015764,2014,00:00.0,1608,16,ST CLAIR AVE W,KEELE ST,NULL,1,Etobicoke York,5,NULL,Mid-Block,NULL,No Control,Clear,Daylight,Dry,Fatal,Pedestrian Collisions,D11,90,Junction Area (90),"{'type': 'Point', 'coordinates': (-79.468509, 43.672331)}"
143022510,2014,00:00.0,1620,16,35 IRWIN RD,NULL,NULL,4,Etobicoke York,1,23,Mid-Block,NULL,No Control,Clear,Daylight,Wet,Fatal,SMV Other,D23,5,Elms-Old Rexdale (5),"{'type': 'Point', 'coordinates': (-79.55511, 43.725997)}"
4003025669,2014,00:00.0,740,7,581 TRETHEWEY DR,NULL,NULL,3,Etobicoke York,5,12,Mid-Block,Non Intersection,No Control,Clear,Daylight,Dry,Non-Fatal Injury,Sideswipe,D12,30,Brookhaven-Amesbury (30),"{'type': 'Point', 'coordinates': (-79.491908, 43.696761)}"
4003042543,2014,00:00.0,1730,17,PHARMACY AVE,PRINCEWAY DR,55 m North of,3,Scarborough,21,41,Mid-Block,Non Intersection,No Control,Clear,Daylight,Dry,Non-Fatal Injury,Turning Movement,D41,119,Wexford/Maryvale (119),"{'type': 'Point', 'coordinates': (-79.308833, 43.753657)}"
4003056806,2014,00:00.0,9,0,UNIVERSITY AVE,QUEEN ST W,NULL,1,Toronto and East York,10,52,Intersection,At Intersection,Traffic Signal,Rain,"Dark, artificial",Wet,Non-Fatal Injury,Pedestrian Collisions,D52,76,Bay Street Corridor (76),"{'type': 'Point', 'coordinates': (-79.386592, 43.650778)}"
4003063238,2014,00:00.0,2348,23,2835 ISLINGTON AVE,NULL,25 m South of,1,Etobicoke York,7,31,Mid-Block,At/Near Private Drive,No Control,Clear,"Dark, artificial",Wet,Non-Fatal Injury,SMV Other,D31,21,Humber Summit (21),"{'type': 'Point', 'coordinates': (-79.567989, 43.749804)}"
4003072697,2014,00:00.0,1240,12,DON MILLS RD,DUNCAN MILL RD,NULL,1,North York,16,33,Intersection,At Intersection,Traffic Signal,Clear,Daylight,Dry,Non-Fatal Injury,Pedestrian Collisions,D33,45,Parkwoods-Donalda (45),"{'type': 'Point', 'coordinates': (-79.347186, 43.76167900000001)}"
4003073382,2014,00:00.0,1410,14,WARDEN AVE,MARBLE ARCH CRES,NULL,1,Scarborough,21,41,Intersection,Non Intersection,Traffic Signal,Clear,Daylight,Dry,Fatal,Cyclist Collisions,D41,119,Wexford/Maryvale (119),"{'type': 'Point', 'coordinates': (-79.290637, 43.735335)}"
4003074555,2014,00:00.0,1745,17,KING ST W,JAMESON AVE,14 m West of,1,Toronto and East York,4,14,Mid-Block,Intersection Related,No Control,Clear,Dusk,Dry,Fatal,Pedestrian Collisions,D14,85,South Parkdale (85),"{'type': 'Point', 'coordinates': (-79.436572, 43.637053)}"
4003078638,2014,00:00.0,1138,11,F G GARDINER XY  W,PARKSIDE DR,NULL,NULL,Toronto and East York,4,11,Mid-Block,Non Intersection,No Control,Clear,Daylight,Dry,Non-Fatal Injury,Pedestrian Collisions,D11,85,South Parkdale (85),"{'type': 'Point', 'coordinates': (-79.446948, 43.637911)}"
143084786,2014,00:00.0,1024,10,LAWRENCE AVE W,ALLEN X N LAWRENCE RAMP,NULL,1,North York,8,NULL,Intersection,At Intersection,Traffic Signal,Clear,Daylight,Dry,Fatal,Pedestrian Collisions,D13,32,Englemount-Lawrence (32),"{'type': 'Point', 'coordinates': (-79.443202, 43.716307)}"
4003092212,2014,00:00.0,1640,16,MARTIN GROVE RD,RATHBURN  RD,NULL,3,Etobicoke York,2,22,Intersection,At Intersection,Traffic Signal,Clear,Daylight,Dry,Non-Fatal Injury,Angle,D22,14,Islington-City Centre West (14),"{'type': 'Point', 'coordinates': (-79.555232, 43.657023)}"
4003101857,2014,00:00.0,1255,12,KENNEDY RD,GLAMORGAN AVE,NULL,1,Scarborough,21,41,Intersection,At Intersection,Traffic Signal,Clear,Daylight,Wet,Non-Fatal Injury,Turning Movement,D41,126,Dorset Park (126),"{'type': 'Point', 'coordinates': (-79.282245, 43.769412)}"
4003102605,2014,00:00.0,1448,14,BRIDLETOWNE CRCL,FINCH AVE E,NULL,1,Scarborough,22,42,Intersection,At Intersection,Traffic Signal,Clear,Daylight,Dry,Non-Fatal Injury,Turning Movement,D42,117,L'Amoreaux (117),"{'type': 'Point', 'coordinates': (-79.319309, 43.79584)}"
4003112757,2014,00:00.0,644,6,BERTRAND AVE,BIRCHMOUNT RD,NULL,1,Scarborough,21,41,Intersection,At Intersection,Traffic Signal,Clear,"Dark, artificial",Dry,Non-Fatal Injury,Pedestrian Collisions,D41,125,Ionview (125),"{'type': 'Point', 'coordinates': (-79.279865, 43.735224)}"
143117140,2014,00:00.0,1927,19,VICTORIA PARK AVE,EGLINTON AVE E,NULL,1,North York,NULL,NULL,Mid-Block,NULL,No Control,Rain,"Dark, artificial",Wet,Fatal,Pedestrian Collisions,D41,119,Wexford/Maryvale (119),"{'type': 'Point', 'coordinates': (-79.303104, 43.725833)}"
5000058130,2015,00:00.0,338,3,KINGSTON RD,WARDEN AVE,NULL,1,Scarborough,20,41,Intersection,At Intersection,Traffic Signal,Clear,"Dark, artificial",Dry,Non-Fatal Injury,Cyclist Collisions,D41,122,Birchcliffe-Cliffside (122),"{'type': 'Point', 'coordinates': (-79.270908, 43.687747)}"
5000058185,2015,00:00.0,353,3,477 BROADVIEW AVE,NULL,NULL,3,Toronto and East York,14,55,Mid-Block,NULL,No Control,Clear,"Dark, artificial",Dry,Fatal,SMV Other,D55,68,North Riverdale (68),"{'type': 'Point', 'coordinates': (-79.352985, 43.66909700000001)}"
5000193520,2015,00:00.0,1130,11,ALBERTUS AVE,YONGE ST,3 m  of,1,North York,NULL,53,Mid-Block,Non Intersection,No Control,Clear,Daylight,Wet,Non-Fatal Injury,Pedestrian Collisions,D53,99,Mount Pleasant East (99),"{'type': 'Point', 'coordinates': (-79.400028, 43.714556)}"
5000131237,2015,00:00.0,352,3,KEELE ST,LAWRENCE AVE W,NULL,1,Etobicoke York,5,12,Intersection,At Intersection,Traffic Signal,Clear,"Dark, artificial",Dry,Non-Fatal Injury,Turning Movement,D12,30,Brookhaven-Amesbury (30),"{'type': 'Point', 'coordinates': (-79.478046, 43.708651)}"
5000133972,2015,00:00.0,1415,14,GLEBEMOUNT AVE,MORTIMER AVE,NULL,3,Toronto and East York,19,54,Intersection,At Intersection,Traffic Signal,Clear,Daylight,Dry,Non-Fatal Injury,Angle,D54,59,Danforth East York (59),"{'type': 'Point', 'coordinates': (-79.320621, 43.691374)}"
5000144020,2015,00:00.0,756,7,COLLEGE ST,BROCK AVE,2 m West of,3,Toronto and East York,9,11,Intersection,At Intersection,Traffic Signal,Clear,Daylight,Dry,Fatal,Pedestrian Collisions,D11,83,Dufferin Grove (83),"{'type': 'Point', 'coordinates': (-79.436343, 43.651801)}"
5000177590,2015,00:00.0,1920,19,DON VALLEY PARKWAY  S,LAWRENCE AVE E,20 m North of,NULL,North York,16,33,Mid-Block,Non Intersection,No Control,Clear,"Dark, artificial",Dry,Non-Fatal Injury,Rear End,D33,42,Banbury-Don Mills (42),"{'type': 'Point', 'coordinates': (-79.332248, 43.740245)}"
5000204308,2015,00:00.0,400,4,SOUTH STATION ST,LAWRENCE AVE W,NULL,4,Etobicoke York,5,12,Mid-Block,Non Intersection,No Control,Clear,Dark,Dry,Non-Fatal Injury,Pedestrian Collisions,D12,113,Weston (113),"{'type': 'Point', 'coordinates': (-79.515689, 43.700907)}"
5000160956,2015,00:00.0,617,6,1792 BIRCHMOUNT RD,NULL,NULL,1,Scarborough,21,41,Mid-Block,NULL,No Control,Clear,Dark,Dry,Fatal,Pedestrian Collisions,D41,126,Dorset Park (126),"{'type': 'Point', 'coordinates': (-79.291316, 43.765433)}"
5000163823,2015,00:00.0,1450,14,MIDLAND AVE,SILVER STAR BLVD,NULL,1,Scarborough,NULL,42,Intersection,At Intersection,Traffic Signal,Clear,Daylight,Dry,Non-Fatal Injury,Pedestrian Collisions,D42,129,Agincourt North (129),"{'type': 'Point', 'coordinates': (-79.288791, 43.80704000000001)}"
5000207057,2015,00:00.0,1838,18,273 MANNING AVE,NULL,NULL,4,Toronto and East York,11,14,Mid-Block,Non Intersection,No Control,Snow,"Dark, artificial",Packed Snow,Non-Fatal Injury,SMV Other,D14,81,Trinity-Bellwoods (81),"{'type': 'Point', 'coordinates': (-79.411456, 43.652587)}"
5000212905,2015,00:00.0,1701,17,750 DANFORTH RD,NULL,NULL,1,Scarborough,20,41,Mid-Block,NULL,No Control,Clear,"Daylight, artificial",Wet,Fatal,Pedestrian Collisions,D41,124,Kennedy Park (124),"{'type': 'Point', 'coordinates': (-79.257442, 43.720404)}"
5000220860,2015,00:00.0,2231,22,TRANSIT RD,WILLIAM R ALLEN RD S,NULL,1,North York,6,32,Intersection,At Intersection,Traffic Signal,Clear,"Dark, artificial",Dry,Non-Fatal Injury,Turning Movement,D32,33,Clanton Park (33),"{'type': 'Point', 'coordinates': (-79.45428, 43.741828)}"
5000221204,2015,00:00.0,7,0,TANGIERS RD,FINCH AVE W,NULL,1,Etobicoke York,NULL,31,Mid-Block,Non Intersection,No Control,Clear,"Dark, artificial",Wet,Non-Fatal Injury,Other,D31,27,York University Heights (27),"{'type': 'Point', 'coordinates': (-79.49081, 43.76266)}"
5000232686,2015,00:00.0,617,6,JONES AVE,HAZELWOOD AVE,NULL,3,Toronto and East York,14,55,Intersection,At Intersection,Pedestrian Crossover,Clear,"Dark, artificial",Wet,Non-Fatal Injury,Pedestrian Collisions,D55,69,Blake-Jones (69),"{'type': 'Point', 'coordinates': (-79.339809, 43.679061)}"
5000260881,2015,00:00.0,1516,15,ROYAL YORK RD,MANITOBA ST,NULL,3,Etobicoke York,3,22,Intersection,NULL,No Control,Other,Daylight,Other,Fatal,Other,D22,17,Mimico (17),"{'type': 'Point', 'coordinates': (-79.500606, 43.621562)}"
5000264661,2015,00:00.0,903,9,MCNICOLL AVE,BRAMBLEBROOK AVE,120 m West of,3,Scarborough,23,42,Mid-Block,Non Intersection,No Control,Snow,Daylight,Wet,Non-Fatal Injury,Approaching,D42,130,Milliken (130),"{'type': 'Point', 'coordinates': (-79.288295, 43.814021)}"
5000275153,2015,00:00.0,644,6,KENNEDY RD,MCNICOLL AVE,NULL,1,Scarborough,22,42,Intersection,At Intersection,Traffic Signal,Clear,Dawn,Dry,Fatal,Pedestrian Collisions,D42,130,Milliken (130),"{'type': 'Point', 'coordinates': (-79.301936, 43.812129)}"
5000276965,2015,00:00.0,1410,14,2609 EGLINTON AVE W,NULL,NULL,1,Etobicoke York,5,12,Intersection,Non Intersection,No Control,Clear,Daylight,Dry,Non-Fatal Injury,Pedestrian Collisions,D12,110,Keelesdale-Eglinton West (110),"{'type': 'Point', 'coordinates': (-79.475055, 43.69015000000001)}"
6001526094,2016,00:00.0,2315,23,18 CORTLEIGH BLVD,NULL,NULL,4,North York,8,53,Mid-Block,Non Intersection,No Control,Clear,Dark,Dry,Non-Fatal Injury,Other,D53,103,Lawrence Park South (103),"{'type': 'Point', 'coordinates': (-79.407489, 43.71342)}"
5000286208,2015,00:00.0,104,1,SHERBOURNE ST,DUNDAS ST E,50 m South of,3,Toronto and East York,13,51,Mid-Block,Intersection Related,No Control,Clear,"Dark, artificial",Wet,Fatal,Pedestrian Collisions,D51,73,Moss Park (73),"{'type': 'Point', 'coordinates': (-79.370799, 43.65774)}"
6000947584,2016,00:00.0,836,8,LAWRENCE AVE E,MOSSBANK DR,20 m West of,1,Scarborough,24,43,Intersection,At Intersection,Traffic Signal,Clear,Daylight,Dry,Non-Fatal Injury,Rear End,D43,137,Woburn (137),"{'type': 'Point', 'coordinates': (-79.211009, 43.76285000000001)}"
5000296206,2015,00:00.0,1610,16,BATHURST ST,RICHMOND ST W,NULL,1,Toronto and East York,10,14,Intersection,At Intersection,Traffic Signal,Clear,Daylight,Dry,Non-Fatal Injury,Pedestrian Collisions,D14,77,Waterfront Communities-The Island (77),"{'type': 'Point', 'coordinates': (-79.40375100000001, 43.64646)}"
5000304693,2015,00:00.0,45,0,MCCOWAN RD,TOWN CENTRE CRT,NULL,1,Scarborough,NULL,43,Intersection,At Intersection,Traffic Signal,Clear,"Dark, artificial",Dry,Non-Fatal Injury,Pedestrian Collisions,D43,137,Woburn (137),"{'type': 'Point', 'coordinates': (-79.2522, 43.774501)}"
5000324381,2015,00:00.0,1327,13,BLEECKER ST,WELLESLEY ST E,NULL,3,Toronto and East York,13,51,Intersection,Intersection Related,Stop Sign,Clear,Daylight,Wet,Non-Fatal Injury,Pedestrian Collisions,D51,71,Cabbagetown-South St.James Town (71),"{'type': 'Point', 'coordinates': (-79.373767, 43.667285)}"
5000325366,2015,00:00.0,1602,16,SANDHURST CRCL,EXCHEQUER PL,NULL,2,Scarborough,23,42,Intersection,Non Intersection,No Control,Clear,Daylight,Dry,Non-Fatal Injury,Approaching,D42,129,Agincourt North (129),"{'type': 'Point', 'coordinates': (-79.262576, 43.807837)}"
5000359442,2015,00:00.0,1104,11,MARKHAM RD,PROGRESS AVE,NULL,1,Scarborough,24,43,Mid-Block,Non Intersection,No Control,Clear,Daylight,Dry,Non-Fatal Injury,Pedestrian Collisions,D43,137,Woburn (137),"{'type': 'Point', 'coordinates': (-79.23347, 43.780757)}"
5000374256,2015,00:00.0,1639,16,FINCH AVE E,MARKHAM RD,NULL,1,Scarborough,23,42,Intersection,At Intersection,Traffic Signal,Clear,Daylight,Dry,Fatal,Pedestrian Collisions,D42,131,Rouge (131),"{'type': 'Point', 'coordinates': (-79.24306800000001, 43.81296)}"
5000374925,2015,00:00.0,1855,18,FINCH AVE E,SENECA HILL DR,NULL,1,North York,17,33,Intersection,At Intersection,Traffic Signal,Snow,"Dark, artificial",Wet,Non-Fatal Injury,Pedestrian Collisions,D33,47,Don Valley Village (47),"{'type': 'Point', 'coordinates': (-79.350398, 43.793559)}"