ACCNUM,YEAR,DATE,TIME,HOUR,STREET1,STREET2,OFFSET,ROAD_CLASS,DISTRICT,WARDNUM,DIVISION,LOCCOORD,ACCLOC,TRAFFCTL,VISIBILITY,LIGHT,RDSFCOND,ACCLASS,IMPACTYPE,POLICE_DIVISION,HOOD_ID,NEIGHBOURHOOD,geometry
5000375108,2015,00:00.0,1935,19,MILLWICK DR,PLUNKETT RD,NULL,3,Etobicoke York,7,31,Intersection,Intersection Related,Traffic Signal,Clear,"Dark, artificial",Dry,Fatal,Pedestrian Collisions,D31,21,Humber Summit (21),"{'type': 'Point', 'coordinates': (-79.570071, 43.760417)}"
5000406927,2015,00:00.0,645,6,452 MORTIMER AVE,NULL,NULL,3,Toronto and East York,14,54,Intersection,NULL,No Control,Clear,"Dawn, artificial",Wet,Fatal,Pedestrian Collisions,D54,59,Danforth East York (59),"{'type': 'Point', 'coordinates': (-79.332736, 43.689231)}"
5000407299,2015,00:00.0,820,8,WARDEN AVE,CONTINENTAL PL,10 m North of,1,Scarborough,21,41,Intersection,At Intersection,No Control,Clear,Daylight,Dry,Non-Fatal Injury,Pedestrian Collisions,D41,119,Wexford/Maryvale (119),"{'type': 'Point', 'coordinates': (-79.301257, 43.763491)}"
6000946578,2016,00:00.0,240,2,LAKE SHORE BLVD W,MILES RD,30 m West of,1,Etobicoke York,3,22,Intersection,At Intersection,No Control,Clear,"Dark, artificial",Dry,Non-Fatal Injury,SMV Other,D22,17,Mimico (17),"{'type': 'Point', 'coordinates': (-79.490337, 43.608233)}"
6000951747,2016,00:00.0,1940,19,DUNDAS ST W,BROCK AVE,NULL,3,Toronto and East York,9,11,Intersection,At Intersection,Traffic Signal,Clear,Daylight,Dry,Non-Fatal Injury,Cyclist Collisions,D11,84,Little Portugal (84),"{'type': 'Point', 'coordinates': (-79.435558, 43.649817000000006)}"
6001535813,2016,00:00.0,630,6,WARDEN AVE,FINCH AVE E,25M,1,Scarborough,22,42,Intersection,At Intersection,Traffic Signal,Clear,Daylight,Dry,Fatal,Rear End,D42,117,L'Amoreaux (117),"{'type': 'Point', 'coordinates': (-79.315753, 43.796763)}"
6000133147,2016,00:00.0,35,0,BATHURST ST,FORT YORK BLVD,NULL,1,Toronto and East York,10,14,Intersection,At Intersection,Traffic Signal,Clear,"Dark, artificial",Dry,Non-Fatal Injury,Turning Movement,D14,77,Waterfront Communities-The Island (77),"{'type': 'Point', 'coordinates': (-79.400638, 43.638827)}"
6000477912,2016,00:00.0,303,3,BAY ST,WELLINGTON ST W,NULL,1,Toronto and East York,NULL,52,Intersection,At Intersection,Traffic Signal,Clear,"Dark, artificial",Dry,Non-Fatal Injury,Angle,D52,76,Bay Street Corridor (76),"{'type': 'Point', 'coordinates': (-79.379726, 43.647319)}"
6001348693,2016,00:00.0,156,1,MORNINGSIDE AVE,HALFWAY AVE,15 m East of,3,Scarborough,25,42,Intersection,At Intersection,No Control,Clear,"Dark, artificial",Dry,Non-Fatal Injury,Rear End,D42,131,Rouge (131),"{'type': 'Point', 'coordinates': (-79.213687, 43.817847)}"
6000963645,2016,00:00.0,1430,14,LAWRENCE AVE W,MARLEE AVE,NULL,1,North York,8,NULL,Intersection,At Intersection,Traffic Signal,Clear,Daylight,Dry,Non-Fatal Injury,Rear End,D13,31,Yorkdale-Glen Park (31),"{'type': 'Point', 'coordinates': (-79.446506, 43.715605)}"
5002176400,2015,00:00.0,2220,22,YONGE ST,SHELDRAKE BLVD,NULL,1,North York,NULL,53,Intersection,At Intersection,Stop Sign,Clear,"Dark, artificial",Dry,Non-Fatal Injury,Pedestrian Collisions,D53,99,Mount Pleasant East (99),"{'type': 'Point', 'coordinates': (-79.400096, 43.714938)}"
6000966179,2016,00:00.0,2131,21,BURNHAMTHORPE RD,THE EAST MALL,NULL,1,Etobicoke York,2,22,Intersection,At Intersection,Traffic Signal,Clear,"Dark, artificial",Dry,Non-Fatal Injury,Pedestrian Collisions,D22,14,Islington-City Centre West (14),"{'type': 'Point', 'coordinates': (-79.559978, 43.646285)}"
6000971668,2016,00:00.0,1822,18,LAKE SHORE BLVD W,DWIGHT AVE,NULL,1,Etobicoke York,3,22,Intersection,At Intersection,Stop Sign,Clear,Daylight,Dry,Non-Fatal Injury,Turning Movement,D22,18,New Toronto (18),"{'type': 'Point', 'coordinates': (-79.49792, 43.60229)}"
6000970728,2016,00:00.0,1525,15,PHARMACY AVE,JANET BLVD,37 m South of,3,Scarborough,21,41,Mid-Block,Non Intersection,No Control,Clear,Daylight,Dry,Non-Fatal Injury,Pedestrian Collisions,D41,119,Wexford/Maryvale (119),"{'type': 'Point', 'coordinates': (-79.30385100000001, 43.741286)}"
6000978198,2016,00:00.0,1937,19,UNIVERSITY AVE,FRONT ST W,9 m South of,3,Toronto and East York,10,52,Intersection,Non Intersection,Stop Sign,Clear,"Dusk, artificial",Wet,Non-Fatal Injury,Rear End,D52,77,Waterfront Communities-The Island (77),"{'type': 'Point', 'coordinates': (-79.383418, 43.645068)}"
6000995123,2016,00:00.0,1048,10,DON VALLEY PARKWAY  N,BAYVIEW BLOOR DVP N RAMP,120 m South of,NULL,Toronto and East York,14,54,Mid-Block,Non Intersection,No Control,Clear,Daylight,Dry,Non-Fatal Injury,SMV Other,D54,57,Broadview North (57),"{'type': 'Point', 'coordinates': (-79.36124, 43.684523)}"
6001000870,2016,00:00.0,837,8,ADELAIDE ST W,JOHN ST,NULL,1,Toronto and East York,10,52,Intersection,Intersection Related,Traffic Signal,Clear,Daylight,Dry,Non-Fatal Injury,Cyclist Collisions,D52,77,Waterfront Communities-The Island (77),"{'type': 'Point', 'coordinates': (-79.390285, 43.647845)}"
6001001689,2016,00:00.0,1030,10,VICTORIA ST,SHUTER ST,58 m South of,2,Toronto and East York,13,51,Mid-Block,Non Intersection,No Control,Clear,Daylight,Dry,Non-Fatal Injury,Pedestrian Collisions,D51,75,Church-Yonge Corridor (75),"{'type': 'Point', 'coordinates': (-79.378536, 43.653781)}"
6001025245,2016,00:00.0,2223,22,BLOOR ST W,ISLINGTON AVE,NULL,1,Etobicoke York,3,22,Intersection,At Intersection,Traffic Signal,Clear,"Dark, artificial",Dry,Non-Fatal Injury,Angle,D22,16,Stonegate-Queensway (16),"{'type': 'Point', 'coordinates': (-79.523425, 43.644641)}"
6001035189,2016,00:00.0,1246,12,58 THE ESPLANADE,NULL,45 m West of,2,Toronto and East York,NULL,51,Mid-Block,Non Intersection,No Control,Clear,Daylight,Dry,Non-Fatal Injury,Cyclist Collisions,D51,77,Waterfront Communities-The Island (77),"{'type': 'Point', 'coordinates': (-79.374179, 43.646952)}"
6001035774,2016,00:00.0,1415,14,BREMNER BLVD,SPADINA AVE,NULL,3,Toronto and East York,10,52,Mid-Block,Non Intersection,No Control,Clear,Daylight,Dry,Fatal,Pedestrian Collisions,D52,77,Waterfront Communities-The Island (77),"{'type': 'Point', 'coordinates': (-79.392284, 43.640692)}"
6001039195,2016,00:00.0,37,0,LAWRENCE AVE E,VALPARAISO AVE,NULL,1,Scarborough,21,43,Mid-Block,Non Intersection,No Control,Clear,"Dark, artificial",Dry,Fatal,Pedestrian Collisions,D43,127,Bendale (127),"{'type': 'Point', 'coordinates': (-79.247493, 43.755103)}"
6001041986,2016,00:00.0,1231,12,YONGE ST,ADELAIDE ST E,11 m North of,1,Toronto and East York,13,NULL,Intersection,Intersection Related,Traffic Controller,Clear,Daylight,Dry,Non-Fatal Injury,Rear End,D51,75,Church-Yonge Corridor (75),"{'type': 'Point', 'coordinates': (-79.378459, 43.650389)}"
6001043780,2016,00:00.0,1644,16,FINCH AVE E,GARVIN  MEWS,143 m West of,1,North York,18,32,Mid-Block,Non Intersection,No Control,Clear,Daylight,Dry,Non-Fatal Injury,Pedestrian Collisions,D32,51,Willowdale East (51),"{'type': 'Point', 'coordinates': (-79.401058, 43.782927)}"
6001053517,2016,00:00.0,303,3,DANFORTH RD,ST CLAIR AVE E,92.1 m south,3,Scarborough,20,41,Mid-Block,Non Intersection,No Control,Clear,"Dark, artificial",Dry,Fatal,Pedestrian Collisions,D41,120,Clairlea-Birchmount (120),"{'type': 'Point', 'coordinates': (-79.260387, 43.715674)}"
6001054585,2016,00:00.0,855,8,DUFFERIN ST,CLOVERLAWN AVE,NULL,1,Toronto and East York,9,13,Intersection,Intersection Related,No Control,Clear,Daylight,Dry,Non-Fatal Injury,Pedestrian Collisions,D13,92,Corso Italia-Davenport (92),"{'type': 'Point', 'coordinates': (-79.4444, 43.681273000000004)}"
6001057996,2016,00:00.0,1737,17,CALEDONIA RD,CASTLEFIELD AVE,35 m North of,3,North York,8,13,Mid-Block,Non Intersection,No Control,Clear,Daylight,Dry,Non-Fatal Injury,Turning Movement,D13,108,Briar Hill-Belgravia (108),"{'type': 'Point', 'coordinates': (-79.463603, 43.698886)}"
6001066822,2016,00:00.0,20,0,ELLESMERE RD,WARDEN AVE,NULL,1,Scarborough,21,41,Intersection,Intersection Related,Traffic Signal,Clear,"Dark, artificial",Dry,Non-Fatal Injury,Angle,D41,119,Wexford/Maryvale (119),"{'type': 'Point', 'coordinates': (-79.300746, 43.761183)}"
6001074563,2016,00:00.0,910,9,540 BRIMLEY RD,NULL,1 m North of,1,Scarborough,21,NULL,Intersection,At/Near Private Drive,No Control,Clear,Daylight,Dry,Non-Fatal Injury,Turning Movement,D41,138,Eglinton East (138),"{'type': 'Point', 'coordinates': (-79.248805, 43.737811)}"
6001076116,2016,00:00.0,1307,13,ORMEROD ST,VERNE CRES,32 m East of,4,Scarborough,23,42,Intersection,Intersection Related,No Control,Clear,Daylight,Dry,Non-Fatal Injury,Cyclist Collisions,D42,132,Malvern (132),"{'type': 'Point', 'coordinates': (-79.237384, 43.795184)}"
6001084832,2016,00:00.0,1621,16,81 JANRAY DR,NULL,NULL,4,Scarborough,24,43,Mid-Block,Private Driveway,No Control,Clear,Daylight,Dry,Non-Fatal Injury,Pedestrian Collisions,D43,137,Woburn (137),"{'type': 'Point', 'coordinates': (-79.218051, 43.765277000000005)}"
7001094601,2017,00:00.0,1543,15,MARKHAM RD,PROGRESS AVE,NULL,1,Scarborough,24,43,Intersection,At Intersection,Traffic Signal,Clear,Daylight,Dry,Non-Fatal Injury,Turning Movement,D43,137,Woburn (137),"{'type': 'Point', 'coordinates': (-79.233852, 43.781672)}"
6001086045,2016,00:00.0,2030,20,SHEPPARD AVE W,NORTHOVER ST,100 m West of,1,Etobicoke York,NULL,31,Mid-Block,Non Intersection,No Control,Clear,Daylight,Dry,Non-Fatal Injury,Rear End,D31,25,Glenfield-Jane Heights (25),"{'type': 'Point', 'coordinates': (-79.502818, 43.741191)}"
6001088034,2016,00:00.0,655,6,DYNEVOR RD,KIRKNEWTON RD,NULL,4,Toronto and East York,9,13,Mid-Block,Non Intersection,No Control,Clear,Daylight,Dry,Fatal,Pedestrian Collisions,D13,109,Caledonia-Fairbank (109),"{'type': 'Point', 'coordinates': (-79.450549, 43.691016)}"
6001090221,2016,00:00.0,1305,13,SHEPPARD AVE E,PROVOST DR,NULL,1,North York,17,33,Intersection,At Intersection,Traffic Signal,Clear,Daylight,Dry,Non-Fatal Injury,Pedestrian Collisions,D33,52,Bayview Village (52),"{'type': 'Point', 'coordinates': (-79.371257, 43.770346)}"
6001093797,2016,00:00.0,2315,23,120 BEVERLY HILLS DR,NULL,65 m South of,2,Etobicoke York,7,31,Mid-Block,Non Intersection,No Control,Clear,"Dark, artificial",Dry,Non-Fatal Injury,Pedestrian Collisions,D31,26,Downsview-Roding-CFB (26),"{'type': 'Point', 'coordinates': (-79.516246, 43.718318)}"
6001099708,2016,00:00.0,1949,19,DUNDAS ST W,SHORNCLIFFE RD,NULL,1,Etobicoke York,3,22,Intersection,At Intersection,Traffic Controller,Clear,Daylight,Dry,Non-Fatal Injury,Pedestrian Collisions,D22,14,Islington-City Centre West (14),"{'type': 'Point', 'coordinates': (-79.544688, 43.632106)}"
6001102094,2016,00:00.0,707,7,THE QUEENSWAY,427 C S QUEENSWAY RAMP,200 m West of,1,Etobicoke York,3,22,Mid-Block,Non Intersection,No Control,Clear,Daylight,Dry,Non-Fatal Injury,SMV Other,D22,14,Islington-City Centre West (14),"{'type': 'Point', 'coordinates': (-79.554401, 43.61447)}"
6001104795,2016,00:00.0,1445,14,720 RENFORTH DR,NULL,3 m South of,3,Etobicoke York,2,22,Mid-Block,At/Near Private Drive,Pedestrian Crossover,Clear,Daylight,Dry,Non-Fatal Injury,Pedestrian Collisions,D22,11,Eringate-Centennial-West Deane (11),"{'type': 'Point', 'coordinates': (-79.585178, 43.663943)}"
6001117319,2016,00:00.0,1300,13,MCCOWAN RD,MCNICOLL AVE,NULL,1,Scarborough,23,42,Intersection,At Intersection,Traffic Signal,Clear,Daylight,Dry,Non-Fatal Injury,Sideswipe,D42,130,Milliken (130),"{'type': 'Point', 'coordinates': (-79.271938, 43.81787)}"
6001119393,2016,00:00.0,1948,19,PARKSIDE DR,SPRING RD,NULL,1,Toronto and East York,4,11,Intersection,Intersection Related,Traffic Signal,Clear,Daylight,Dry,Non-Fatal Injury,Pedestrian Collisions,D11,87,High Park-Swansea (87),"{'type': 'Point', 'coordinates': (-79.454639, 43.640975)}"
6001125472,2016,00:00.0,1745,17,DON MILLS RD,HELEN LU  RD,NULL,1,North York,17,33,Intersection,Intersection Related,Traffic Signal,Clear,Daylight,Dry,Non-Fatal Injury,Turning Movement,D33,53,Henry Farm (53),"{'type': 'Point', 'coordinates': (-79.346271, 43.772326)}"
6001139376,2016,00:00.0,1908,19,99 HUMBER BLVD,NULL,NULL,2,Etobicoke York,5,12,Mid-Block,At Intersection,No Control,Clear,Daylight,Dry,Non-Fatal Injury,Cyclist Collisions,D12,111,Rockcliffe-Smythe (111),"{'type': 'Point', 'coordinates': (-79.482257, 43.679877)}"
6001139914,2016,00:00.0,2050,20,ALBION RD,SILVERSTONE DR,75 m East of,1,Etobicoke York,1,23,Mid-Block,Non Intersection,No Control,Clear,"Dusk, artificial",Dry,Non-Fatal Injury,SMV Other,D23,1,West Humber-Clairville (1),"{'type': 'Point', 'coordinates': (-79.599033, 43.742755)}"
6000746605,2016,00:00.0,2033,20,AVENUE RD,FELBRIGGE AVE,NULL,1,North York,8,32,Mid-Block,Non Intersection,No Control,Rain,"Dark, artificial",Wet,Fatal,Pedestrian Collisions,D32,39,Bedford Park-Nortown (39),"{'type': 'Point', 'coordinates': (-79.419765, 43.734461)}"
6001143418,2016,00:00.0,1143,11,JANE ST,WILSON AVE,5 m South of,1,Etobicoke York,NULL,31,Intersection,Intersection Related,Traffic Signal,Clear,Daylight,Dry,Non-Fatal Injury,Cyclist Collisions,D31,26,Downsview-Roding-CFB (26),"{'type': 'Point', 'coordinates': (-79.508617, 43.720904)}"
5001918358,2015,00:00.0,340,3,WARDEN AVE,HUNTINGWOOD DR,94 m North of,1,Scarborough,22,42,Mid-Block,Non Intersection,No Control,Clear,"Dark, artificial",Dry,Non-Fatal Injury,SMV Other,D42,117,L'Amoreaux (117),"{'type': 'Point', 'coordinates': (-79.311298, 43.786265)}"
5002178129,2015,00:00.0,639,6,DUFFERIN ST,DAVENPORT RD,41 m South of,1,Toronto and East York,9,13,Mid-Block,Intersection Related,No Control,Clear,"Dark, artificial",Dry,Non-Fatal Injury,Cyclist Collisions,D13,93,Dovercourt-Wallace Emerson-Junction (93),"{'type': 'Point', 'coordinates': (-79.440799, 43.672553)}"
6001358700,2016,00:00.0,1745,17,FRONT ST E,YONGE ST,5 m North of,1,Toronto and East York,NULL,NULL,Intersection,Intersection Related,Traffic Signal,Clear,Daylight,Dry,Non-Fatal Injury,Rear End,D51,77,Waterfront Communities-The Island (77),"{'type': 'Point', 'coordinates': (-79.376933, 43.646811)}"
6001174772,2016,00:00.0,1247,12,740 DUPONT ST,NULL,NULL,1,Toronto and East York,11,14,Mid-Block,Non Intersection,No Control,Clear,Daylight,Dry,Fatal,Cyclist Collisions,D14,93,Dovercourt-Wallace Emerson-Junction (93),"{'type': 'Point', 'coordinates': (-79.423724, 43.671199)}"
6001148788,2016,00:00.0,405,4,F G GARDINER XY  E,DON VALLEY PARKWAY  N,NULL,1,Toronto and East York,NULL,NULL,Mid-Block,Non Intersection,No Control,Clear,"Dark, artificial",Dry,Non-Fatal Injury,SMV Other,D51,77,Waterfront Communities-The Island (77),"{'type': 'Point', 'coordinates': (-79.347575, 43.650691)}"
6001154162,2016,00:00.0,244,2,FINCH AVE W,SENTINEL RD,NULL,1,Etobicoke York,7,31,Intersection,At Intersection,Traffic Signal,Clear,"Dark, artificial",Dry,Non-Fatal Injury,Pedestrian Collisions,D31,27,York University Heights (27),"{'type': 'Point', 'coordinates': (-79.499957, 43.760993)}"
6001157650,2016,00:00.0,1812,18,QUEENS QUAY E,BONNYCASTLE ST,65.6 M E of,3,Toronto and East York,10,51,Mid-Block,Non Intersection,No Control,Clear,Daylight,Dry,Fatal,SMV Other,D51,77,Waterfront Communities-The Island (77),"{'type': 'Point', 'coordinates': (-79.363429, 43.64587300000001)}"
6001171035,2016,00:00.0,2055,20,KIPLING AVE,WESTHUMBER BLVD,NULL,1,Etobicoke York,1,23,Intersection,At Intersection,Traffic Signal,Clear,"Dusk, artificial",Dry,Fatal,Pedestrian Collisions,D23,4,Rexdale-Kipling (4),"{'type': 'Point', 'coordinates': (-79.574641, 43.728129)}"
6001174210,2016,00:00.0,1120,11,ALBION RD,ISLINGTON AVE,NULL,1,Etobicoke York,1,23,Intersection,At Intersection,Traffic Signal,Clear,Daylight,Dry,Fatal,Pedestrian Collisions,D23,3,Thistletown-Beaumond Heights (3),"{'type': 'Point', 'coordinates': (-79.565257, 43.737166)}"
6001177381,2016,00:00.0,2005,20,EGLINTON AVE E,MARKHAM RD,13 m West of,1,Scarborough,NULL,43,Intersection,At Intersection,Traffic Signal,Clear,Daylight,Dry,Non-Fatal Injury,Pedestrian Collisions,D43,139,Scarborough Village (139),"{'type': 'Point', 'coordinates': (-79.218875, 43.743109)}"
6001183781,2016,00:00.0,1831,18,401 C W MCCOWAN N RAMP RD,MCCOWAN RD,NULL,1,Scarborough,23,42,Mid-Block,At Intersection,No Control,Clear,Daylight,Dry,Fatal,SMV Other,D42,128,Agincourt South-Malvern West (128),"{'type': 'Point', 'coordinates': (-79.255756, 43.783583)}"
6001192088,2016,00:00.0,2304,23,EGLINTON AVE E,SWIFT DR,12 m West of,1,North York,16,NULL,Intersection,Intersection Related,Traffic Signal,Clear,"Dark, artificial",Dry,Non-Fatal Injury,Pedestrian Collisions,D54,43,Victoria Village (43),"{'type': 'Point', 'coordinates': (-79.318294, 43.726115)}"
6001186326,2016,00:00.0,654,6,HIGHWAY 27  N,CARRIER DR,NULL,1,Etobicoke York,1,23,Intersection,At Intersection,Traffic Signal,Clear,Daylight,Dry,Non-Fatal Injury,Rear End,D23,1,West Humber-Clairville (1),"{'type': 'Point', 'coordinates': (-79.605426, 43.739031)}"
6001198953,2016,00:00.0,2339,23,GALLOWAY RD,DEARHAM WOOD,31 m North of,2,Scarborough,24,43,Intersection,Intersection Related,Stop Sign,Clear,"Dark, artificial",Dry,Non-Fatal Injury,SMV Other,D43,140,Guildwood (140),"{'type': 'Point', 'coordinates': (-79.190738, 43.752776)}"
6001200915,2016,00:00.0,930,9,CHURCH ST,BLOOR ST E,NULL,1,Toronto and East York,11,NULL,Intersection,Intersection Related,Traffic Signal,Clear,Daylight,Dry,Non-Fatal Injury,Turning Movement,D51,75,Church-Yonge Corridor (75),"{'type': 'Point', 'coordinates': (-79.383151, 43.671034)}"
6001210183,2016,00:00.0,2024,20,WARDEN AVE,FINCH AVE E,105 m North of,1,Scarborough,22,42,Intersection,Non Intersection,Traffic Signal,Clear,Daylight,Dry,Non-Fatal Injury,Turning Movement,D42,117,L'Amoreaux (117),"{'type': 'Point', 'coordinates': (-79.315723, 43.796702)}"
6001210944,2016,00:00.0,2240,22,LAKE SHORE BLVD W,MARINE PARADE DR,NULL,1,Etobicoke York,3,22,Intersection,At Intersection,Traffic Signal,Clear,"Dark, artificial",Dry,Non-Fatal Injury,Pedestrian Collisions,D22,17,Mimico (17),"{'type': 'Point', 'coordinates': (-79.481197, 43.622859)}"
6001211373,2016,00:00.0,27,0,429 DUNDAS ST E,NULL,15 m North of,1,Toronto and East York,13,51,Intersection,Intersection Related,No Control,Clear,"Dark, artificial",Dry,Non-Fatal Injury,Cyclist Collisions,D51,73,Moss Park (73),"{'type': 'Point', 'coordinates': (-79.366695, 43.659266)}"
6001219608,2016,00:00.0,910,9,AVENUE RD,CHAPLIN CRES,58 m South of,1,Toronto and East York,12,53,Intersection,Non Intersection,Traffic Signal,Clear,Daylight,Dry,Non-Fatal Injury,Cyclist Collisions,D53,100,Yonge-Eglinton (100),"{'type': 'Point', 'coordinates': (-79.406146, 43.698767)}"
6001220813,2016,00:00.0,1235,12,PAPE AVE,COSBURN AVE,15 m South of,1,Toronto and East York,14,54,Intersection,Non Intersection,Traffic Signal,Clear,Daylight,Dry,Non-Fatal Injury,Cyclist Collisions,D54,58,Old East York (58),"{'type': 'Point', 'coordinates': (-79.348804, 43.689421)}"
6001222638,2016,00:00.0,1710,17,BIRMINGHAM ST,ELSINORE PATH,NULL,2,Etobicoke York,3,22,Intersection,At Intersection,No Control,Clear,Daylight,Dry,Fatal,SMV Other,D22,18,New Toronto (18),"{'type': 'Point', 'coordinates': (-79.510753, 43.602278)}"
6001228387,2016,00:00.0,1413,14,JANE ST,WILLIAM CRAGG DR,NULL,1,Etobicoke York,NULL,31,Intersection,Intersection Related,No Control,Clear,Daylight,Dry,Non-Fatal Injury,Turning Movement,D31,26,Downsview-Roding-CFB (26),"{'type': 'Point', 'coordinates': (-79.508968, 43.722354)}"
6001230859,2016,00:00.0,2035,20,BAYVIEW AVE,BROADWAY AVE,8 m South of,1,North York,15,53,Intersection,At/Near Private Drive,Traffic Signal,Clear,Daylight,Dry,Non-Fatal Injury,Turning Movement,D53,56,Leaside-Bennington (56),"{'type': 'Point', 'coordinates': (-79.377612, 43.713843)}"
6001231273,2016,00:00.0,2205,22,UNIVERSITY AVE,GERRARD ST W,4 m North of,1,Toronto and East York,11,52,Intersection,Non Intersection,Traffic Signal,Clear,"Dark, artificial",Dry,Non-Fatal Injury,Turning Movement,D52,76,Bay Street Corridor (76),"{'type': 'Point', 'coordinates': (-79.389476, 43.657519)}"
6001239571,2016,00:00.0,630,6,BAMBURGH CRCL,MONTAGUE PL,NULL,2,Scarborough,22,42,Intersection,At Intersection,No Control,Clear,Daylight,Dry,Non-Fatal Injury,Pedestrian Collisions,D42,116,Steeles (116),"{'type': 'Point', 'coordinates': (-79.322467, 43.811843)}"
6001249776,2016,00:00.0,1821,18,MARKHAM RD,LAWRENCE AVE E,18 m South of,1,Scarborough,24,43,Intersection,Non Intersection,No Control,Clear,Daylight,Dry,Non-Fatal Injury,Pedestrian Collisions,D43,137,Woburn (137),"{'type': 'Point', 'coordinates': (-79.225314, 43.75981)}"
6001250602,2016,00:00.0,2111,21,STEELES AVE E,BESTVIEW DR,2 m North of,1,North York,17,33,Intersection,Intersection Related,No Control,Clear,"Dusk, artificial",Dry,Non-Fatal Injury,Turning Movement,D33,49,Bayview Woods-Steeles (49),"{'type': 'Point', 'coordinates': (-79.38335000000001, 43.806021)}"
6001269035,2016,00:00.0,1850,18,RICHMOND ST W,PORTLAND ST,27 m West of,1,Toronto and East York,10,14,Intersection,At/Near Private Drive,No Control,Clear,Daylight,Dry,Non-Fatal Injury,Cyclist Collisions,D14,77,Waterfront Communities-The Island (77),"{'type': 'Point', 'coordinates': (-79.401088, 43.646899)}"
6001283246,2016,00:00.0,2127,21,THE EAST MALL,RATHBURN RD,137 m South of,3,Etobicoke York,2,22,Mid-Block,Non Intersection,No Control,Clear,"Dark, artificial",Dry,Non-Fatal Injury,Cyclist Collisions,D22,14,Islington-City Centre West (14),"{'type': 'Point', 'coordinates': (-79.563464, 43.653208)}"
6001283633,2016,00:00.0,2247,22,JARVIS ST,DUNDAS ST E,7 m North of,1,Toronto and East York,13,51,Intersection,Intersection Related,No Control,Clear,"Dusk, artificial",Dry,Non-Fatal Injury,Pedestrian Collisions,D51,73,Moss Park (73),"{'type': 'Point', 'coordinates': (-79.37453, 43.656993)}"
6001286776,2016,00:00.0,1223,12,ST CLAIR AVE W,WESTON RD,NULL,1,Etobicoke York,5,NULL,Intersection,At Intersection,Traffic Signal,Clear,Daylight,Dry,Non-Fatal Injury,Pedestrian Collisions,D11,90,Junction Area (90),"{'type': 'Point', 'coordinates': (-79.467586, 43.672461)}"
6001284947,2016,00:00.0,630,6,LAWRENCE AVE W,WESTON RD,NULL,1,Etobicoke York,5,12,Intersection,At Intersection,Traffic Signal,Clear,"Dawn, artificial",Dry,Non-Fatal Injury,Turning Movement,D12,113,Weston (113),"{'type': 'Point', 'coordinates': (-79.516155, 43.700087)}"
6001288485,2016,00:00.0,1702,17,TRETHEWEY DR,PLATINUM DR,NULL,3,Etobicoke York,5,12,Intersection,At Intersection,Stop Sign,Clear,Daylight,Dry,Non-Fatal Injury,Angle,D12,30,Brookhaven-Amesbury (30),"{'type': 'Point', 'coordinates': (-79.49898100000001, 43.697261)}"
6001289424,2016,00:00.0,1948,19,ROYAL YORK RD,STRATH HUMBER CRT,12.5 M S of,3,Etobicoke York,2,22,Intersection,At Intersection,No Control,Clear,Daylight,Dry,Fatal,Turning Movement,D22,9,Edenbridge-Humber Valley (9),"{'type': 'Point', 'coordinates': (-79.517581, 43.661376)}"
6001300022,2016,00:00.0,1349,13,VICTORIA PARK AVE,HIGHWAY 401 C  W,5 m South of,1,North York,NULL,NULL,Mid-Block,Non Intersection,No Control,Clear,Daylight,Dry,Non-Fatal Injury,Cyclist Collisions,D33,118,Tam O'Shanter-Sullivan (118),"{'type': 'Point', 'coordinates': (-79.319797, 43.768347)}"
6001301961,2016,00:00.0,2030,20,DANFORTH AVE,BIRCHMOUNT RD,130 m East of,3,Scarborough,20,41,Mid-Block,Non Intersection,No Control,Clear,Dusk,Dry,Non-Fatal Injury,Other,D41,122,Birchcliffe-Cliffside (122),"{'type': 'Point', 'coordinates': (-79.262462, 43.697486)}"
6001309573,2016,00:00.0,2359,23,KENNEDY RD,MERRIAN RD,NULL,1,Scarborough,20,41,Intersection,At Intersection,Traffic Signal,Clear,"Dark, artificial",Dry,Non-Fatal Injury,Cyclist Collisions,D41,124,Kennedy Park (124),"{'type': 'Point', 'coordinates': (-79.26588, 43.727336)}"
6001310916,2016,00:00.0,836,8,WILSON HEIGHTS BLVD,CODSELL AVE,5 m South of,2,North York,6,32,Intersection,At Intersection,Stop Sign,Clear,Daylight,Dry,Non-Fatal Injury,Turning Movement,D32,34,Bathurst Manor (34),"{'type': 'Point', 'coordinates': (-79.458949, 43.754176)}"
6001326720,2016,00:00.0,1450,14,PARLIAMENT ST,SHUTER ST,NULL,3,Toronto and East York,13,51,Intersection,At Intersection,Traffic Signal,Clear,Daylight,Dry,Fatal,Pedestrian Collisions,D51,72,Regent Park (72),"{'type': 'Point', 'coordinates': (-79.364993, 43.656932)}"