ACCNUM,YEAR,DATE,TIME,HOUR,STREET1,STREET2,OFFSET,ROAD_CLASS,DISTRICT,WARDNUM,DIVISION,LOCCOORD,ACCLOC,TRAFFCTL,VISIBILITY,LIGHT,RDSFCOND,ACCLASS,IMPACTYPE,POLICE_DIVISION,HOOD_ID,NEIGHBOURHOOD,geometry
6001333715,2016,00:00.0,1645,16,JANE ST,SHOREHAM DR,121 m North of,1,Etobicoke York,7,31,Mid-Block,Non Intersection,No Control,Clear,Daylight,Dry,Non-Fatal Injury,Cyclist Collisions,D31,24,Black Creek (24),"{'type': 'Point', 'coordinates': (-79.52058, 43.769675)}"
6001334259,2016,00:00.0,1825,18,KINGSTON RD,GUILDCREST DR,NULL,1,Scarborough,24,43,Intersection,At Intersection,No Control,Clear,Daylight,Dry,Fatal,Pedestrian Collisions,D43,140,Guildwood (140),"{'type': 'Point', 'coordinates': (-79.207637, 43.747851)}"
6001341956,2016,00:00.0,2248,22,PARK LAWN RD,THE QUEENSWAY,NULL,1,Etobicoke York,3,22,Intersection,At Intersection,Traffic Signal,Clear,"Dark, artificial",Dry,Non-Fatal Injury,SMV Other,D22,16,Stonegate-Queensway (16),"{'type': 'Point', 'coordinates': (-79.490321, 43.628977)}"
6001345276,2016,00:00.0,1355,13,MORNINGSIDE AVE,ELLESMERE RD,282 m South of,1,Scarborough,NULL,43,Mid-Block,Non Intersection,No Control,Rain,Daylight,Wet,Non-Fatal Injury,Turning Movement,D43,134,Highland Creek (134),"{'type': 'Point', 'coordinates': (-79.192378, 43.782973)}"
5001919444,2015,00:00.0,1100,11,LAWRENCE AVE E,GREENHOLM CRCT,NULL,1,Scarborough,24,43,Intersection,At Intersection,Traffic Signal,Clear,Daylight,Dry,Non-Fatal Injury,Pedestrian Collisions,D43,137,Woburn (137),"{'type': 'Point', 'coordinates': (-79.22298, 43.760302)}"
6001359904,2016,00:00.0,2112,21,BLUE JAYS WAY,NAVY WHARF CRT,NULL,3,Toronto and East York,10,52,Intersection,At Intersection,Stop Sign,Clear,"Dark, artificial",Dry,Non-Fatal Injury,Pedestrian Collisions,D52,77,Waterfront Communities-The Island (77),"{'type': 'Point', 'coordinates': (-79.391864, 43.64157)}"
5002186255,2015,00:00.0,1720,17,1145 DANFORTH AVE,NULL,NULL,1,Toronto and East York,14,NULL,Mid-Block,Non Intersection,No Control,Rain,"Dark, artificial",Wet,Non-Fatal Injury,Pedestrian Collisions,D55,69,Blake-Jones (69),"{'type': 'Point', 'coordinates': (-79.33361400000001, 43.681204)}"
5001792532,2015,00:00.0,145,1,LAKE SHORE BLVD W,THIRTY SEVENTH ST,51 m East of,1,Etobicoke York,3,22,Mid-Block,Non Intersection,No Control,Clear,"Dark, artificial",Dry,Non-Fatal Injury,SMV Other,D22,19,Long Branch (19),"{'type': 'Point', 'coordinates': (-79.537532, 43.593527)}"
6000754675,2016,00:00.0,555,5,MARKHAM RD,EGLINTON AVE E,1 m North of,1,Scarborough,NULL,43,Intersection,Intersection Related,No Control,Clear,Dawn,Dry,Non-Fatal Injury,Pedestrian Collisions,D43,139,Scarborough Village (139),"{'type': 'Point', 'coordinates': (-79.218875, 43.743109)}"
6001551246,2016,00:00.0,1413,14,ROGERS RD,KANE AVE,NULL,3,Etobicoke York,NULL,12,Intersection,Intersection Related,No Control,Clear,Daylight,Dry,Non-Fatal Injury,Cyclist Collisions,D12,110,Keelesdale-Eglinton West (110),"{'type': 'Point', 'coordinates': (-79.46651, 43.68204800000001)}"
6001363275,2016,00:00.0,1154,11,STEELES AVE W,HILDA AVE,5 m North of,1,North York,18,32,Intersection,At Intersection,Traffic Signal,Clear,Daylight,Dry,Non-Fatal Injury,Turning Movement,D32,36,Newtonbrook West (36),"{'type': 'Point', 'coordinates': (-79.42922500000002, 43.795935)}"
6001365744,2016,00:00.0,1822,18,ELLESMERE RD,HELICON GT,NULL,1,Scarborough,24,43,Intersection,At Intersection,Traffic Signal,Clear,Daylight,Dry,Non-Fatal Injury,Turning Movement,D43,135,Morningside (135),"{'type': 'Point', 'coordinates': (-79.222179, 43.778483)}"
6001365949,2016,00:00.0,1858,18,DUFFERIN ST,WATERLOO AVE,NULL,4,North York,6,32,Intersection,At Intersection,Stop Sign,Clear,Daylight,Dry,Non-Fatal Injury,Turning Movement,D32,34,Bathurst Manor (34),"{'type': 'Point', 'coordinates': (-79.463718, 43.754481)}"
6001376721,2016,00:00.0,1225,12,FINCH AVE W,TALBOT RD,40 m East,1,North York,18,32,Mid-Block,Non Intersection,No Control,Clear,Daylight,Dry,Fatal,Pedestrian Collisions,D32,37,Willowdale West (37),"{'type': 'Point', 'coordinates': (-79.422359, 43.778243)}"
6001378926,2016,00:00.0,1829,18,REXDALE BLVD,HUMBERWOOD BLVD,NULL,1,Etobicoke York,1,23,Mid-Block,Non Intersection,No Control,Clear,Daylight,Dry,Fatal,Approaching,D23,1,West Humber-Clairville (1),"{'type': 'Point', 'coordinates': (-79.611308, 43.720599)}"
6001385962,2016,00:00.0,2029,20,LAKE SHORE BLVD E,DON ROADWAY,9 m West of,1,Toronto and East York,14,NULL,Intersection,At Intersection,Traffic Signal,Clear,Daylight,Dry,Non-Fatal Injury,Turning Movement,D51,70,South Riverdale (70),"{'type': 'Point', 'coordinates': (-79.346919, 43.65082)}"
6001402361,2016,00:00.0,1228,12,KEELE ST,HIRONS ST,NULL,1,Etobicoke York,5,11,Intersection,At Intersection,Stop Sign,Clear,Daylight,Dry,Non-Fatal Injury,Turning Movement,D11,90,Junction Area (90),"{'type': 'Point', 'coordinates': (-79.466281, 43.669467)}"
6001406724,2016,00:00.0,329,3,DANFORTH RD,THICKETWOOD DR      (431),NULL,1,Scarborough,21,43,Intersection,Intersection Related,Stop Sign,Clear,"Daylight, artificial",Wet,Non-Fatal Injury,Angle,D43,138,Eglinton East (138),"{'type': 'Point', 'coordinates': (-79.244685, 43.744784)}"
6001433140,2016,00:00.0,250,2,STEELES AVE E,REESOR RD,NULL,3,Scarborough,25,42,Mid-Block,Non Intersection,No Control,Clear,Dark,Dry,Fatal,Approaching,D42,131,Rouge (131),"{'type': 'Point', 'coordinates': (-79.197955, 43.84878)}"
6001410250,2016,00:00.0,1603,16,MARCELLA ST,ANGORA ST,NULL,4,Scarborough,24,43,Intersection,At Intersection,Stop Sign,Clear,Daylight,Dry,Non-Fatal Injury,Angle,D43,137,Woburn (137),"{'type': 'Point', 'coordinates': (-79.21384, 43.759055)}"
6001416564,2016,00:00.0,1603,16,WESTHUMBER BLVD,KIPLING AVE,NULL,1,Etobicoke York,1,23,Intersection,At Intersection,Traffic Signal,Clear,Daylight,Dry,Non-Fatal Injury,Pedestrian Collisions,D23,4,Rexdale-Kipling (4),"{'type': 'Point', 'coordinates': (-79.574611, 43.728068)}"
6001431942,2016,00:00.0,2223,22,LAKE SHORE BLVD W,LONG BRANCH AVE,40 m West of,1,Etobicoke York,3,22,Mid-Block,Non Intersection,No Control,Clear,"Dark, artificial",Wet,Non-Fatal Injury,SMV Other,D22,19,Long Branch (19),"{'type': 'Point', 'coordinates': (-79.53458, 43.594142)}"
6001446484,2016,00:00.0,917,9,WELLESLEY ST E,PARLIAMENT ST,NULL,3,Toronto and East York,13,51,Intersection,At Intersection,Traffic Signal,Rain,Daylight,Wet,Non-Fatal Injury,Pedestrian Collisions,D51,71,Cabbagetown-South St.James Town (71),"{'type': 'Point', 'coordinates': (-79.369525, 43.66810100000001)}"
6001451280,2016,00:00.0,2325,23,THE WEST MALL,THE QUEENSWAY,NULL,1,Etobicoke York,3,22,Intersection,At Intersection,Traffic Signal,Clear,"Dark, artificial",Dry,Non-Fatal Injury,Cyclist Collisions,D22,14,Islington-City Centre West (14),"{'type': 'Point', 'coordinates': (-79.562633, 43.612300000000005)}"
6001455596,2016,00:00.0,1606,16,KEELE ST,MURRAY ROSS PKWY,219 m North of,1,Etobicoke York,NULL,31,Mid-Block,Non Intersection,No Control,Clear,Daylight,Dry,Non-Fatal Injury,Approaching,D31,27,York University Heights (27),"{'type': 'Point', 'coordinates': (-79.492366, 43.768675)}"
6001466377,2016,00:00.0,904,9,FINCH AVE E,SKYMARK DR,NULL,1,North York,17,33,Intersection,Intersection Related,Traffic Signal,Clear,Daylight,Dry,Fatal,Pedestrian Collisions,D33,47,Don Valley Village (47),"{'type': 'Point', 'coordinates': (-79.352275, 43.793151)}"
6001469848,2016,00:00.0,1853,18,KIPLING AVE,DIXON RD,NULL,1,Etobicoke York,NULL,23,Intersection,At Intersection,Traffic Signal,Clear,Daylight,Dry,Non-Fatal Injury,Pedestrian Collisions,D23,6,Kingsview Village-The Westway (6),"{'type': 'Point', 'coordinates': (-79.558605, 43.694178)}"
6001470144,2016,00:00.0,1948,19,CONLINS RD,MILNER AVE,139 m South of,2,Scarborough,25,42,Mid-Block,Non Intersection,No Control,Clear,Daylight,Dry,Non-Fatal Injury,Sideswipe,D42,131,Rouge (131),"{'type': 'Point', 'coordinates': (-79.188243, 43.799857)}"
6001474436,2016,00:00.0,1323,13,SHEPPARD AVE W,JANE ST,NULL,1,Etobicoke York,NULL,31,Intersection,At Intersection,Traffic Signal,Clear,Daylight,Dry,Non-Fatal Injury,Approaching,D31,25,Glenfield-Jane Heights (25),"{'type': 'Point', 'coordinates': (-79.513179, 43.739318)}"
6001479157,2016,00:00.0,634,6,FINCH AVE E,TRUDY RD,5 m West of,1,North York,17,33,Intersection,Intersection Related,No Control,Clear,Daylight,Dry,Non-Fatal Injury,SMV Other,D33,47,Don Valley Village (47),"{'type': 'Point', 'coordinates': (-79.363033, 43.790763)}"
6001481386,2016,00:00.0,1617,16,ALBION RD,HIGHWAY 27  N,NULL,1,Etobicoke York,1,23,Intersection,At Intersection,Traffic Signal,Clear,Daylight,Dry,Non-Fatal Injury,Turning Movement,D23,1,West Humber-Clairville (1),"{'type': 'Point', 'coordinates': (-79.607509, 43.744208)}"
6001486402,2016,00:00.0,1312,13,DUFFERIN ST,DUNDAS ST W,NULL,3,Toronto and East York,9,NULL,Intersection,At Intersection,Traffic Signal,Clear,Daylight,Dry,Non-Fatal Injury,Pedestrian Collisions,D14,84,Little Portugal (84),"{'type': 'Point', 'coordinates': (-79.431415, 43.649577)}"
6001501601,2016,00:00.0,1811,18,JANE ST,ALLIANCE AVE,66 m North of,1,Etobicoke York,5,12,Mid-Block,Non Intersection,No Control,Clear,Daylight,Dry,Non-Fatal Injury,Rear End,D12,111,Rockcliffe-Smythe (111),"{'type': 'Point', 'coordinates': (-79.495929, 43.676676)}"
6001509218,2016,00:00.0,2153,21,DIXON RD,ISLINGTON AVE,NULL,1,Etobicoke York,NULL,23,Intersection,At Intersection,Traffic Signal,Clear,"Dark, artificial",Dry,Non-Fatal Injury,Pedestrian Collisions,D23,6,Kingsview Village-The Westway (6),"{'type': 'Point', 'coordinates': (-79.546687, 43.696978)}"
6001511108,2016,00:00.0,850,8,LOWER JARVIS ST,LAKE SHORE BLVD E,NULL,1,Toronto and East York,10,51,Intersection,At Intersection,Traffic Signal,Clear,Daylight,Dry,Non-Fatal Injury,Pedestrian Collisions,D51,77,Waterfront Communities-The Island (77),"{'type': 'Point', 'coordinates': (-79.369815, 43.645556)}"
6001519318,2016,00:00.0,1356,13,ROYAL YORK RD,NEWCASTLE ST,NULL,3,Etobicoke York,3,22,Intersection,At Intersection,Traffic Signal,Clear,Daylight,Dry,Non-Fatal Injury,Pedestrian Collisions,D22,17,Mimico (17),"{'type': 'Point', 'coordinates': (-79.498882, 43.617427)}"
6001513720,2016,00:00.0,1600,16,116 ELINOR AVE,JOY DR,68 m North of,4,Scarborough,21,41,Mid-Block,At/Near Private Drive,No Control,Clear,Daylight,Dry,Non-Fatal Injury,Cyclist Collisions,D41,119,Wexford/Maryvale (119),"{'type': 'Point', 'coordinates': (-79.303737, 43.752097)}"
6001515823,2016,00:00.0,2215,22,LAKE SHORE BLVD W,BRITISH COLUMBIA RD,368 m East of,1,Toronto and East York,10,14,Mid-Block,Non Intersection,No Control,Clear,"Dark, artificial",Dry,Non-Fatal Injury,Sideswipe,D14,82,Niagara (82),"{'type': 'Point', 'coordinates': (-79.425586, 43.629969)}"
6001529591,2016,00:00.0,745,7,STEELES AVE E,PHARMACY AVE,NULL,1,Scarborough,22,42,Intersection,At Intersection,Traffic Signal,Clear,Daylight,Dry,Non-Fatal Injury,Pedestrian Collisions,D42,116,Steeles (116),"{'type': 'Point', 'coordinates': (-79.33642900000001, 43.816851)}"
6001532518,2016,00:00.0,1610,16,WARDEN AVE,CONTINENTAL PL,NULL,1,Scarborough,21,41,Intersection,At Intersection,Stop Sign,Clear,Daylight,Dry,Non-Fatal Injury,Turning Movement,D41,119,Wexford/Maryvale (119),"{'type': 'Point', 'coordinates': (-79.301257, 43.763491)}"
5001920978,2015,00:00.0,1640,16,MCNICOLL AVE,SHADY HOLLOW DR,5 m South of,3,Scarborough,23,42,Intersection,Intersection Related,No Control,Clear,Daylight,Dry,Non-Fatal Injury,Turning Movement,D42,130,Milliken (130),"{'type': 'Point', 'coordinates': (-79.26469, 43.819476)}"
5001798933,2015,00:00.0,845,8,PELICAN GT,FINCH AVE W,5 m South of,1,Etobicoke York,7,31,Intersection,At Intersection,No Control,Clear,Daylight,Dry,Non-Fatal Injury,Pedestrian Collisions,D31,24,Black Creek (24),"{'type': 'Point', 'coordinates': (-79.52250200000002, 43.756339)}"
6000754658,2016,00:00.0,605,6,OAKWOOD AVE,GLENHURST AVE,NULL,3,Toronto and East York,9,13,Intersection,At Intersection,No Control,Clear,"Dawn, artificial",Dry,Non-Fatal Injury,Turning Movement,D13,107,Oakwood Village (107),"{'type': 'Point', 'coordinates': (-79.436557, 43.681796)}"
6000755736,2016,00:00.0,948,9,3 SPRUCE HILL RD,NULL,NULL,4,Toronto and East York,19,55,Mid-Block,Non Intersection,No Control,Clear,Daylight,Dry,Fatal,Pedestrian Collisions,D55,63,The Beaches (63),"{'type': 'Point', 'coordinates': (-79.288913, 43.672747)}"
6000759323,2016,00:00.0,1912,19,SCOTTFIELD DR,FINCH AVE E,80 m South of,4,Scarborough,23,42,Mid-Block,Non Intersection,No Control,Clear,Daylight,Dry,Non-Fatal Injury,SMV Other,D42,129,Agincourt North (129),"{'type': 'Point', 'coordinates': (-79.252544, 43.81)}"
6000775153,2016,00:00.0,630,6,920 DANFORTH RD,NULL,NULL,1,Scarborough,20,41,Mid-Block,Intersection Related,No Control,Clear,Daylight,Dry,Non-Fatal Injury,Approaching,D41,124,Kennedy Park (124),"{'type': 'Point', 'coordinates': (-79.251354, 43.729975)}"
6000775432,2016,00:00.0,755,7,WELLINGTON ST E,YONGE ST,25 m East of,1,Toronto and East York,13,NULL,Intersection,At/Near Private Drive,No Control,Clear,Daylight,Dry,Non-Fatal Injury,Pedestrian Collisions,D51,75,Church-Yonge Corridor (75),"{'type': 'Point', 'coordinates': (-79.377361, 43.647834)}"
6000780145,2016,00:00.0,2025,20,ADELAIDE ST W,TECUMSETH ST,51 m West of,2,Toronto and East York,10,14,Mid-Block,Non Intersection,No Control,Clear,Dusk,Dry,Non-Fatal Injury,Other,D14,82,Niagara (82),"{'type': 'Point', 'coordinates': (-79.40652, 43.644461)}"
6000781338,2016,00:00.0,15,0,SHEPPARD AVE W,EASTON RD,14 m East of,1,North York,18,32,Intersection,Intersection Related,No Control,Clear,"Dark, artificial",Dry,Non-Fatal Injury,Pedestrian Collisions,D32,38,Lansing-Westgate (38),"{'type': 'Point', 'coordinates': (-79.425723, 43.758208)}"
6000789815,2016,00:00.0,1133,11,BROADVIEW AVE,JACK LAYTON WAY,NULL,3,Toronto and East York,14,55,Intersection,Intersection Related,No Control,Clear,Daylight,Dry,Non-Fatal Injury,Sideswipe,D55,68,North Riverdale (68),"{'type': 'Point', 'coordinates': (-79.352901, 43.666148)}"
6000800445,2016,00:00.0,648,6,FINCH AVE W,SIGNET DR,25 m East of,1,Etobicoke York,7,31,Intersection,At Intersection,Traffic Signal,Clear,Daylight,Dry,Non-Fatal Injury,Cyclist Collisions,D31,22,Humbermede (22),"{'type': 'Point', 'coordinates': (-79.53622, 43.753218)}"
6000874773,2016,00:00.0,30,0,DUNDAS ST W,OSSINGTON AVE,40 m East of,1,Toronto and East York,NULL,14,Mid-Block,Non Intersection,No Control,Clear,Dark,Dry,Non-Fatal Injury,Cyclist Collisions,D14,81,Trinity-Bellwoods (81),"{'type': 'Point', 'coordinates': (-79.420032, 43.649394)}"
6000846295,2016,00:00.0,820,8,2632 EGLINTON AVE E,NULL,18 m East of,1,Scarborough,NULL,41,Mid-Block,Non Intersection,No Control,Clear,Daylight,Dry,Non-Fatal Injury,Pedestrian Collisions,D41,124,Kennedy Park (124),"{'type': 'Point', 'coordinates': (-79.25098, 43.735991000000006)}"
6000848793,2016,00:00.0,1414,14,JANE ST,TROUTBROOKE DR,NULL,1,Etobicoke York,NULL,31,Intersection,At Intersection,Traffic Signal,Clear,Daylight,Dry,Fatal,Turning Movement,D31,26,Downsview-Roding-CFB (26),"{'type': 'Point', 'coordinates': (-79.511264, 43.731806)}"
6000916730,2016,00:00.0,400,4,ALBION RD,MARTIN GROVE RD,10 m West of,1,Etobicoke York,1,23,Mid-Block,Non Intersection,No Control,Clear,"Dark, artificial",Dry,Non-Fatal Injury,Pedestrian Collisions,D23,1,West Humber-Clairville (1),"{'type': 'Point', 'coordinates': (-79.595989, 43.742179)}"
6000852828,2016,00:00.0,600,6,TWENTY FOURTH STREET,LAKESHORE BOULEVARD,46 m North of,4,Etobicoke York,3,22,Mid-Block,Non Intersection,No Control,Clear,Daylight,Dry,Non-Fatal Injury,Pedestrian Collisions,D22,18,New Toronto (18),"{'type': 'Point', 'coordinates': (-79.522662, 43.597373)}"
6000853484,2016,00:00.0,845,8,580 CHRISTIE ST,NULL,2 m East of,3,Toronto and East York,12,13,Mid-Block,At/Near Private Drive,No Control,Clear,Daylight,Dry,Non-Fatal Injury,Cyclist Collisions,D13,94,Wychwood (94),"{'type': 'Point', 'coordinates': (-79.42467, 43.679186)}"
6000861848,2016,00:00.0,1200,12,JANE ST,400 S JANE ST RAMP,NULL,1,Etobicoke York,5,12,Intersection,At Intersection,Traffic Signal,Clear,Daylight,Dry,Non-Fatal Injury,Turning Movement,D12,28,Rustic (28),"{'type': 'Point', 'coordinates': (-79.505931, 43.710971)}"
6000864386,2016,00:00.0,2008,20,FINCH AVE E,MARKHAM RD,NULL,1,Scarborough,23,42,Intersection,Intersection Related,Traffic Signal,Clear,Daylight,Dry,Non-Fatal Injury,Rear End,D42,132,Malvern (132),"{'type': 'Point', 'coordinates': (-79.243037, 43.812899)}"
6000869081,2016,00:00.0,1430,14,EGLINTON AVE W,OAKWOOD AVE,NULL,1,North York,NULL,13,Intersection,At Intersection,Traffic Signal,Clear,"Daylight, artificial",Dry,Non-Fatal Injury,Pedestrian Collisions,D13,107,Oakwood Village (107),"{'type': 'Point', 'coordinates': (-79.442752, 43.69723)}"
6000875073,2016,00:00.0,1300,13,REESOR RD,OLD FINCH AVE,400 m North of,2,Scarborough,25,42,Mid-Block,Non Intersection,No Control,Clear,Daylight,Dry,Non-Fatal Injury,SMV Other,D42,131,Rouge (131),"{'type': 'Point', 'coordinates': (-79.190494, 43.828662)}"
6000883005,2016,00:00.0,1815,18,DANFORTH AVE,PHARMACY AVE,NULL,1,Scarborough,20,41,Intersection,At Intersection,Traffic Signal,Clear,Daylight,Dry,Non-Fatal Injury,Pedestrian Collisions,D41,121,Oakridge (121),"{'type': 'Point', 'coordinates': (-79.283344, 43.692256)}"
5001897298,2015,00:00.0,1530,15,BAYVIEW AVE,PARKHURST BLVD,NULL,1,North York,15,53,Intersection,At Intersection,Stop Sign,Clear,Daylight,Dry,Non-Fatal Injury,Angle,D53,56,Leaside-Bennington (56),"{'type': 'Point', 'coordinates': (-79.376323, 43.708693)}"
6000894195,2016,00:00.0,1350,13,HIGHWAY 27  N,HUMBER COLLEGE BLVD,NULL,1,Etobicoke York,1,23,Mid-Block,Non Intersection,No Control,Clear,Daylight,Dry,Fatal,Rear End,D23,1,West Humber-Clairville (1),"{'type': 'Point', 'coordinates': (-79.600063, 43.727339)}"
6000897819,2016,00:00.0,13,0,HIGHWAY 27  N,REXDALE BLVD,20 m South of,1,Etobicoke York,1,23,Intersection,At Intersection,Traffic Signal,Clear,"Dark, artificial",Dry,Non-Fatal Injury,Rear End,D23,1,West Humber-Clairville (1),"{'type': 'Point', 'coordinates': (-79.595577, 43.717196)}"
6000901714,2016,00:00.0,1525,15,182 JAMESON AVE,NULL,3 m East of,3,Toronto and East York,4,14,Intersection,Non Intersection,No Control,Clear,Daylight,Dry,Non-Fatal Injury,Pedestrian Collisions,D14,85,South Parkdale (85),"{'type': 'Point', 'coordinates': (-79.436633, 43.638697)}"
6000917027,2016,00:00.0,1953,19,MARKHAM RD,BLAKEMANOR BLVD,NULL,1,Scarborough,24,43,Intersection,At Intersection,Traffic Signal,Clear,Daylight,Dry,Non-Fatal Injury,Pedestrian Collisions,D43,137,Woburn (137),"{'type': 'Point', 'coordinates': (-79.222255, 43.751013)}"
6000917745,2016,00:00.0,2150,21,LAWRENCE AVE E,MCCOWAN RD,NULL,1,Scarborough,NULL,43,Intersection,At Intersection,Traffic Signal,Clear,"Dark, artificial",Dry,Non-Fatal Injury,Turning Movement,D43,127,Bendale (127),"{'type': 'Point', 'coordinates': (-79.245387, 43.755477)}"
6000920923,2016,00:00.0,1150,11,JANE ST,MAPLE LEAF DR,NULL,1,Etobicoke York,5,12,Intersection,At Intersection,Traffic Signal,Clear,Daylight,Dry,Non-Fatal Injury,Turning Movement,D12,28,Rustic (28),"{'type': 'Point', 'coordinates': (-79.505519, 43.709174000000004)}"
6000923025,2016,00:00.0,1800,18,THE WEST MALL,WESTSIDE DR,NULL,3,Etobicoke York,3,22,Mid-Block,Non Intersection,No Control,Clear,Daylight,Dry,Fatal,Approaching,D22,14,Islington-City Centre West (14),"{'type': 'Point', 'coordinates': (-79.564426, 43.618773)}"
6000936557,2016,00:00.0,1728,17,4 EWART AVE,NULL,NULL,4,Etobicoke York,5,12,Intersection,Non Intersection,No Control,Clear,Daylight,Dry,Fatal,Other,D12,110,Keelesdale-Eglinton West (110),"{'type': 'Point', 'coordinates': (-79.467433, 43.688113)}"
6000956129,2016,00:00.0,2005,20,RICHMOND ST W,UNIVERSITY AVE,NULL,1,Toronto and East York,10,52,Intersection,At Intersection,Traffic Signal,Clear,Daylight,Dry,Non-Fatal Injury,Cyclist Collisions,D52,76,Bay Street Corridor (76),"{'type': 'Point', 'coordinates': (-79.386249, 43.650012)}"
6000929645,2016,00:00.0,1755,17,SPADINA RD,BERNARD AVE,90 m South of,3,Toronto and East York,11,NULL,Mid-Block,At/Near Private Drive,No Control,Clear,Daylight,Dry,Non-Fatal Injury,Turning Movement,D53,95,Annex (95),"{'type': 'Point', 'coordinates': (-79.405658, 43.671214)}"
6000934627,2016,00:00.0,1250,12,BAY ST,HAGERMAN ST,NULL,1,Toronto and East York,NULL,52,Intersection,At Intersection,Traffic Signal,Clear,Daylight,Dry,Non-Fatal Injury,Turning Movement,D52,76,Bay Street Corridor (76),"{'type': 'Point', 'coordinates': (-79.383167, 43.654246)}"
6000936555,2016,00:00.0,1725,17,LAKE SHORE BLVD W,THIRTY THIRD ST,50 m East of,1,Etobicoke York,3,22,Mid-Block,Non Intersection,No Control,Clear,Daylight,Dry,Non-Fatal Injury,Rear End,D22,19,Long Branch (19),"{'type': 'Point', 'coordinates': (-79.531665, 43.594889)}"
6000942671,2016,00:00.0,1441,14,DON VALLEY PARKWAY  S,LAWRENCE AVE E,NULL,NULL,North York,16,33,Mid-Block,Non Intersection,No Control,Clear,Daylight,Dry,Fatal,Rear End,D33,42,Banbury-Don Mills (42),"{'type': 'Point', 'coordinates': (-79.332294, 43.738375)}"
6000943293,2016,00:00.0,1600,16,EGLINTON AVE E,BAYVIEW AVE,NULL,1,North York,15,53,Intersection,At Intersection,Traffic Signal,Clear,Daylight,Dry,Non-Fatal Injury,Turning Movement,D53,56,Leaside-Bennington (56),"{'type': 'Point', 'coordinates': (-79.377116, 43.710967)}"
6000944060,2016,00:00.0,1756,17,LAWRENCE AVE W,LITTLE AVE,5 m West of,1,Etobicoke York,5,12,Intersection,At Intersection,Traffic Signal,Clear,Daylight,Dry,Non-Fatal Injury,Pedestrian Collisions,D12,113,Weston (113),"{'type': 'Point', 'coordinates': (-79.51984, 43.699214)}"
8002248508,2018,00:00.0,1520,15,1750 MIDLAND AVE,NULL,NULL,1,Scarborough,21,41,Mid-Block,Non Intersection,No Control,Clear,Daylight,Dry,Non-Fatal Injury,Rear End,D41,127,Bendale (127),"{'type': 'Point', 'coordinates': (-79.268703, 43.761187)}"
5002187382,2015,00:00.0,2125,21,BATHURST ST,SHEPPARD AVE W,NULL,1,North York,6,32,Intersection,At Intersection,Traffic Signal,Rain,"Dark, artificial",Wet,Non-Fatal Injury,Pedestrian Collisions,D32,34,Bathurst Manor (34),"{'type': 'Point', 'coordinates': (-79.438464, 43.75545)}"
5001804887,2015,00:00.0,923,9,1245 DUPONT ST,NULL,25 m West of,1,Toronto and East York,9,11,Mid-Block,Non Intersection,No Control,Clear,Daylight,Dry,Non-Fatal Injury,Pedestrian Collisions,D11,93,Dovercourt-Wallace Emerson-Junction (93),"{'type': 'Point', 'coordinates': (-79.441852, 43.668135)}"
6001553958,2016,00:00.0,2230,22,BAY ST,HARBOUR ST,NULL,1,Toronto and East York,10,52,Intersection,Intersection Related,Traffic Signal,Clear,"Dark, artificial",Dry,Fatal,Turning Movement,D52,77,Waterfront Communities-The Island (77),"{'type': 'Point', 'coordinates': (-79.37745200000002, 43.642066)}"
5001830640,2015,00:00.0,1450,14,DON VALLEY PARKWAY  N,DON MILLS RD,120 m North of,NULL,Toronto and East York,14,54,Mid-Block,Non Intersection,No Control,Rain,Daylight,Wet,Non-Fatal Injury,Approaching,D54,58,Old East York (58),"{'type': 'Point', 'coordinates': (-79.33662, 43.700781)}"
5002189475,2015,00:00.0,911,9,SHERBOURNE ST,CARLTON ST,NULL,3,Toronto and East York,13,51,Intersection,At Intersection,Traffic Controller,Rain,Daylight,Wet,Non-Fatal Injury,Cyclist Collisions,D51,73,Moss Park (73),"{'type': 'Point', 'coordinates': (-79.373019, 43.663119)}"
6000478008,2016,00:00.0,340,3,O CONNOR DR,RALSTON AVE,NULL,1,Toronto and East York,19,54,Intersection,At Intersection,No Control,Clear,Daylight,Dry,Non-Fatal Injury,Rear End,D54,58,Old East York (58),"{'type': 'Point', 'coordinates': (-79.32706, 43.69826)}"
5001921835,2015,00:00.0,2020,20,LAWRENCE AVE E,DON MILLS RD,NULL,1,North York,16,33,Intersection,At Intersection,Traffic Signal,Clear,Dark,Dry,Non-Fatal Injury,Cyclist Collisions,D33,42,Banbury-Don Mills (42),"{'type': 'Point', 'coordinates': (-79.34344, 43.737162)}"