ACCNUM,YEAR,DATE,TIME,HOUR,STREET1,STREET2,OFFSET,ROAD_CLASS,DISTRICT,WARDNUM,DIVISION,LOCCOORD,ACCLOC,TRAFFCTL,VISIBILITY,LIGHT,RDSFCOND,ACCLASS,IMPACTYPE,POLICE_DIVISION,HOOD_ID,NEIGHBOURHOOD,geometry
6000143198,2016,00:00.0,2010,20,THE QUEENSWAY,NORTH QUEEN ST,NULL,1,Etobicoke York,3,22,Intersection,At Intersection,Traffic Signal,Clear,"Dark, artificial",Dry,Non-Fatal Injury,Cyclist Collisions,D22,14,Islington-City Centre West (14),"{'type': 'Point', 'coordinates': (-79.55611, 43.614146)}"
6001558550,2016,00:00.0,1630,16,LONSDALE RD,ORIOLE RD,NULL,1,Toronto and East York,12,53,Intersection,At Intersection,No Control,Clear,Daylight,Dry,Non-Fatal Injury,Cyclist Collisions,D53,97,Yonge-St.Clair (97),"{'type': 'Point', 'coordinates': (-79.40154600000001, 43.691004)}"
5002192601,2015,00:00.0,1830,18,DUFFERIN ST,1 AUTUMN AVE,NULL,1,North York,8,13,Intersection,At Intersection,No Control,Clear,"Dark, artificial",Dry,Non-Fatal Injury,Pedestrian Collisions,D13,31,Yorkdale-Glen Park (31),"{'type': 'Point', 'coordinates': (-79.452411, 43.703574)}"
6000139902,2016,00:00.0,521,5,LAKE SHORE BLVD W,BRITISH COLUMBIA RD,245 m East of,1,Toronto and East York,10,14,Mid-Block,Non Intersection,No Control,Clear,"Dark, artificial",Dry,Non-Fatal Injury,SMV Other,D14,82,Niagara (82),"{'type': 'Point', 'coordinates': (-79.4267, 43.630366)}"
5001806026,2015,00:00.0,1250,12,QUEEN ST W,BEACONSFIELD AVE,60 m West of,1,Toronto and East York,9,14,Intersection,Non Intersection,No Control,Clear,Daylight,Dry,Non-Fatal Injury,Cyclist Collisions,D14,84,Little Portugal (84),"{'type': 'Point', 'coordinates': (-79.424808, 43.643004)}"
5001812233,2015,00:00.0,1327,13,KEELE ST,TILBURY DR,NULL,1,North York,6,31,Intersection,Intersection Related,Traffic Signal,Clear,Daylight,Dry,Non-Fatal Injury,SMV Other,D31,26,Downsview-Roding-CFB (26),"{'type': 'Point', 'coordinates': (-79.482967, 43.730334)}"
5001817289,2015,00:00.0,945,9,VAN HORNE AVE,TAVERLY RD,14 m East of,2,North York,17,33,Intersection,Intersection Related,Stop Sign,Clear,Daylight,Dry,Non-Fatal Injury,Pedestrian Collisions,D33,46,Pleasant View (46),"{'type': 'Point', 'coordinates': (-79.33157700000001, 43.788794)}"
5001821227,2015,00:00.0,2130,21,BATHURST ST,NIAGARA ST,25 m South of,1,Toronto and East York,10,14,Intersection,At/Near Private Drive,Traffic Signal,Clear,"Dark, artificial",Dry,Non-Fatal Injury,Cyclist Collisions,D14,77,Waterfront Communities-The Island (77),"{'type': 'Point', 'coordinates': (-79.402004, 43.642199)}"
5001824991,2015,00:00.0,1437,14,KEELE ST,DONALD AVE,NULL,1,Etobicoke York,5,12,Intersection,Intersection Related,Traffic Signal,Clear,Daylight,Dry,Fatal,Pedestrian Collisions,D12,110,Keelesdale-Eglinton West (110),"{'type': 'Point', 'coordinates': (-79.472804, 43.684897)}"
5001826215,2015,00:00.0,1841,18,DUNDAS ST W,WATSON AVE,33 m East of,1,Toronto and East York,4,11,Mid-Block,Non Intersection,No Control,Clear,"Dark, artificial",Dry,Non-Fatal Injury,Pedestrian Collisions,D11,89,Runnymede-Bloor West Village (89),"{'type': 'Point', 'coordinates': (-79.491969, 43.665644)}"
5001826352,2015,00:00.0,1909,19,MORNINGSIDE AVE,SEWELLS RD,NULL,3,Scarborough,25,42,Intersection,At Intersection,Traffic Signal,Clear,"Dark, artificial",Dry,Non-Fatal Injury,Pedestrian Collisions,D42,131,Rouge (131),"{'type': 'Point', 'coordinates': (-79.211139, 43.81626)}"
5001872986,2015,00:00.0,1710,17,HORNER AVE,THIRTIETH ST,NULL,3,Etobicoke York,3,22,Intersection,At Intersection,Traffic Signal,Clear,Daylight,Dry,Non-Fatal Injury,Angle,D22,20,Alderwood (20),"{'type': 'Point', 'coordinates': (-79.533725, 43.604254)}"
5001835148,2015,00:00.0,1100,11,ELLESMERE RD,PRINCIPAL RD,NULL,1,Scarborough,21,41,Intersection,Intersection Related,Traffic Signal,Clear,Daylight,Dry,Non-Fatal Injury,Pedestrian Collisions,D41,119,Wexford/Maryvale (119),"{'type': 'Point', 'coordinates': (-79.294696, 43.762576)}"
5001836357,2015,00:00.0,1536,15,LAWRENCE AVE E,TOWNLEY AVE,NULL,1,Scarborough,21,41,Intersection,Intersection Related,No Control,Clear,Daylight,Dry,Non-Fatal Injury,Pedestrian Collisions,D41,119,Wexford/Maryvale (119),"{'type': 'Point', 'coordinates': (-79.30739900000002, 43.742633)}"
5001837340,2015,00:00.0,1925,19,EGLINTON AVE E,DANFORTH RD,NULL,1,Scarborough,NULL,43,Intersection,At Intersection,Traffic Signal,Clear,"Dark, artificial",Dry,Non-Fatal Injury,Pedestrian Collisions,D43,138,Eglinton East (138),"{'type': 'Point', 'coordinates': (-79.246158, 43.737086)}"
5001841929,2015,00:00.0,1510,15,WILSON AVE,JAMES FINLAY WAY,NULL,1,North York,6,31,Intersection,At Intersection,Traffic Signal,Clear,Daylight,Dry,Non-Fatal Injury,Cyclist Collisions,D31,26,Downsview-Roding-CFB (26),"{'type': 'Point', 'coordinates': (-79.480113, 43.727404)}"
5001842724,2015,00:00.0,1750,17,VICTORIA PARK AVE,HUNTINGWOOD DR,100 m North of,1,North York,NULL,NULL,Mid-Block,Non Intersection,No Control,Clear,"Dark, artificial",Dry,Non-Fatal Injury,Approaching,D42,117,L'Amoreaux (117),"{'type': 'Point', 'coordinates': (-79.325847, 43.781314)}"
5001851224,2015,00:00.0,616,6,KIPLING AVE,GREENING CRES,20 m North of,1,Etobicoke York,2,22,Intersection,Non Intersection,No Control,Rain,"Dark, artificial",Wet,Non-Fatal Injury,Pedestrian Collisions,D22,10,Princess-Rosethorn (10),"{'type': 'Point', 'coordinates': (-79.542217, 43.657641)}"
5001865596,2015,00:00.0,1320,13,JANE ST,WILSON AVE,NULL,1,Etobicoke York,NULL,31,Intersection,At Intersection,Traffic Signal,Clear,Daylight,Dry,Non-Fatal Injury,Turning Movement,D31,26,Downsview-Roding-CFB (26),"{'type': 'Point', 'coordinates': (-79.508617, 43.720904)}"
5001866211,2015,00:00.0,1509,15,LAWRENCE AVE E,SCARBOROUGH GOLF CLUB RD,NULL,1,Scarborough,24,43,Intersection,At Intersection,Traffic Signal,Clear,Daylight,Dry,Non-Fatal Injury,Pedestrian Collisions,D43,137,Woburn (137),"{'type': 'Point', 'coordinates': (-79.215839, 43.76184)}"
5001872803,2015,00:00.0,1640,16,SHEPPARD AVE E,MASSIE ST,NULL,1,Scarborough,23,42,Intersection,Non Intersection,No Control,Clear,Daylight,Dry,Non-Fatal Injury,Pedestrian Collisions,D42,128,Agincourt South-Malvern West (128),"{'type': 'Point', 'coordinates': (-79.245204, 43.792521)}"
5001873445,2015,00:00.0,1852,18,BATHURST ST,BROOKE AVE,6 m South of,1,North York,8,32,Intersection,Intersection Related,Stop Sign,Clear,"Dusk, artificial",Dry,Non-Fatal Injury,Pedestrian Collisions,D32,39,Bedford Park-Nortown (39),"{'type': 'Point', 'coordinates': (-79.432338, 43.730368)}"
5001874738,2015,00:00.0,2335,23,WOODBINE AVE,STRATHMORE BLVD,NULL,1,Toronto and East York,19,54,Intersection,Intersection Related,No Control,Rain,"Dark, artificial",Wet,Non-Fatal Injury,Turning Movement,D54,60,Woodbine-Lumsden (60),"{'type': 'Point', 'coordinates': (-79.313144, 43.686515)}"
5001875429,2015,00:00.0,155,1,QUEEN ST E,BROADVIEW AVE,49 m East of,3,Toronto and East York,14,55,Mid-Block,Non Intersection,No Control,Rain,"Dark, artificial",Wet,Non-Fatal Injury,Pedestrian Collisions,D55,70,South Riverdale (70),"{'type': 'Point', 'coordinates': (-79.349185, 43.659014)}"
5001891795,2015,00:00.0,1755,17,HIGHWAY 27  N,VICE REGENT BLVD,NULL,1,Etobicoke York,1,23,Intersection,Intersection Related,No Control,Clear,"Dark, artificial",Dry,Fatal,Cyclist Collisions,D23,1,West Humber-Clairville (1),"{'type': 'Point', 'coordinates': (-79.592754, 43.711352)}"
5001904834,2015,00:00.0,2020,20,BAYVIEW AVE,CITATION DR,14 m North of,1,North York,NULL,NULL,Intersection,Intersection Related,Traffic Signal,Clear,"Dawn, artificial",Dry,Non-Fatal Injury,Pedestrian Collisions,D33,52,Bayview Village (52),"{'type': 'Point', 'coordinates': (-79.389774, 43.774321)}"
5001905504,2015,00:00.0,2310,23,DON VALLEY PARKWAY  S,LEASIDE BDGE,NULL,1,Toronto and East York,14,54,Mid-Block,Non Intersection,No Control,Clear,"Dark, artificial",Dry,Non-Fatal Injury,Pedestrian Collisions,D54,58,Old East York (58),"{'type': 'Point', 'coordinates': (-79.349742, 43.698043)}"
5001906446,2015,00:00.0,600,6,JANE ST,CHURCH ST,19 m South of,1,Etobicoke York,5,12,Intersection,Intersection Related,Traffic Signal,Rain,"Dark, artificial",Wet,Non-Fatal Injury,Pedestrian Collisions,D12,28,Rustic (28),"{'type': 'Point', 'coordinates': (-79.505565, 43.709235)}"
5001910400,2015,00:00.0,1836,18,WILLIAM R ALLEN RD S,WILSON AVE,90 m North of,NULL,North York,6,32,Mid-Block,Non Intersection,No Control,Clear,"Dark, artificial",Dry,Non-Fatal Injury,Rear End,D32,33,Clanton Park (33),"{'type': 'Point', 'coordinates': (-79.45045, 43.734896)}"
6000143502,2016,00:00.0,2141,21,EGLINTON AVE E,MASON RD,NULL,1,Scarborough,NULL,43,Intersection,At Intersection,Traffic Signal,Clear,"Dark, artificial",Dry,Non-Fatal Injury,Pedestrian Collisions,D43,139,Scarborough Village (139),"{'type': 'Point', 'coordinates': (-79.225154, 43.741782)}"
5001928023,2015,00:00.0,2005,20,PORTLAND ST,ROYAL YORK RD,11 m South of,3,Etobicoke York,3,22,Intersection,Non Intersection,No Control,Clear,"Dark, artificial",Dry,Non-Fatal Injury,Pedestrian Collisions,D22,17,Mimico (17),"{'type': 'Point', 'coordinates': (-79.499576, 43.619052)}"
5002201232,2015,00:00.0,845,8,LAWRENCE AVE E,RAILSIDE RD,NULL,1,North York,16,33,Intersection,At Intersection,Traffic Signal,Clear,Daylight,Dry,Non-Fatal Injury,Pedestrian Collisions,D33,43,Victoria Village (43),"{'type': 'Point', 'coordinates': (-79.319248, 43.741103)}"
6001569976,2016,00:00.0,1400,14,GERRARD ST E,RIVER ST,80 m East of,3,Toronto and East York,13,51,Mid-Block,Non Intersection,No Control,Clear,Daylight,Dry,Non-Fatal Injury,Cyclist Collisions,D51,72,Regent Park (72),"{'type': 'Point', 'coordinates': (-79.358226, 43.663905)}"
5001934875,2015,00:00.0,950,9,DUNMAIL DR,BLUE EAGLE TRL,15 m West of,4,Scarborough,23,42,Intersection,Non Intersection,No Control,Clear,Daylight,Dry,Non-Fatal Injury,Cyclist Collisions,D42,129,Agincourt North (129),"{'type': 'Point', 'coordinates': (-79.28486900000001, 43.804766)}"
6000478020,2016,00:00.0,344,3,COLLEGE ST,LANSDOWNE AVE,NULL,3,Toronto and East York,9,11,Intersection,At Intersection,Traffic Signal,Clear,"Dark, artificial",Dry,Non-Fatal Injury,Cyclist Collisions,D11,83,Dufferin Grove (83),"{'type': 'Point', 'coordinates': (-79.43996, 43.650939)}"
6000147267,2016,00:00.0,1445,14,50 MERTON ST,NULL,2 m North of,2,Toronto and East York,12,53,Mid-Block,Non Intersection,No Control,Clear,Daylight,Dry,Non-Fatal Injury,Approaching,D53,104,Mount Pleasant West (104),"{'type': 'Point', 'coordinates': (-79.395129, 43.696337)}"
5002206137,2015,00:00.0,819,8,QUEEN ST W,TRINITY DR,1 m East of,1,Toronto and East York,10,14,Intersection,At Intersection,Traffic Signal,Clear,Daylight,Dry,Non-Fatal Injury,Pedestrian Collisions,D14,82,Niagara (82),"{'type': 'Point', 'coordinates': (-79.41315800000001, 43.645293)}"
5001940328,2015,00:00.0,2004,20,LAWRENCE AVE W,JANE ST,5 m West of,1,Etobicoke York,5,12,Intersection,Non Intersection,No Control,Clear,"Dark, artificial",Dry,Fatal,Pedestrian Collisions,D12,30,Brookhaven-Amesbury (30),"{'type': 'Point', 'coordinates': (-79.503825, 43.702868)}"
5001954714,2015,00:00.0,825,8,1996 BATHURST ST,NULL,NULL,1,Toronto and East York,12,13,Mid-Block,Non Intersection,No Control,Clear,Daylight,Dry,Fatal,Pedestrian Collisions,D13,101,Forest Hill South (101),"{'type': 'Point', 'coordinates': (-79.424945, 43.699485)}"
5001964890,2015,00:00.0,615,6,BATHURST ST,FLEET ST,NULL,1,Toronto and East York,10,14,Intersection,At Intersection,Traffic Signal,Clear,"Dawn, artificial",Dry,Non-Fatal Injury,Turning Movement,D14,77,Waterfront Communities-The Island (77),"{'type': 'Point', 'coordinates': (-79.399623, 43.636405)}"
5001980850,2015,00:00.0,1710,17,MARKHAM RD,EGLINTON AVE E,55 m North of,1,Scarborough,24,43,Mid-Block,Non Intersection,No Control,Rain,"Dark, artificial",Wet,Fatal,Pedestrian Collisions,D43,139,Scarborough Village (139),"{'type': 'Point', 'coordinates': (-79.219142, 43.743716)}"
5001982660,2015,00:00.0,40,0,SHEPPARD AVE E,IDAGROVE GT,NULL,1,Scarborough,25,42,Intersection,At Intersection,Traffic Signal,Rain,"Dark, artificial",Wet,Non-Fatal Injury,Pedestrian Collisions,D42,131,Rouge (131),"{'type': 'Point', 'coordinates': (-79.175548, 43.807318)}"
5001983106,2015,00:00.0,502,5,KIPLING AVE,NORSEMAN ST,NULL,1,Etobicoke York,3,22,Intersection,At Intersection,Traffic Signal,Rain,"Dark, artificial",Wet,Non-Fatal Injury,Pedestrian Collisions,D22,14,Islington-City Centre West (14),"{'type': 'Point', 'coordinates': (-79.531055, 43.631472)}"
5001995659,2015,00:00.0,55,0,UNDERHILL DR,ROANOKE RD,NULL,2,North York,16,33,Intersection,Intersection Related,Stop Sign,Clear,"Dark, artificial",Dry,Non-Fatal Injury,Turning Movement,D33,45,Parkwoods-Donalda (45),"{'type': 'Point', 'coordinates': (-79.325191, 43.741919)}"
5001998431,2015,00:00.0,1344,13,LAWRENCE AVE E,ELINOR AVE,NULL,1,Scarborough,21,41,Intersection,At Intersection,Traffic Signal,Rain,Daylight,Wet,Non-Fatal Injury,Pedestrian Collisions,D41,119,Wexford/Maryvale (119),"{'type': 'Point', 'coordinates': (-79.300555, 43.744086)}"
5002000710,2015,00:00.0,2110,21,EGLINTON AVE W,MUNICIPAL DR,19 m East of,1,Etobicoke York,5,12,Intersection,Non Intersection,No Control,Rain,"Dark, artificial",Wet,Non-Fatal Injury,Pedestrian Collisions,D12,110,Keelesdale-Eglinton West (110),"{'type': 'Point', 'coordinates': (-79.477168, 43.689658)}"
5002012379,2015,00:00.0,2119,21,3030 BIRCHMOUNT RD,NULL,10 m East of,1,Scarborough,22,42,Mid-Block,Non Intersection,No Control,Snow,Dark,Wet,Non-Fatal Injury,Approaching,D42,117,L'Amoreaux (117),"{'type': 'Point', 'coordinates': (-79.307475, 43.801058)}"
5002013764,2015,00:00.0,603,6,MCCOWAN RD,KENHATCH BLVD,NULL,1,Scarborough,23,42,Intersection,At Intersection,Traffic Signal,Snow,Dark,Wet,Fatal,Pedestrian Collisions,D42,129,Agincourt North (129),"{'type': 'Point', 'coordinates': (-79.26377400000001, 43.801421)}"
5002027343,2015,00:00.0,934,9,EGLINTON AVE W,ELMSTHORPE AVE,NULL,1,North York,NULL,53,Intersection,At Intersection,No Control,Clear,Daylight,Dry,Fatal,Pedestrian Collisions,D53,103,Lawrence Park South (103),"{'type': 'Point', 'coordinates': (-79.41094500000001, 43.704074)}"
5002031524,2015,00:00.0,2226,22,THE QUEENSWAY,COLBORNE LODGE DR,134 m West of,1,Toronto and East York,4,11,Mid-Block,Non Intersection,No Control,Clear,"Dark, artificial",Dry,Non-Fatal Injury,Pedestrian Collisions,D11,87,High Park-Swansea (87),"{'type': 'Point', 'coordinates': (-79.460948, 43.639292000000005)}"
5002032713,2015,00:00.0,532,5,EGLINTON AVE W,BATHURST ST,NULL,1,North York,NULL,NULL,Intersection,At Intersection,Traffic Signal,Clear,Dark,Dry,Fatal,Pedestrian Collisions,D13,102,Forest Hill North (102),"{'type': 'Point', 'coordinates': (-79.425548, 43.700984000000005)}"
5002035175,2015,00:00.0,830,8,RONCESVALLES AVE,GRENADIER RD,5 m North of,3,Toronto and East York,4,11,Intersection,Non Intersection,No Control,Clear,Daylight,Dry,Non-Fatal Injury,Cyclist Collisions,D11,86,Roncesvalles (86),"{'type': 'Point', 'coordinates': (-79.450061, 43.648932)}"
5002036269,2015,00:00.0,1644,16,KIPLING AVE,GENTHORN AVE,6 m South of,1,Etobicoke York,1,23,Intersection,Intersection Related,Traffic Signal,Clear,"Dark, artificial",Wet,Non-Fatal Injury,Rear End,D23,4,Rexdale-Kipling (4),"{'type': 'Point', 'coordinates': (-79.572353, 43.723429)}"
5002054157,2015,00:00.0,1715,17,BATHURST ST,MARMION AVE,7 m East of,1,North York,8,32,Intersection,Intersection Related,No Control,Clear,"Dark, artificial",Dry,Fatal,Pedestrian Collisions,D32,39,Bedford Park-Nortown (39),"{'type': 'Point', 'coordinates': (-79.431415, 43.726615)}"
5002054612,2015,00:00.0,1833,18,FLORENCE AVE,BOTHAM RD,NULL,2,North York,18,32,Intersection,At Intersection,Stop Sign,Clear,"Dark, artificial",Dry,Non-Fatal Injury,Pedestrian Collisions,D32,38,Lansing-Westgate (38),"{'type': 'Point', 'coordinates': (-79.413707, 43.757376)}"
5002061502,2015,00:00.0,2107,21,THE QUEENSWAY,NORTH QUEEN ST,3 m North of,1,Etobicoke York,3,22,Intersection,At Intersection,Traffic Signal,Rain,Dark,Wet,Non-Fatal Injury,Pedestrian Collisions,D22,14,Islington-City Centre West (14),"{'type': 'Point', 'coordinates': (-79.55614, 43.614207)}"
5002065903,2015,00:00.0,1419,14,LAWRENCE AVE W,BATHURST ST,1 m West of,1,North York,8,NULL,Intersection,Intersection Related,Traffic Signal,Clear,Daylight,Dry,Fatal,Pedestrian Collisions,D53,39,Bedford Park-Nortown (39),"{'type': 'Point', 'coordinates': (-79.429813, 43.719248)}"
5002136221,2015,00:00.0,1556,15,PARKSIDE DR,INDIAN VALLEY CRES,NULL,1,Toronto and East York,4,11,Intersection,At Intersection,Traffic Signal,Rain,Daylight,Wet,Non-Fatal Injury,Cyclist Collisions,D11,87,High Park-Swansea (87),"{'type': 'Point', 'coordinates': (-79.458499, 43.651126)}"
5002074254,2015,00:00.0,2038,20,KINGSTON RD,FAIRCROFT BLVD,119 m West of,1,Scarborough,20,43,Mid-Block,Non Intersection,No Control,Clear,"Dark, artificial",Dry,Fatal,SMV Unattended Vehicle,D43,123,Cliffcrest (123),"{'type': 'Point', 'coordinates': (-79.22742, 43.729457)}"
5002075350,2015,00:00.0,109,1,ISABELLA ST,SHERBOURNE ST,70 m West of,2,Toronto and East York,13,51,Mid-Block,Non Intersection,No Control,Clear,Dark,Dry,Non-Fatal Injury,Pedestrian Collisions,D51,74,North St.James Town (74),"{'type': 'Point', 'coordinates': (-79.376643, 43.669455)}"
5002088367,2015,00:00.0,2,0,KING ST W,BRANT ST,10 m South of,1,Toronto and East York,10,14,Intersection,Non Intersection,Pedestrian Crossover,Clear,"Dark, artificial",Dry,Non-Fatal Injury,Pedestrian Collisions,D14,77,Waterfront Communities-The Island (77),"{'type': 'Point', 'coordinates': (-79.397632, 43.644942)}"
5002094213,2015,00:00.0,655,6,FINCH AVE W,WESTON RD,NULL,1,Etobicoke York,7,31,Intersection,At Intersection,Traffic Signal,Clear,"Dark, artificial",Dry,Non-Fatal Injury,Pedestrian Collisions,D31,21,Humber Summit (21),"{'type': 'Point', 'coordinates': (-79.542362, 43.752082)}"
5002098323,2015,00:00.0,1905,19,STEELES AVE W,JANE ST,1 m East of,1,Etobicoke York,7,31,Intersection,At Intersection,Traffic Signal,Clear,"Dark, artificial",Dry,Non-Fatal Injury,Sideswipe,D31,27,York University Heights (27),"{'type': 'Point', 'coordinates': (-79.521716, 43.775462)}"
5002105318,2015,00:00.0,2115,21,LOWTHER AVE,SPADINA RD,5 m South of,3,Toronto and East York,11,NULL,Intersection,Intersection Related,Traffic Signal,Rain,"Dark, artificial",Wet,Non-Fatal Injury,Cyclist Collisions,D53,95,Annex (95),"{'type': 'Point', 'coordinates': (-79.404765, 43.668948)}"
5002127671,2015,00:00.0,646,6,QUEEN ST E,VICTORIA ST,2 m West of,1,Toronto and East York,13,51,Intersection,Intersection Related,Traffic Signal,Clear,"Dark, artificial",Dry,Non-Fatal Injury,Pedestrian Collisions,D51,75,Church-Yonge Corridor (75),"{'type': 'Point', 'coordinates': (-79.378078, 43.652671)}"
5002131445,2015,00:00.0,1941,19,JANE ST,WEATHERELL ST,NULL,1,Toronto and East York,4,11,Intersection,At Intersection,No Control,Clear,"Dark, artificial",Dry,Non-Fatal Injury,Sideswipe,D11,89,Runnymede-Bloor West Village (89),"{'type': 'Point', 'coordinates': (-79.485439, 43.651641)}"
5002137387,2015,00:00.0,2013,20,DUFFERIN ST,CARTWRIGHT AVE,7 m North of,1,North York,8,32,Intersection,At Intersection,No Control,Clear,"Dark, artificial",Dry,Non-Fatal Injury,Pedestrian Collisions,D32,31,Yorkdale-Glen Park (31),"{'type': 'Point', 'coordinates': (-79.456859, 43.723784)}"
5002181080,2015,00:00.0,1726,17,KING ST W,FRASER AVE,2 m West of,1,Toronto and East York,10,14,Intersection,At Intersection,Streetcar (Stop for),Rain,"Dark, artificial",Wet,Non-Fatal Injury,Pedestrian Collisions,D14,85,South Parkdale (85),"{'type': 'Point', 'coordinates': (-79.4248, 43.639392)}"
5002147377,2015,00:00.0,1100,11,JANE ST,SPEERS AVE,NULL,1,Etobicoke York,5,12,Intersection,At Intersection,No Control,Clear,Daylight,Dry,Fatal,Turning Movement,D12,30,Brookhaven-Amesbury (30),"{'type': 'Point', 'coordinates': (-79.503444, 43.701564)}"
5002156360,2015,00:00.0,1645,16,FINCH AVE E,BRIMLEY RD,9 m East of,1,Scarborough,23,42,Intersection,At Intersection,Traffic Signal,Clear,Dusk,Wet,Non-Fatal Injury,Turning Movement,D42,129,Agincourt North (129),"{'type': 'Point', 'coordinates': (-79.277362, 43.805636)}"
5002168343,2015,00:00.0,1452,14,4727 SHEPPARD AVE E,NULL,4 m East of,1,Scarborough,23,42,Mid-Block,At/Near Private Drive,No Control,Clear,Daylight,Dry,Non-Fatal Injury,Pedestrian Collisions,D42,128,Agincourt South-Malvern West (128),"{'type': 'Point', 'coordinates': (-79.25034600000001, 43.79143)}"
6000148806,2016,00:00.0,1915,19,OVERLEA BLVD,WILLIAM MORGAN DR,NULL,1,North York,15,53,Intersection,At Intersection,Traffic Signal,Clear,"Dark, artificial",Dry,Non-Fatal Injury,Pedestrian Collisions,D53,55,Thorncliffe Park (55),"{'type': 'Point', 'coordinates': (-79.34135, 43.707946)}"
6000480825,2016,00:00.0,1654,16,LAKE SHORE BLVD W,BRITISH COLUMBIA RD,11 m South of Light Post 300,1,Toronto and East York,10,14,Mid-Block,Non Intersection,No Control,Clear,Daylight,Dry,Non-Fatal Injury,Approaching,D14,82,Niagara (82),"{'type': 'Point', 'coordinates': (-79.425548, 43.629958)}"
6000493980,2016,00:00.0,1936,19,PROGRESS AVE,KENNEDY RD,NULL,1,Scarborough,21,41,Intersection,Intersection Related,Traffic Signal,Rain,"Dusk, artificial",Wet,Non-Fatal Injury,Pedestrian Collisions,D41,126,Dorset Park (126),"{'type': 'Point', 'coordinates': (-79.282222, 43.769351)}"
6000498147,2016,00:00.0,1313,13,400 NUGGET AVE,NULL,110 m South of,3,Scarborough,23,42,Mid-Block,At/Near Private Drive,No Control,Clear,Daylight,Dry,Non-Fatal Injury,Turning Movement,D42,128,Agincourt South-Malvern West (128),"{'type': 'Point', 'coordinates': (-79.24876, 43.796668)}"
6000500403,2016,00:00.0,2015,20,KING ST E,PRINCESS ST,10 m East of,1,Toronto and East York,13,51,Mid-Block,Intersection Related,No Control,Freezing Rain,"Dark, artificial",Wet,Fatal,Pedestrian Collisions,D51,73,Moss Park (73),"{'type': 'Point', 'coordinates': (-79.367008, 43.651473)}"
6000501397,2016,00:00.0,42,0,KINGSTON RD,SHEPPARD AVE E,NULL,1,Scarborough,25,42,Intersection,At Intersection,Traffic Signal,Freezing Rain,"Dark, artificial",Slush,Non-Fatal Injury,Angle,D42,131,Rouge (131),"{'type': 'Point', 'coordinates': (-79.14622, 43.798911)}"
6000506509,2016,00:00.0,2049,20,KING  ST W,UNIVERSITY  AVE,NULL,1,Toronto and East York,10,52,Intersection,Intersection Related,Traffic Signal,Rain,"Dusk, artificial",Wet,Non-Fatal Injury,Pedestrian Collisions,D52,76,Bay Street Corridor (76),"{'type': 'Point', 'coordinates': (-79.384799, 43.64765)}"
6000582754,2016,00:00.0,1530,15,FINCH AVE W,BATHURST ST,NULL,1,North York,NULL,32,Intersection,At Intersection,Traffic Signal,Clear,Daylight,Dry,Non-Fatal Injury,Pedestrian Collisions,D32,37,Willowdale West (37),"{'type': 'Point', 'coordinates': (-79.442966, 43.773787)}"
6000522644,2016,00:00.0,2153,21,MONOGRAM PL,ISLINGTON AVE,NULL,1,Etobicoke York,1,23,Intersection,At Intersection,Traffic Signal,Clear,"Dark, artificial",Dry,Non-Fatal Injury,Turning Movement,D23,6,Kingsview Village-The Westway (6),"{'type': 'Point', 'coordinates': (-79.550426, 43.7051)}"
6000530490,2016,00:00.0,901,9,FINCH AVE E,SKYMARK DR,NULL,1,North York,17,33,Intersection,Intersection Related,Traffic Signal,Clear,Daylight,Dry,Fatal,Pedestrian Collisions,D33,47,Don Valley Village (47),"{'type': 'Point', 'coordinates': (-79.352275, 43.793151)}"
6000543310,2016,00:00.0,637,6,COLLEGE ST,LIPPINCOTT ST,1 m East of,1,Toronto and East York,11,14,Intersection,At Intersection,Stop Sign,Rain,"Daylight, artificial",Wet,Non-Fatal Injury,Cyclist Collisions,D14,78,Kensington-Chinatown (78),"{'type': 'Point', 'coordinates': (-79.406482, 43.656649)}"
6000548529,2016,00:00.0,2146,21,MARKHAM RD,NASHDENE RD,NULL,1,Scarborough,23,42,Intersection,Intersection Related,Traffic Signal,Rain,Dark,Wet,Fatal,Pedestrian Collisions,D42,131,Rouge (131),"{'type': 'Point', 'coordinates': (-79.246181, 43.820227)}"
6000548674,2016,00:00.0,2210,22,OAKWOOD AVE,VAUGHAN RD,2 m South of,3,Toronto and East York,12,13,Intersection,At Intersection,Traffic Signal,Rain,"Dark, artificial",Wet,Non-Fatal Injury,Other,D13,107,Oakwood Village (107),"{'type': 'Point', 'coordinates': (-79.44083, 43.692645)}"