ACCNUM,YEAR,DATE,TIME,HOUR,STREET1,STREET2,OFFSET,ROAD_CLASS,DISTRICT,WARDNUM,DIVISION,LOCCOORD,ACCLOC,TRAFFCTL,VISIBILITY,LIGHT,RDSFCOND,ACCLASS,IMPACTYPE,POLICE_DIVISION,HOOD_ID,NEIGHBOURHOOD,geometry
6000555439,2016,00:00.0,2206,22,THE QUEENSWAY,ROYAL YORK RD,NULL,1,Etobicoke York,3,22,Intersection,At Intersection,Traffic Signal,Clear,"Dark, artificial",Dry,Non-Fatal Injury,Turning Movement,D22,16,Stonegate-Queensway (16),"{'type': 'Point', 'coordinates': (-79.50262, 43.626326)}"
6000566615,2016,00:00.0,1930,19,FINCH AVE E,CHEROKEE BLVD,150 m East of,1,North York,17,33,Mid-Block,Non Intersection,No Control,Snow,Dark,Ice,Non-Fatal Injury,Approaching,D33,46,Pleasant View (46),"{'type': 'Point', 'coordinates': (-79.335483, 43.79287200000001)}"
6000576751,2016,00:00.0,1204,12,200 NORSEMAN ST,NULL,420 m West of,2,Etobicoke York,3,22,Mid-Block,Non Intersection,No Control,Clear,Daylight,Dry,Non-Fatal Injury,Turning Movement,D22,14,Islington-City Centre West (14),"{'type': 'Point', 'coordinates': (-79.524761, 43.632872)}"
6000581980,2016,00:00.0,835,8,SHEPPARD AVE E,GATEFORTH DR,15 m West of,1,Scarborough,23,42,Intersection,Intersection Related,Traffic Signal,Clear,Daylight,Dry,Non-Fatal Injury,Pedestrian Collisions,D42,132,Malvern (132),"{'type': 'Point', 'coordinates': (-79.230312, 43.795584)}"
6000584121,2016,00:00.0,1440,14,ROYAL YORK  RD,SAUNDERS  CRES,3 m North of,3,Etobicoke York,3,22,Intersection,Non Intersection,No Control,Clear,Daylight,Dry,Non-Fatal Injury,Pedestrian Collisions,D22,16,Stonegate-Queensway (16),"{'type': 'Point', 'coordinates': (-79.503345, 43.628176)}"
6000595012,2016,00:00.0,902,9,ST CLEMENTS AVE,CALDOW RD,NULL,4,North York,8,53,Intersection,Intersection Related,Stop Sign,Clear,Daylight,Dry,Fatal,Angle,D53,102,Forest Hill North (102),"{'type': 'Point', 'coordinates': (-79.42094, 43.708262000000005)}"
6000605777,2016,00:00.0,2111,21,CUMMER AVE,WILLOWDALE AVE,NULL,3,North York,18,32,Intersection,Intersection Related,Traffic Signal,Clear,Dark,Dry,Fatal,Angle,D32,50,Newtonbrook East (50),"{'type': 'Point', 'coordinates': (-79.4099, 43.788653)}"
6000607400,2016,00:00.0,326,3,JANE ST,SHEPPARD AVE W,NULL,1,Etobicoke York,NULL,31,Intersection,Intersection Related,Traffic Signal,Clear,"Dark, artificial",Dry,Fatal,Rear End,D31,25,Glenfield-Jane Heights (25),"{'type': 'Point', 'coordinates': (-79.513202, 43.739379)}"
6000608721,2016,00:00.0,1130,11,QUEEN ST W,UNIVERSITY AVE,14 m West of,1,Toronto and East York,10,52,Mid-Block,Non Intersection,Streetcar (Stop for),Clear,Daylight,Dry,Non-Fatal Injury,Pedestrian Collisions,D52,76,Bay Street Corridor (76),"{'type': 'Point', 'coordinates': (-79.386615, 43.650843)}"
6000614403,2016,00:00.0,1145,11,FINCH AVE E,PICKERING TOWN LINE,NULL,4,Scarborough,25,42,Intersection,At Intersection,Stop Sign,Clear,Daylight,Wet,Non-Fatal Injury,Turning Movement,D42,131,Rouge (131),"{'type': 'Point', 'coordinates': (-79.159526, 43.831656)}"
6000633248,2016,00:00.0,831,8,BATHURST ST,KHEDIVE AVE,9 m East of,1,North York,8,32,Intersection,At Intersection,No Control,Clear,Daylight,Dry,Non-Fatal Injury,Approaching,D32,39,Bedford Park-Nortown (39),"{'type': 'Point', 'coordinates': (-79.431247, 43.725783)}"
6000688444,2016,00:00.0,1727,17,VICTORIA PARK AVE,PATRICK BLVD,NULL,1,North York,NULL,NULL,Intersection,Intersection Related,Traffic Signal,Clear,Daylight,Dry,Fatal,Pedestrian Collisions,D42,117,L'Amoreaux (117),"{'type': 'Point', 'coordinates': (-79.324161, 43.777732)}"
6000691297,2016,00:00.0,356,3,JANE ST,HUMBERVIEW RD,NULL,1,Toronto and East York,4,11,Intersection,Non Intersection,No Control,Other,Dark,Other,Fatal,SMV Other,D11,89,Runnymede-Bloor West Village (89),"{'type': 'Point', 'coordinates': (-79.4864, 43.653998)}"
6000705795,2016,00:00.0,1510,15,LESLIE ST,VAN HORNE AVE,NULL,1,North York,17,33,Intersection,At Intersection,Traffic Signal,Clear,Daylight,Dry,Non-Fatal Injury,Pedestrian Collisions,D33,47,Don Valley Village (47),"{'type': 'Point', 'coordinates': (-79.366519, 43.783667)}"
6000707918,2016,00:00.0,2139,21,EGLINTON AVE E,BEACHELL ST,NULL,1,Scarborough,NULL,43,Mid-Block,Non Intersection,No Control,Rain,Dark,Wet,Fatal,Pedestrian Collisions,D43,139,Scarborough Village (139),"{'type': 'Point', 'coordinates': (-79.222949, 43.742285)}"
6000019763,2016,00:00.0,1520,15,FENSIDE DR,VERSEND DR,NULL,2,North York,16,33,Intersection,At Intersection,Stop Sign,Clear,Daylight,Dry,Non-Fatal Injury,Angle,D33,45,Parkwoods-Donalda (45),"{'type': 'Point', 'coordinates': (-79.3287, 43.762789)}"
6000713724,2016,00:00.0,1910,19,CARRIER DR,WOODBINE DOWNS BLVD,NULL,2,Etobicoke York,1,23,Intersection,At Intersection,Stop Sign,Clear,Daylight,Dry,Non-Fatal Injury,Angle,D23,1,West Humber-Clairville (1),"{'type': 'Point', 'coordinates': (-79.607532, 43.738547000000004)}"
6000720268,2016,00:00.0,1805,18,LAKE SHORE BLVD W,BRITISH COLUMBIA RD,324 m East of,1,Toronto and East York,10,14,Mid-Block,Non Intersection,No Control,Clear,Daylight,Dry,Non-Fatal Injury,Approaching,D14,82,Niagara (82),"{'type': 'Point', 'coordinates': (-79.425716, 43.630068)}"
6000721028,2016,00:00.0,2038,20,JARVIS ST,CARLTON ST,NULL,1,Toronto and East York,13,51,Intersection,At Intersection,Traffic Signal,Clear,"Dark, artificial",Dry,Non-Fatal Injury,Cyclist Collisions,D51,73,Moss Park (73),"{'type': 'Point', 'coordinates': (-79.376674, 43.662345)}"
6000731601,2016,00:00.0,1325,13,DUFFERIN ST,CROATIA ST,NULL,1,Toronto and East York,9,NULL,Intersection,At Intersection,Stop Sign,Clear,Daylight,Dry,Non-Fatal Injury,Cyclist Collisions,D14,83,Dufferin Grove (83),"{'type': 'Point', 'coordinates': (-79.434764, 43.658335)}"
6000733806,2016,00:00.0,1930,19,MILLWOOD RD,MCRAE DR,63 m West of,2,North York,15,53,Mid-Block,Non Intersection,No Control,Clear,Daylight,Dry,Non-Fatal Injury,Other,D53,56,Leaside-Bennington (56),"{'type': 'Point', 'coordinates': (-79.369037, 43.704878)}"
5002211839,2015,00:00.0,1618,16,1071 QUEEN ST W,NULL,1 m South of,1,Toronto and East York,10,14,Intersection,Laneway,No Control,Clear,Daylight,Dry,Non-Fatal Injury,Pedestrian Collisions,D14,82,Niagara (82),"{'type': 'Point', 'coordinates': (-79.4211, 43.643721)}"
6000164025,2016,00:00.0,925,9,DUNDAS ST W,POPLAR AVE,NULL,1,Etobicoke York,3,22,Intersection,At Intersection,Traffic Signal,Clear,Daylight,Dry,Fatal,Pedestrian Collisions,D22,14,Islington-City Centre West (14),"{'type': 'Point', 'coordinates': (-79.540073, 43.636099)}"
6001573505,2016,00:00.0,210,2,ST CLAIR AVE E,DANFORTH RD,NULL,1,Scarborough,20,41,Intersection,At Intersection,Traffic Signal,Clear,"Dark, artificial",Dry,Non-Fatal Injury,Angle,D41,120,Clairlea-Birchmount (120),"{'type': 'Point', 'coordinates': (-79.259883, 43.716773)}"
5002212262,2015,00:00.0,1754,17,DUPONT ST,DELAWARE AVE,16 m East of,1,Toronto and East York,9,14,Intersection,Non Intersection,No Control,Clear,"Dusk, artificial",Dry,Non-Fatal Injury,Pedestrian Collisions,D14,93,Dovercourt-Wallace Emerson-Junction (93),"{'type': 'Point', 'coordinates': (-79.431537, 43.669928)}"
5002220976,2015,00:00.0,1253,12,HAKIMI  AVE,EGLINTON AVE E,20 m North of,1,Scarborough,NULL,41,Intersection,At/Near Private Drive,No Control,Clear,Daylight,Dry,Non-Fatal Injury,Angle,D41,120,Clairlea-Birchmount (120),"{'type': 'Point', 'coordinates': (-79.29140800000002, 43.726927)}"
5002234344,2015,00:00.0,1824,18,CARLTON ST,SHERBOURNE ST,NULL,3,Toronto and East York,13,51,Intersection,At Intersection,Traffic Signal,Clear,Dark,Dry,Non-Fatal Injury,Pedestrian Collisions,D51,73,Moss Park (73),"{'type': 'Point', 'coordinates': (-79.37305, 43.66318)}"
5002235368,2015,00:00.0,2115,21,250 MARLEE AVE,NULL,1 m East of,3,North York,8,13,Intersection,At/Near Private Drive,No Control,Clear,"Dark, artificial",Wet,Non-Fatal Injury,Angle,D13,31,Yorkdale-Glen Park (31),"{'type': 'Point', 'coordinates': (-79.442401, 43.705504)}"
5002235651,2015,00:00.0,2339,23,DANFORTH AVE,GILLARD AVE,NULL,1,Toronto and East York,14,NULL,Intersection,At Intersection,No Control,Clear,"Dark, artificial",Dry,Fatal,Pedestrian Collisions,D55,65,Greenwood-Coxwell (65),"{'type': 'Point', 'coordinates': (-79.328265, 43.682341)}"
6000004050,2016,00:00.0,1904,19,MOUNT PLEASANT RD,DAVISVILLE AVE,NULL,1,North York,NULL,53,Intersection,At Intersection,Traffic Signal,Clear,"Dark, artificial",Dry,Non-Fatal Injury,Pedestrian Collisions,D53,99,Mount Pleasant East (99),"{'type': 'Point', 'coordinates': (-79.386958, 43.700301)}"
6000014911,2016,00:00.0,1915,19,1400 KENNEDY RD,NULL,196 m North of,1,Scarborough,21,41,Mid-Block,Non Intersection,No Control,Clear,"Dark, artificial",Dry,Fatal,Pedestrian Collisions,D41,126,Dorset Park (126),"{'type': 'Point', 'coordinates': (-79.280681, 43.764498)}"
6000023068,2016,00:00.0,640,6,STEELES AVE E,WAGGONERS WELL LN,60 m West of,1,North York,17,33,Mid-Block,Non Intersection,No Control,Clear,"Dark, artificial",Dry,Non-Fatal Injury,Pedestrian Collisions,D33,48,Hillcrest Village (48),"{'type': 'Point', 'coordinates': (-79.366794, 43.809794)}"
6000026380,2016,00:00.0,1628,16,EGLINTON AVE E,PHARMACY AVE,265 m East of,1,Scarborough,NULL,41,Mid-Block,Non Intersection,No Control,Clear,Daylight,Dry,Non-Fatal Injury,Pedestrian Collisions,D41,120,Clairlea-Birchmount (120),"{'type': 'Point', 'coordinates': (-79.294696, 43.726218)}"
6000032002,2016,00:00.0,1429,14,BLACK CREEK DR,EGLINTON AVE W,13 m West of,1,Etobicoke York,5,12,Intersection,Intersection Related,Traffic Signal,Clear,Daylight,Dry,Fatal,Turning Movement,D12,110,Keelesdale-Eglinton West (110),"{'type': 'Point', 'coordinates': (-79.482868, 43.688357)}"
6000042274,2016,00:00.0,520,5,BROWN S LINE,LAKE SHORE BLVD W,30 m North of,1,Etobicoke York,3,22,Mid-Block,Non Intersection,No Control,Clear,"Dark, artificial",Wet,Fatal,SMV Other,D22,19,Long Branch (19),"{'type': 'Point', 'coordinates': (-79.54156, 43.593039)}"
6000044562,2016,00:00.0,1330,13,BAYVIEW AVE,PARKHURST BLVD,6 m North of,1,North York,15,53,Intersection,Intersection Related,Pedestrian Crossover,Clear,Daylight,Wet,Non-Fatal Injury,Pedestrian Collisions,D53,56,Leaside-Bennington (56),"{'type': 'Point', 'coordinates': (-79.376354, 43.708762)}"
6000048776,2016,00:00.0,420,4,80 PROGRESS AVE,NULL,40 m East of,3,Scarborough,21,41,Mid-Block,Non Intersection,No Control,Rain,"Dark, artificial",Wet,Non-Fatal Injury,SMV Other,D41,126,Dorset Park (126),"{'type': 'Point', 'coordinates': (-79.277339, 43.770754)}"
6000051992,2016,00:00.0,1750,17,OSSINGTON AVE,PENDRITH ST,130 m South of,3,Toronto and East York,NULL,14,Mid-Block,Non Intersection,No Control,Clear,"Dark, artificial",Wet,Non-Fatal Injury,Other,D14,93,Dovercourt-Wallace Emerson-Junction (93),"{'type': 'Point', 'coordinates': (-79.426914, 43.664973)}"
6000063108,2016,00:00.0,1618,16,MCNICOLL AVE,MARKHAM RD,NULL,1,Scarborough,23,42,Intersection,At Intersection,No Control,Clear,Dark,Dry,Non-Fatal Injury,Pedestrian Collisions,D42,131,Rouge (131),"{'type': 'Point', 'coordinates': (-79.247806, 43.823989)}"
6000066081,2016,00:00.0,545,5,TRETHEWEY DR,BLACK CREEK DR,NULL,1,Etobicoke York,5,12,Intersection,At Intersection,Traffic Signal,Snow,"Dark, artificial",Loose Snow,Non-Fatal Injury,Turning Movement,D12,112,Beechborough-Greenbrook (112),"{'type': 'Point', 'coordinates': (-79.486095, 43.694602)}"
6000071039,2016,00:00.0,2117,21,WARDEN AVE,BAMBURGH CRCL,NULL,1,Scarborough,22,42,Intersection,At Intersection,Traffic Signal,Strong wind,Dark,Slush,Non-Fatal Injury,Pedestrian Collisions,D42,116,Steeles (116),"{'type': 'Point', 'coordinates': (-79.324542, 43.816191)}"
6000074879,2016,00:00.0,1320,13,EGLINTON AVE E,CREDIT UNION DR,NULL,1,North York,16,NULL,Intersection,At Intersection,Traffic Signal,Clear,Daylight,Dry,Non-Fatal Injury,Turning Movement,D54,43,Victoria Village (43),"{'type': 'Point', 'coordinates': (-79.318286, 43.726126)}"
6000080482,2016,00:00.0,1129,11,STEELES AVE E,PHARMACY AVE,NULL,1,Scarborough,22,42,Intersection,At Intersection,Traffic Signal,Clear,Daylight,Wet,Fatal,Turning Movement,D42,116,Steeles (116),"{'type': 'Point', 'coordinates': (-79.336467, 43.816844)}"
6000081215,2016,00:00.0,1336,13,TECUMSETH ST,QUEEN ST W,NULL,1,Toronto and East York,10,14,Intersection,At Intersection,Traffic Signal,Clear,Daylight,Dry,Non-Fatal Injury,Pedestrian Collisions,D14,81,Trinity-Bellwoods (81),"{'type': 'Point', 'coordinates': (-79.406566, 43.64667)}"
6000087893,2016,00:00.0,1435,14,BAYVIEW AVE,EGLINTON AVE E,6 m North of,1,North York,15,53,Intersection,Intersection Related,Traffic Signal,Clear,Daylight,Wet,Fatal,Pedestrian Collisions,D53,56,Leaside-Bennington (56),"{'type': 'Point', 'coordinates': (-79.377147, 43.711028)}"
6000089379,2016,00:00.0,1858,18,CHAMBERS AVE,ROCKWELL AVE,NULL,2,Toronto and East York,9,12,Intersection,Intersection Related,No Control,Rain,Dark,Wet,Non-Fatal Injury,Pedestrian Collisions,D12,91,Weston-Pellam Park (91),"{'type': 'Point', 'coordinates': (-79.463107, 43.676741)}"
6000091975,2016,00:00.0,748,7,STEELES AVE W,ALCIDE ST,70 m East of,1,Etobicoke York,1,23,Mid-Block,Non Intersection,No Control,Clear,Daylight,Wet,Non-Fatal Injury,Approaching,D23,1,West Humber-Clairville (1),"{'type': 'Point', 'coordinates': (-79.633502, 43.751265)}"
6000092951,2016,00:00.0,1137,11,BATHURST ST,DUNDAS ST W,57 m North of,1,Toronto and East York,11,14,Mid-Block,Non Intersection,No Control,Clear,Daylight,Dry,Non-Fatal Injury,Turning Movement,D14,78,Kensington-Chinatown (78),"{'type': 'Point', 'coordinates': (-79.406276, 43.652915)}"
6000094182,2016,00:00.0,1536,15,OSSINGTON AVE,DAVENPORT RD,41 m South of,3,Toronto and East York,NULL,13,Mid-Block,Non Intersection,No Control,Clear,Daylight,Dry,Non-Fatal Injury,Pedestrian Collisions,D13,94,Wychwood (94),"{'type': 'Point', 'coordinates': (-79.430805, 43.674311)}"
6000101056,2016,00:00.0,1935,19,SHEPPARD AVE E,CHICHESTER PL,NULL,1,Scarborough,22,42,Intersection,At Intersection,No Control,Clear,"Dark, artificial",Dry,Fatal,Pedestrian Collisions,D42,118,Tam O'Shanter-Sullivan (118),"{'type': 'Point', 'coordinates': (-79.320316, 43.775893)}"
6000111200,2016,00:00.0,1300,13,COMBE AVE,WILMINGTON AVE,NULL,3,North York,6,32,Intersection,At Intersection,Stop Sign,Clear,Daylight,Dry,Non-Fatal Injury,Angle,D32,34,Bathurst Manor (34),"{'type': 'Point', 'coordinates': (-79.4556, 43.759635)}"
6000125863,2016,00:00.0,1917,19,FINCH AVE W,WESTON RD,90 m West of,1,Etobicoke York,7,31,Mid-Block,Non Intersection,No Control,Clear,"Dark, artificial",Dry,Non-Fatal Injury,Pedestrian Collisions,D31,21,Humber Summit (21),"{'type': 'Point', 'coordinates': (-79.543529, 43.751845)}"
6000131463,2016,00:00.0,1811,18,135 TYNDALL AVE,NULL,85 m South of,4,Toronto and East York,4,14,Mid-Block,At/Near Private Drive,No Control,Clear,"Dark, artificial",Dry,Non-Fatal Injury,Cyclist Collisions,D14,85,South Parkdale (85),"{'type': 'Point', 'coordinates': (-79.428684, 43.637419)}"
6000168422,2016,00:00.0,2130,21,48MILLDOCK,NULL,172 m East of,4,Scarborough,25,43,Mid-Block,Non Intersection,No Control,Snow,"Dark, artificial",Wet,Non-Fatal Injury,Pedestrian Collisions,D43,131,Rouge (131),"{'type': 'Point', 'coordinates': (-79.125896, 43.790312)}"
986004,2007,00:00.0,1015,10,KINGSTON RD,RYLANDER BLVD,NULL,1,Scarborough,25,42,Intersection,At Intersection,Traffic Signal,Clear,Daylight,Dry,Non-Fatal Injury,Cyclist Collisions,D42,133,Centennial Scarborough (133),"{'type': 'Point', 'coordinates': (-79.14919, 43.797045)}"
991226,2007,00:00.0,1500,15,DON MILLS RD,ROCHEFORT DR E,NULL,1,North York,16,54,Mid-Block,NULL,No Control,Clear,Daylight,Dry,Non-Fatal Injury,Pedestrian Collisions,D54,44,Flemingdon Park (44),"{'type': 'Point', 'coordinates': (-79.33879, 43.720045)}"
990178,2007,00:00.0,928,9,LAWRENCE Aven E,CENTENNIAL Road,NULL,3,Scarborough,25,43,Intersection,At Intersection,Traffic Signal,Clear,Daylight,Dry,Non-Fatal Injury,Angle,D43,133,Centennial Scarborough (133),"{'type': 'Point', 'coordinates': (-79.14659, 43.777345)}"
981104,2007,00:00.0,1000,10,STEELES AVE E,BEARE RD,NULL,3,Scarborough,25,42,Intersection,At Intersection,Stop Sign,Clear,Daylight,Dry,Non-Fatal Injury,Angle,D42,131,Rouge (131),"{'type': 'Point', 'coordinates': (-79.17999, 43.853145)}"
993818,2007,00:00.0,1932,19,HIGHWAY 27  N,HUMBER COLLEGE BLVD,NULL,1,Etobicoke York,1,23,Mid-Block,NULL,No Control,Clear,Dark,Dry,Fatal,Pedestrian Collisions,D23,1,West Humber-Clairville (1),"{'type': 'Point', 'coordinates': (-79.60189, 43.731545)}"
986950,2007,00:00.0,714,7,BISHOP Aven,YONGE Stre,NULL,1,North York,18,32,NULL,NULL,Traffic Signal,Clear,Daylight,Dry,Non-Fatal Injury,Sideswipe,D32,50,Newtonbrook East (50),"{'type': 'Point', 'coordinates': (-79.41599, 43.781645)}"
990402,2007,00:00.0,1441,14,FINCH Aven E,LESLIE Stre,NULL,1,North York,17,33,Intersection,At Intersection,Traffic Signal,Clear,Daylight,Dry,Non-Fatal Injury,Cyclist Collisions,D33,48,Hillcrest Village (48),"{'type': 'Point', 'coordinates': (-79.36809, 43.790045)}"
1003358,2007,00:00.0,1255,12,DUFFERIN ST,HOLMESDALE RD,NULL,1,Toronto and East York,NULL,13,Intersection,At Intersection,Traffic Signal,Clear,Daylight,Dry,Non-Fatal Injury,Pedestrian Collisions,D13,107,Oakwood Village (107),"{'type': 'Point', 'coordinates': (-79.44739, 43.688645)}"
972843,2007,00:00.0,2,0,BLOOR ST E,DRUMSNAB RD,NULL,1,Toronto and East York,11,NULL,Intersection,At Intersection,No Control,Clear,Dark,Dry,Fatal,SMV Other,D51,71,Cabbagetown-South St.James Town (71),"{'type': 'Point', 'coordinates': (-79.367488, 43.674243)}"
996853,2007,00:00.0,2033,20,FINCH AVE E,MCCOWAN RD,NULL,1,Scarborough,23,42,Mid-Block,NULL,No Control,Clear,Dark,Dry,Non-Fatal Injury,Pedestrian Collisions,D42,129,Agincourt North (129),"{'type': 'Point', 'coordinates': (-79.26319, 43.808745)}"
1005733,2007,00:00.0,1650,16,MARKET ST,THE ESPLANADE,NULL,4,Toronto and East York,13,51,Mid-Block,At Intersection,No Control,Clear,Dusk,Dry,Non-Fatal Injury,Pedestrian Collisions,D51,77,Waterfront Communities-The Island (77),"{'type': 'Point', 'coordinates': (-79.37199, 43.648745)}"
998724,2007,00:00.0,2200,22,FINCH AVE W,DRIFTWOOD AVE,NULL,1,Etobicoke York,7,31,Intersection,At Intersection,Traffic Signal,Clear,Dark,Dry,Non-Fatal Injury,Turning Movement,D31,25,Glenfield-Jane Heights (25),"{'type': 'Point', 'coordinates': (-79.51339, 43.758045)}"
979400,2007,00:00.0,2013,20,MCCOWAN RD,BRIDLEGROVE DR,NULL,3,Scarborough,20,43,Mid-Block,NULL,No Control,Clear,Daylight,Dry,Fatal,Pedestrian Collisions,D43,123,Cliffcrest (123),"{'type': 'Point', 'coordinates': (-79.23669, 43.735245)}"
981306,2007,00:00.0,2123,21,ISLINGTON AVE,ABERFOYLE CRES,NULL,1,Etobicoke York,3,22,Mid-Block,NULL,No Control,Clear,Dark,Dry,Non-Fatal Injury,Pedestrian Collisions,D22,14,Islington-City Centre West (14),"{'type': 'Point', 'coordinates': (-79.52389, 43.645845)}"
995821,2007,00:00.0,1600,16,WESTON RD,KNOB HILL DR,NULL,1,Etobicoke York,5,12,Intersection,At Intersection,Stop Sign,Clear,Daylight,Dry,Non-Fatal Injury,Angle,D12,23,Pelmo Park-Humberlea (23),"{'type': 'Point', 'coordinates': (-79.53519, 43.711245)}"
972932,2007,00:00.0,226,2,ISLINGTON AVE,FINCH AVE W,NULL,1,Etobicoke York,NULL,NULL,Intersection,At Intersection,Traffic Signal,Clear,Dark,Dry,Fatal,Angle,D23,21,Humber Summit (21),"{'type': 'Point', 'coordinates': (-79.56859, 43.746245)}"
983702,2007,00:00.0,2157,21,EGLINTON AVE W,WIDDICOMBE HILL BLVD,NULL,1,Etobicoke York,2,NULL,Intersection,At Intersection,Traffic Controller,Clear,Dark,Dry,Non-Fatal Injury,Turning Movement,D23,7,Willowridge-Martingrove-Richview (7),"{'type': 'Point', 'coordinates': (-79.55769000000001, 43.675645)}"
1002027,2007,00:00.0,2135,21,PHARMACY AVE,BOLSTER AVE,NULL,3,Scarborough,20,41,Mid-Block,At Intersection,Pedestrian Crossover,Rain,Dark,Wet,Non-Fatal Injury,Pedestrian Collisions,D41,120,Clairlea-Birchmount (120),"{'type': 'Point', 'coordinates': (-79.28949, 43.706545)}"
1000028,2007,00:00.0,126,1,OAKWOOD AVE,ROSEMOUNT AVE,NULL,3,Toronto and East York,9,13,Intersection,At Intersection,Stop Sign,Rain,Dark,Wet,Non-Fatal Injury,Angle,D13,94,Wychwood (94),"{'type': 'Point', 'coordinates': (-79.43529, 43.677945)}"
993300,2007,00:00.0,310,3,MARKHAM RD,PASSMORE AVE,NULL,1,Scarborough,23,42,Mid-Block,At Intersection,No Control,Clear,Dark,Dry,Non-Fatal Injury,Rear End,D42,131,Rouge (131),"{'type': 'Point', 'coordinates': (-79.25089, 43.831545)}"
981377,2007,00:00.0,712,7,EGLINTON AVE W,SCARLETT RD,NULL,1,Etobicoke York,5,12,Mid-Block,NULL,No Control,Clear,Daylight,Dry,Non-Fatal Injury,Pedestrian Collisions,D12,111,Rockcliffe-Smythe (111),"{'type': 'Point', 'coordinates': (-79.50809, 43.684445)}"
1005351,2007,00:00.0,735,7,DON VALLEY PARKWAY  N,DON MILLS Road,NULL,NULL,Toronto and East York,14,54,Mid-Block,NULL,No Control,Clear,Daylight,Dry,Non-Fatal Injury,SMV Other,D54,58,Old East York (58),"{'type': 'Point', 'coordinates': (-79.33709, 43.700545)}"
999384,2007,00:00.0,1140,11,DON VALLEY PARKWAY  N,F G GARDINER XY  W,NULL,NULL,Toronto and East York,14,55,Mid-Block,At Intersection,No Control,Clear,Daylight,Dry,Non-Fatal Injury,SMV Other,D55,70,South Riverdale (70),"{'type': 'Point', 'coordinates': (-79.34909, 43.653745)}"
997814,2007,00:00.0,1929,19,ST CLAIR AVE E,WARDEN AVE,NULL,1,Scarborough,20,41,Intersection,At Intersection,Traffic Signal,Clear,Daylight,Dry,Non-Fatal Injury,Pedestrian Collisions,D41,120,Clairlea-Birchmount (120),"{'type': 'Point', 'coordinates': (-79.28099, 43.712045)}"
981405,2007,00:00.0,855,8,DIXON RD,KIPLING AVE,NULL,1,Etobicoke York,NULL,23,Intersection,At Intersection,Traffic Signal,Clear,Daylight,Dry,Non-Fatal Injury,Angle,D23,6,Kingsview Village-The Westway (6),"{'type': 'Point', 'coordinates': (-79.55859, 43.694245)}"
987119,2007,00:00.0,1244,12,BAY MILLS BLVD,EAGLESTONE RD,NULL,2,Scarborough,22,42,Intersection,At Intersection,Pedestrian Crossover,Clear,Daylight,Dry,Fatal,Cyclist Collisions,D42,118,Tam O'Shanter-Sullivan (118),"{'type': 'Point', 'coordinates': (-79.30349, 43.782145)}"
972948,2007,00:00.0,2358,23,LAKE SHORE BLVD W,YONGE ST,NULL,1,Toronto and East York,10,NULL,Intersection,NULL,Traffic Signal,Clear,Dark,Dry,Non-Fatal Injury,Turning Movement,D52,77,Waterfront Communities-The Island (77),"{'type': 'Point', 'coordinates': (-79.37579, 43.644045)}"
1004974,2007,00:00.0,1803,18,5810 SHEPPARD AVE E,NULL,NULL,1,Scarborough,23,42,Mid-Block,At Intersection,No Control,Clear,Dark,Dry,Non-Fatal Injury,Pedestrian Collisions,D42,132,Malvern (132),"{'type': 'Point', 'coordinates': (-79.22979, 43.79564500000001)}"
979564,2007,00:00.0,2155,21,BATHURST ST,BROWNS LANE W,NULL,1,Toronto and East York,10,14,Mid-Block,At Intersection,No Control,Clear,Dark,Dry,Non-Fatal Injury,Pedestrian Collisions,D14,77,Waterfront Communities-The Island (77),"{'type': 'Point', 'coordinates': (-79.40299, 43.644745)}"
986957,2007,00:00.0,2027,20,371 ORTON PARK Rd,NULL,NULL,5,Scarborough,24,43,Mid-Block,NULL,No Control,Clear,Dark,Dry,Non-Fatal Injury,Sideswipe,D43,135,Morningside (135),"{'type': 'Point', 'coordinates': (-79.21469, 43.778645)}"
1007071,2007,00:00.0,1937,19,DAVENPORT RD,BELMONT ST,NULL,1,Toronto and East York,11,53,Intersection,At Intersection,Traffic Signal,Rain,Dark,Wet,Non-Fatal Injury,Pedestrian Collisions,D53,95,Annex (95),"{'type': 'Point', 'coordinates': (-79.39289, 43.674745)}"
993820,2007,00:00.0,605,6,YONGE ST,GLENFOREST RD,NULL,1,North York,NULL,32,Intersection,At Intersection,No Control,Clear,Dark,Dry,Fatal,Pedestrian Collisions,D32,105,Lawrence Park North (105),"{'type': 'Point', 'coordinates': (-79.40359, 43.730245)}"
977666,2007,00:00.0,1758,17,MCNICOLL AVE,MIDLAND AVE,NULL,1,Scarborough,NULL,42,Intersection,NULL,Traffic Signal,Clear,Daylight,Dry,Non-Fatal Injury,Cyclist Collisions,D42,130,Milliken (130),"{'type': 'Point', 'coordinates': (-79.29219000000002, 43.814545)}"