ACCNUM,YEAR,DATE,TIME,HOUR,STREET1,STREET2,OFFSET,ROAD_CLASS,DISTRICT,WARDNUM,DIVISION,LOCCOORD,ACCLOC,TRAFFCTL,VISIBILITY,LIGHT,RDSFCOND,ACCLASS,IMPACTYPE,POLICE_DIVISION,HOOD_ID,NEIGHBOURHOOD,geometry
973856,2007,00:00.0,1029,10,3875 SHEPPARD AVE E,NULL,NULL,1,Scarborough,22,42,Mid-Block,NULL,No Control,Clear,Daylight,Dry,Non-Fatal Injury,SMV Other,D42,118,Tam O'Shanter-Sullivan (118),"{'type': 'Point', 'coordinates': (-79.28989, 43.782845)}"
974080,2007,00:00.0,809,8,BAYVIEW AVE,FIFESHIRE RD,NULL,1,North York,15,NULL,Intersection,At Intersection,No Control,Clear,Daylight,Dry,Fatal,Cyclist Collisions,D33,40,St.Andrew-Windfields (40),"{'type': 'Point', 'coordinates': (-79.38659, 43.760445)}"
974078,2007,00:00.0,840,8,ST CLAIR AVE E,PLAXTON DR,NULL,1,Toronto and East York,19,54,Intersection,At Intersection,Traffic Signal,Clear,Daylight,Dry,Non-Fatal Injury,Pedestrian Collisions,D54,54,O'Connor-Parkview (54),"{'type': 'Point', 'coordinates': (-79.30259, 43.707645)}"
974168,2007,00:00.0,945,9,KING ST W,GWYNNE AVE,NULL,1,Toronto and East York,4,14,Intersection,At Intersection,No Control,Clear,Daylight,Dry,Non-Fatal Injury,Pedestrian Collisions,D14,85,South Parkdale (85),"{'type': 'Point', 'coordinates': (-79.42889, 43.638645)}"
977112,2007,00:00.0,1420,14,CHARLES ST E,YONGE ST,NULL,1,Toronto and East York,NULL,NULL,Intersection,At Intersection,Traffic Signal,Clear,Daylight,Dry,Non-Fatal Injury,Pedestrian Collisions,D51,75,Church-Yonge Corridor (75),"{'type': 'Point', 'coordinates': (-79.38609, 43.668645)}"
975174,2007,00:00.0,1715,17,BLOOR ST W,THE EAST MALL,NULL,1,Etobicoke York,NULL,22,Intersection,At Intersection,Traffic Signal,Clear,Daylight,Dry,Non-Fatal Injury,Turning Movement,D22,14,Islington-City Centre West (14),"{'type': 'Point', 'coordinates': (-79.55669, 43.636945)}"
980093,2007,00:00.0,908,9,ST CLAIR AVE W,LAUGHTON AVE,NULL,1,Toronto and East York,9,NULL,Mid-Block,NULL,No Control,Clear,Daylight,Dry,Non-Fatal Injury,Cyclist Collisions,D11,91,Weston-Pellam Park (91),"{'type': 'Point', 'coordinates': (-79.45739, 43.674745)}"
980194,2007,00:00.0,1029,10,ST CLAIR AVE W,GREENLAW AVE,NULL,1,Toronto and East York,9,13,Mid-Block,NULL,No Control,Clear,Daylight,Dry,Non-Fatal Injury,Turning Movement,D13,92,Corso Italia-Davenport (92),"{'type': 'Point', 'coordinates': (-79.44779, 43.676945)}"
975035,2007,00:00.0,1124,11,COLLEGE ST,GRACE ST,NULL,1,Toronto and East York,11,14,Intersection,At Intersection,Traffic Signal,Clear,Daylight,Dry,Fatal,Pedestrian Collisions,D14,80,Palmerston-Little Italy (80),"{'type': 'Point', 'coordinates': (-79.41559, 43.654945)}"
975246,2007,00:00.0,425,4,MCROBERTS Aven,KITCHENER Aven,NULL,4,Toronto and East York,9,13,Intersection,At Intersection,Stop Sign,Clear,Dark,Dry,Non-Fatal Injury,Pedestrian Collisions,D13,109,Caledonia-Fairbank (109),"{'type': 'Point', 'coordinates': (-79.45919, 43.689345)}"
975488,2007,00:00.0,1549,15,LONDON GREEN CRT,DRIFTWOOD AVE,NULL,4,Etobicoke York,7,31,Mid-Block,NULL,No Control,Clear,Daylight,Dry,Non-Fatal Injury,Pedestrian Collisions,D31,25,Glenfield-Jane Heights (25),"{'type': 'Point', 'coordinates': (-79.51259, 43.752245)}"
975759,2007,00:00.0,639,6,BRIMLEY RD,PROGRESS AVE,NULL,1,Scarborough,21,NULL,Mid-Block,NULL,No Control,Clear,Daylight,Dry,Non-Fatal Injury,SMV Other,D43,127,Bendale (127),"{'type': 'Point', 'coordinates': (-79.26349, 43.776145)}"
1006820,2007,00:00.0,2352,23,ST CLAIR AVE W,OSLER ST,NULL,1,Toronto and East York,9,NULL,Intersection,NULL,No Control,Clear,Dark,Wet,Non-Fatal Injury,Pedestrian Collisions,D12,91,Weston-Pellam Park (91),"{'type': 'Point', 'coordinates': (-79.46039, 43.674145)}"
1004413,2007,00:00.0,250,2,KINGSTON RD,HIGHVIEW AVE,NULL,1,Scarborough,20,41,Mid-Block,At Intersection,No Control,Clear,Dark,Dry,Non-Fatal Injury,SMV Other,D41,122,Birchcliffe-Cliffside (122),"{'type': 'Point', 'coordinates': (-79.25319, 43.703445)}"
1011587,2007,00:00.0,2045,20,FRONT ST W,SPADINA AVE,NULL,3,Toronto and East York,10,52,Mid-Block,NULL,No Control,Clear,Dark,Dry,Non-Fatal Injury,Pedestrian Collisions,D52,77,Waterfront Communities-The Island (77),"{'type': 'Point', 'coordinates': (-79.39199, 43.643245)}"
1008034,2007,00:00.0,805,8,OAKWOOD AVE,HANSON RD,NULL,3,Toronto and East York,12,13,Intersection,NULL,No Control,Clear,Daylight,Ice,Non-Fatal Injury,Pedestrian Collisions,D13,107,Oakwood Village (107),"{'type': 'Point', 'coordinates': (-79.43939, 43.688945)}"
1009774,2007,00:00.0,845,8,ST CLAIR Aven W,FRENCH Aven,NULL,1,Etobicoke York,5,NULL,Mid-Block,NULL,No Control,Clear,Daylight,Dry,Non-Fatal Injury,Pedestrian Collisions,D12,111,Rockcliffe-Smythe (111),"{'type': 'Point', 'coordinates': (-79.49059, 43.667445)}"
1005315,2007,00:00.0,1510,15,YONGE St,WELLINGTON St E,NULL,1,Toronto and East York,13,NULL,Intersection,At Intersection,Traffic Signal,Clear,Daylight,Dry,Non-Fatal Injury,Pedestrian Collisions,D52,75,Church-Yonge Corridor (75),"{'type': 'Point', 'coordinates': (-79.37739, 43.647845)}"
1009783,2007,00:00.0,144,1,BAY ST,QUEEN ST W,NULL,1,Toronto and East York,NULL,52,Mid-Block,At Intersection,No Control,Rain,Dark,Wet,Non-Fatal Injury,SMV Other,D52,76,Bay Street Corridor (76),"{'type': 'Point', 'coordinates': (-79.38239, 43.652345)}"
1007992,2007,00:00.0,1742,17,BRIMLEY Road,ST CLAIR Aven E,NULL,3,Scarborough,20,NULL,Intersection,At Intersection,Traffic Signal,Clear,Dark,Dry,Non-Fatal Injury,Pedestrian Collisions,D41,123,Cliffcrest (123),"{'type': 'Point', 'coordinates': (-79.24149, 43.720845)}"
1005791,2007,00:00.0,2357,23,GERRARD ST E,PARLIAMENT ST,NULL,3,Toronto and East York,13,51,Intersection,At Intersection,Traffic Signal,Clear,Dark,Dry,Non-Fatal Injury,Pedestrian Collisions,D51,72,Regent Park (72),"{'type': 'Point', 'coordinates': (-79.36699, 43.66194500000001)}"
1005767,2007,00:00.0,1814,18,DON MILLS RD,LAWRENCE AVE E,NULL,1,North York,16,33,Mid-Block,NULL,No Control,Clear,Dark,Dry,Non-Fatal Injury,Rear End,D33,42,Banbury-Don Mills (42),"{'type': 'Point', 'coordinates': (-79.34529, 43.744045)}"
1009854,2007,00:00.0,258,2,267 DAVENPORT Rd,NULL,NULL,1,Toronto and East York,11,53,Mid-Block,NULL,No Control,Snow,Dark,Packed Snow,Non-Fatal Injury,Pedestrian Collisions,D53,95,Annex (95),"{'type': 'Point', 'coordinates': (-79.39819, 43.674345)}"
1008261,2007,00:00.0,1250,12,DON MILLS RD,CLIFFWOOD RD,NULL,1,North York,17,33,Mid-Block,NULL,No Control,Clear,Daylight,Wet,Non-Fatal Injury,Rear End,D33,48,Hillcrest Village (48),"{'type': 'Point', 'coordinates': (-79.35749, 43.807645)}"
1006590,2007,00:00.0,730,7,ISLINGTON Ave,STANMILLS Rd,NULL,1,Etobicoke York,3,22,Intersection,At Intersection,Stop Sign,Strong wind,Daylight,Wet,Non-Fatal Injury,Pedestrian Collisions,D22,16,Stonegate-Queensway (16),"{'type': 'Point', 'coordinates': (-79.51519, 43.62464500000001)}"
1010140,2007,00:00.0,1250,12,YONGE ST,CHURCH ST,NULL,1,Toronto and East York,11,53,Intersection,At Intersection,Traffic Signal,Clear,Daylight,Dry,Non-Fatal Injury,Pedestrian Collisions,D53,98,Rosedale-Moore Park (98),"{'type': 'Point', 'coordinates': (-79.38789, 43.672845)}"
1006875,2007,00:00.0,1856,18,OSSINGTON AVE,CHURCHILL AVE,NULL,3,Toronto and East York,NULL,14,Mid-Block,NULL,No Control,Clear,Dark,Dry,Fatal,Pedestrian Collisions,D14,81,Trinity-Bellwoods (81),"{'type': 'Point', 'coordinates': (-79.42199, 43.652445)}"
1007205,2007,00:00.0,1755,17,RONCESVALLES Aven,CONSTANCE Stre,NULL,3,Toronto and East York,4,11,Intersection,At Intersection,No Control,Clear,Dark,Dry,Non-Fatal Injury,Pedestrian Collisions,D11,86,Roncesvalles (86),"{'type': 'Point', 'coordinates': (-79.45039, 43.64964500000001)}"
1011759,2007,00:00.0,1949,19,1073 WARDEN AVE,NULL,NULL,1,Scarborough,21,41,Mid-Block,NULL,No Control,Clear,Dark,Wet,Non-Fatal Injury,Rear End,D41,119,Wexford/Maryvale (119),"{'type': 'Point', 'coordinates': (-79.29319, 43.741545)}"
1015759,2007,00:00.0,1657,16,JANE BLACK CR S RAMP ST,JANE ST,NULL,1,Etobicoke York,5,12,Intersection,NULL,Traffic Signal,Clear,Daylight,Dry,Non-Fatal Injury,Rear End,D12,28,Rustic (28),"{'type': 'Point', 'coordinates': (-79.50599, 43.711045)}"
1012000,2007,00:00.0,1700,17,CULFORD RD,VANWYCK RD,NULL,2,Etobicoke York,5,12,Mid-Block,NULL,No Control,Clear,Dark,Wet,Non-Fatal Injury,Approaching,D12,30,Brookhaven-Amesbury (30),"{'type': 'Point', 'coordinates': (-79.48749, 43.705945)}"
1007918,2007,00:00.0,1806,18,MARTIN GROVE Road,ROYALCREST Road,NULL,3,Etobicoke York,1,23,Intersection,NULL,No Control,Clear,Dark,Wet,Non-Fatal Injury,Pedestrian Collisions,D23,2,Mount Olive-Silverstone-Jamestown (2),"{'type': 'Point', 'coordinates': (-79.59929, 43.752245)}"
1009323,2007,00:00.0,630,6,ISLINGTON Aven,SUMMITCREST Driv,NULL,1,Etobicoke York,2,23,Intersection,At Intersection,Traffic Signal,Clear,Dark,Wet,Non-Fatal Injury,Pedestrian Collisions,D23,7,Willowridge-Martingrove-Richview (7),"{'type': 'Point', 'coordinates': (-79.54049, 43.683145)}"
1045778,2008,00:00.0,1410,14,KING ST W,YORK ST,NULL,1,Toronto and East York,10,52,Mid-Block,At Intersection,No Control,Clear,Daylight,Dry,Non-Fatal Injury,Cyclist Collisions,D52,76,Bay Street Corridor (76),"{'type': 'Point', 'coordinates': (-79.38179000000001, 43.648345000000006)}"
1058736,2008,00:00.0,308,3,UNIVERSITY AVE,ELM ST,NULL,1,Toronto and East York,11,52,Intersection,NULL,Traffic Signal,Clear,Daylight,Dry,Non-Fatal Injury,Turning Movement,D52,76,Bay Street Corridor (76),"{'type': 'Point', 'coordinates': (-79.38899, 43.656345)}"
1040088,2008,00:00.0,1440,14,230 QUEEN ST E,NULL,NULL,1,Toronto and East York,13,51,Intersection,At Intersection,No Control,Clear,Daylight,Dry,Non-Fatal Injury,Approaching,D51,73,Moss Park (73),"{'type': 'Point', 'coordinates': (-79.36899, 43.654645)}"
1021860,2008,00:00.0,215,2,1601 LAKE SHORE BLVD W,NULL,NULL,1,Toronto and East York,4,11,Mid-Block,NULL,No Control,Clear,Dark,Dry,Non-Fatal Injury,Pedestrian Collisions,D11,85,South Parkdale (85),"{'type': 'Point', 'coordinates': (-79.44689, 43.636945)}"
1057170,2008,00:00.0,1737,17,DANFORTH Road,DANFORTH Aven,NULL,1,Scarborough,20,41,Intersection,At Intersection,Traffic Signal,Clear,Daylight,Dry,Non-Fatal Injury,Rear End,D41,121,Oakridge (121),"{'type': 'Point', 'coordinates': (-79.27729, 43.693645)}"
1044158,2008,00:00.0,1031,10,EGLINTON AVE E,BELLAMY RD N,NULL,1,Scarborough,NULL,43,Intersection,At Intersection,Traffic Signal,Clear,Daylight,Dry,Non-Fatal Injury,Pedestrian Collisions,D43,138,Eglinton East (138),"{'type': 'Point', 'coordinates': (-79.23209, 43.740245)}"
1035405,2008,00:00.0,1722,17,REXDALE Boul,QUEENS PLATE Driv,NULL,1,Etobicoke York,1,23,Intersection,At Intersection,No Control,Clear,Daylight,Dry,Fatal,Pedestrian Collisions,D23,1,West Humber-Clairville (1),"{'type': 'Point', 'coordinates': (-79.60349, 43.719145)}"
1021846,2008,00:00.0,1058,10,910 MARKHAM Rd,PAINTED POST Driv,NULL,1,Scarborough,24,43,Mid-Block,NULL,No Control,Rain,Daylight,Wet,Non-Fatal Injury,Approaching,D43,137,Woburn (137),"{'type': 'Point', 'coordinates': (-79.22899, 43.769045)}"
1055623,2008,00:00.0,1614,16,MCCOWAN RD,HURONIA GT,NULL,1,Scarborough,NULL,43,Intersection,At Intersection,No Control,Clear,Daylight,Dry,Non-Fatal Injury,Rear End,D43,137,Woburn (137),"{'type': 'Point', 'coordinates': (-79.25019, 43.768645)}"
1061541,2008,00:00.0,412,4,DON VALLEY PARKWAY  S,BEECHWOOD DR,NULL,NULL,Toronto and East York,14,54,Mid-Block,NULL,No Control,Clear,Dark,Dry,Non-Fatal Injury,Approaching,D54,57,Broadview North (57),"{'type': 'Point', 'coordinates': (-79.35299, 43.696845)}"
1043405,2008,00:00.0,5,0,3440 PHARMACY AVE,NULL,NULL,3,Scarborough,22,42,Mid-Block,NULL,No Control,Rain,Dark,Wet,Fatal,Pedestrian Collisions,D42,116,Steeles (116),"{'type': 'Point', 'coordinates': (-79.33239, 43.807745)}"
1047657,2008,00:00.0,38,0,688 SCARLETT RD,NULL,NULL,1,Etobicoke York,2,23,Intersection,NULL,No Control,Clear,Dark,Dry,Fatal,SMV Other,D23,8,Humber Heights-Westmount (8),"{'type': 'Point', 'coordinates': (-79.51949, 43.694745000000005)}"
1040428,2008,00:00.0,810,8,PARLIAMENT St,LAKE SHORE Blvd E,NULL,3,Toronto and East York,10,51,Mid-Block,At Intersection,No Control,Clear,Daylight,Dry,Non-Fatal Injury,Cyclist Collisions,D51,77,Waterfront Communities-The Island (77),"{'type': 'Point', 'coordinates': (-79.36149, 43.64864500000001)}"
1042639,2008,00:00.0,1648,16,MILLWOOD RD,VILLAGE STATION RD,NULL,1,North York,15,53,Intersection,At Intersection,Traffic Signal,Clear,Daylight,Dry,Non-Fatal Injury,Turning Movement,D53,55,Thorncliffe Park (55),"{'type': 'Point', 'coordinates': (-79.358073, 43.701869)}"
1047170,2008,00:00.0,2310,23,LAWRENCE AVE W,LAWRENCE W ALLEN X S RAMP,NULL,1,North York,8,NULL,Intersection,At Intersection,Traffic Signal,Clear,Dark,Dry,Non-Fatal Injury,Turning Movement,D13,31,Yorkdale-Glen Park (31),"{'type': 'Point', 'coordinates': (-79.44499, 43.715945)}"
1030828,2008,00:00.0,1350,13,LAWRENCE AVE E,HOWDEN RD,NULL,1,Scarborough,21,41,Intersection,At Intersection,Traffic Signal,Clear,Daylight,Dry,Non-Fatal Injury,Pedestrian Collisions,D41,119,Wexford/Maryvale (119),"{'type': 'Point', 'coordinates': (-79.28799, 43.746845)}"
1040891,2008,00:00.0,746,7,BAY ST,YORKVILLE AVE,NULL,1,Toronto and East York,11,53,Intersection,NULL,Traffic Signal,Clear,Daylight,Dry,Fatal,Pedestrian Collisions,D53,95,Annex (95),"{'type': 'Point', 'coordinates': (-79.39019000000002, 43.671345)}"
1040898,2008,00:00.0,1138,11,331 TRUDELLE St,NULL,NULL,2,Scarborough,21,43,Intersection,NULL,No Control,Rain,Daylight,Wet,Non-Fatal Injury,Pedestrian Collisions,D43,138,Eglinton East (138),"{'type': 'Point', 'coordinates': (-79.23449000000001, 43.741545)}"
1044477,2008,00:00.0,1150,11,DANFORTH AVE,LINNSMORE CRES,NULL,1,Toronto and East York,14,NULL,Intersection,NULL,Traffic Signal,Clear,Daylight,Dry,Non-Fatal Injury,Pedestrian Collisions,D55,66,Danforth (66),"{'type': 'Point', 'coordinates': (-79.32979, 43.682045)}"
1041105,2008,00:00.0,1838,18,LAWRENCE Ave W,ROXALINE St,NULL,3,Etobicoke York,2,23,Intersection,At Intersection,Stop Sign,Clear,Daylight,Dry,Non-Fatal Injury,Angle,D23,8,Humber Heights-Westmount (8),"{'type': 'Point', 'coordinates': (-79.52969, 43.696845)}"
1044584,2008,00:00.0,1146,11,72 CORDELLA AVE,NULL,NULL,4,Etobicoke York,5,12,Mid-Block,NULL,No Control,Clear,Daylight,Dry,Non-Fatal Injury,SMV Other,D12,111,Rockcliffe-Smythe (111),"{'type': 'Point', 'coordinates': (-79.48349, 43.680445)}"
1044659,2008,00:00.0,1455,14,FINCH AVE E,BAYVIEW AVE,NULL,1,North York,NULL,NULL,Intersection,At Intersection,Traffic Signal,Clear,Daylight,Dry,Non-Fatal Injury,Sideswipe,D33,49,Bayview Woods-Steeles (49),"{'type': 'Point', 'coordinates': (-79.39209, 43.785045)}"
1044781,2008,00:00.0,1355,13,FINCH AVE W,MILVAN DR,NULL,1,Etobicoke York,7,31,Intersection,At Intersection,Traffic Signal,Clear,Daylight,Dry,Non-Fatal Injury,Angle,D31,21,Humber Summit (21),"{'type': 'Point', 'coordinates': (-79.55229, 43.749945)}"
1041453,2008,00:00.0,1230,12,SENLAC RD,SHEPPARD AVE W,NULL,1,North York,18,32,Intersection,At Intersection,Traffic Signal,Rain,Daylight,Wet,Non-Fatal Injury,Pedestrian Collisions,D32,38,Lansing-Westgate (38),"{'type': 'Point', 'coordinates': (-79.42259, 43.758945)}"
1044675,2008,00:00.0,1517,15,HILDA AVE,CROSSEN DR,NULL,2,North York,18,32,Mid-Block,NULL,No Control,Clear,Daylight,Dry,Non-Fatal Injury,Pedestrian Collisions,D32,36,Newtonbrook West (36),"{'type': 'Point', 'coordinates': (-79.42739, 43.793245)}"
1255770,2011,00:00.0,1958,19,LAWRENCE Ave E,VALPARAISO Ave,NULL,1,Scarborough,21,43,Intersection,NULL,No Control,Clear,Dark,Dry,Non-Fatal Injury,Pedestrian Collisions,D43,127,Bendale (127),"{'type': 'Point', 'coordinates': (-79.24679, 43.755245)}"
1041588,2008,00:00.0,1838,18,PORT UNION Road,KINGSTON Road,NULL,3,Scarborough,25,42,Intersection,At Intersection,No Control,Clear,Daylight,Dry,Non-Fatal Injury,Angle,D42,131,Rouge (131),"{'type': 'Point', 'coordinates': (-79.14579, 43.798545)}"
1045598,2008,00:00.0,1220,12,WESTON RD,WESTON ALBION RD RAMP RD,NULL,1,Etobicoke York,7,31,Intersection,At Intersection,No Control,Clear,Daylight,Dry,Non-Fatal Injury,Sideswipe,D31,23,Pelmo Park-Humberlea (23),"{'type': 'Point', 'coordinates': (-79.53779, 43.718045)}"
1041888,2008,00:00.0,750,7,EGLINTON AVE W,RICHARDSON AVE,NULL,1,Etobicoke York,5,12,Intersection,At Intersection,Traffic Signal,Clear,Daylight,Dry,Non-Fatal Injury,Rear End,D12,110,Keelesdale-Eglinton West (110),"{'type': 'Point', 'coordinates': (-79.47149, 43.690945)}"
1042297,2008,00:00.0,1720,17,WESTON Road,FLINDON Road,NULL,1,Etobicoke York,7,31,Mid-Block,NULL,No Control,Clear,Daylight,Dry,Non-Fatal Injury,SMV Other,D31,23,Pelmo Park-Humberlea (23),"{'type': 'Point', 'coordinates': (-79.537387, 43.721045000000004)}"
1042100,2008,00:00.0,2120,21,ALBION RD,MARTIN GROVE RD,NULL,1,Etobicoke York,1,23,Mid-Block,NULL,NULL,Other,Dusk,Other,Non-Fatal Injury,Other,D23,1,West Humber-Clairville (1),"{'type': 'Point', 'coordinates': (-79.59479, 43.742045)}"
1042295,2008,00:00.0,1223,12,WARDEN AVE,MANHATTAN DR,NULL,1,Scarborough,21,41,Intersection,At Intersection,Traffic Signal,Clear,Daylight,Dry,Non-Fatal Injury,Angle,D41,119,Wexford/Maryvale (119),"{'type': 'Point', 'coordinates': (-79.29749, 43.752045)}"
1046342,2008,00:00.0,550,5,DUNDAS ST W,BAY ST,NULL,1,Toronto and East York,NULL,52,Intersection,At Intersection,Traffic Signal,Clear,Daylight,Dry,Non-Fatal Injury,Other,D52,76,Bay Street Corridor (76),"{'type': 'Point', 'coordinates': (-79.38379, 43.655745)}"
1043273,2008,00:00.0,2010,20,LAKE SHORE BLVD W,LONG BRANCH AVE,NULL,1,Etobicoke York,3,22,Intersection,At Intersection,Traffic Signal,Clear,Dusk,Dry,Fatal,Pedestrian Collisions,D22,19,Long Branch (19),"{'type': 'Point', 'coordinates': (-79.53399, 43.594345)}"
1049415,2008,00:00.0,853,8,KING Stre W,BATHURST Stre,NULL,1,Toronto and East York,10,14,Intersection,At Intersection,Traffic Signal,Clear,Daylight,Dry,Non-Fatal Injury,Cyclist Collisions,D14,77,Waterfront Communities-The Island (77),"{'type': 'Point', 'coordinates': (-79.40269, 43.643945)}"
1046604,2008,00:00.0,902,9,ST CLAIR AVE W,RUSSELL HILL RD,NULL,1,Toronto and East York,12,53,Intersection,At Intersection,Police Control,Clear,Daylight,Dry,Non-Fatal Injury,Pedestrian Collisions,D53,96,Casa Loma (96),"{'type': 'Point', 'coordinates': (-79.40789, 43.685345000000005)}"
1046603,2008,00:00.0,945,9,AVENUE Road,BLOOR Stre W,NULL,1,Toronto and East York,11,NULL,Intersection,At Intersection,Traffic Signal,Clear,Daylight,Dry,Non-Fatal Injury,Cyclist Collisions,D53,95,Annex (95),"{'type': 'Point', 'coordinates': (-79.39409, 43.668745)}"
1046692,2008,00:00.0,2236,22,ROSE VALLEY CRES,WOODGATE DR,NULL,4,Etobicoke York,5,12,Mid-Block,NULL,No Control,Clear,Dark,Dry,Non-Fatal Injury,Other,D12,111,Rockcliffe-Smythe (111),"{'type': 'Point', 'coordinates': (-79.50229, 43.676645)}"
1043009,2008,00:00.0,1235,12,BROWNS LINE Line,HORNER AVE,NULL,1,Etobicoke York,3,22,Intersection,At Intersection,Traffic Signal,Clear,Daylight,Dry,Non-Fatal Injury,Angle,D22,20,Alderwood (20),"{'type': 'Point', 'coordinates': (-79.54519, 43.601645)}"
1035404,2008,00:00.0,2000,20,EGLINTON Aven E,CREDIT UNION Driv,NULL,1,North York,16,NULL,Mid-Block,At Intersection,No Control,Clear,Daylight,Dry,Non-Fatal Injury,Pedestrian Collisions,D54,43,Victoria Village (43),"{'type': 'Point', 'coordinates': (-79.31829, 43.726145)}"
1047995,2008,00:00.0,1400,14,COLLEGE St,CRAWFORD St,NULL,1,Toronto and East York,11,14,Intersection,NULL,No Control,Clear,Daylight,Dry,Non-Fatal Injury,Cyclist Collisions,D14,80,Palmerston-Little Italy (80),"{'type': 'Point', 'coordinates': (-79.41899, 43.655145)}"
1043011,2008,00:00.0,2321,23,DON MILLS RD,HIGHWAY 401 C Boul W,NULL,1,North York,17,33,Mid-Block,NULL,No Control,Rain,Dark,Wet,Non-Fatal Injury,Pedestrian Collisions,D33,53,Henry Farm (53),"{'type': 'Point', 'coordinates': (-79.34659, 43.769145)}"
1032314,2008,00:00.0,1800,18,160 MARKHAM RD,NULL,NULL,1,Scarborough,NULL,43,Mid-Block,NULL,No Control,Clear,Daylight,Dry,Non-Fatal Injury,Pedestrian Collisions,D43,139,Scarborough Village (139),"{'type': 'Point', 'coordinates': (-79.21819000000002, 43.741445)}"
1047021,2008,00:00.0,1340,13,DUFFERIN Stre,SYLVAN Aven,NULL,1,Toronto and East York,9,NULL,Mid-Block,NULL,No Control,Clear,Daylight,Dry,Non-Fatal Injury,Cyclist Collisions,D14,83,Dufferin Grove (83),"{'type': 'Point', 'coordinates': (-79.43349, 43.655045)}"
1044246,2008,00:00.0,1500,15,PROGRESS AVE,401 C E PROGRESS AV RAMP E,NULL,3,Scarborough,21,43,Mid-Block,NULL,Traffic Signal,Clear,Daylight,Dry,Non-Fatal Injury,SMV Other,D43,127,Bendale (127),"{'type': 'Point', 'coordinates': (-79.26099, 43.777745)}"
1043101,2008,00:00.0,1813,18,BATHURST ST,SULTANA AVE,NULL,1,North York,8,32,Intersection,At Intersection,No Control,Clear,Daylight,Dry,Non-Fatal Injury,Pedestrian Collisions,D32,39,Bedford Park-Nortown (39),"{'type': 'Point', 'coordinates': (-79.43199, 43.728745)}"
1044518,2008,00:00.0,215,2,DUNDAS ST W,RONCESVALLES AVE,NULL,3,Toronto and East York,4,11,Mid-Block,NULL,No Control,Clear,Dark,Dry,Non-Fatal Injury,Cyclist Collisions,D11,86,Roncesvalles (86),"{'type': 'Point', 'coordinates': (-79.45139, 43.653645)}"
1250312,2011,00:00.0,203,2,PORT UNION RD,ADENMORE RD,NULL,3,Scarborough,25,43,Mid-Block,NULL,No Control,Clear,Dark,Dry,Non-Fatal Injury,SMV Other,D43,131,Rouge (131),"{'type': 'Point', 'coordinates': (-79.13829, 43.783345000000004)}"
1047045,2008,00:00.0,1840,18,REXDALE BLVD,KIPLING AVE,NULL,1,Etobicoke York,1,23,Intersection,At Intersection,Traffic Signal,Rain,Dark,Wet,Non-Fatal Injury,SMV Other,D23,4,Rexdale-Kipling (4),"{'type': 'Point', 'coordinates': (-79.56669, 43.711745)}"
1043639,2008,00:00.0,1355,13,BATHURST ST N,SOUTHBOURNE AVE,NULL,1,North York,6,32,Mid-Block,NULL,No Control,Clear,Daylight,Dry,Non-Fatal Injury,Pedestrian Collisions,D32,38,Lansing-Westgate (38),"{'type': 'Point', 'coordinates': (-79.43439000000001, 43.738845)}"
1044627,2008,00:00.0,1614,16,DOVERCOURT Rd,GEARY Ave,NULL,3,Toronto and East York,9,13,Intersection,At Intersection,Stop Sign,Clear,Daylight,Dry,Non-Fatal Injury,Angle,D13,94,Wychwood (94),"{'type': 'Point', 'coordinates': (-79.43319, 43.670745000000004)}"
1047294,2008,00:00.0,1540,15,130 THE QUEENSWAY,NULL,NULL,1,Etobicoke York,3,22,Mid-Block,At Intersection,No Control,Clear,Daylight,Dry,Non-Fatal Injury,Pedestrian Collisions,D22,16,Stonegate-Queensway (16),"{'type': 'Point', 'coordinates': (-79.48189, 43.630845)}"
1368988,2013,00:00.0,2350,23,STEELES AVE W,IRONDALE DR,NULL,1,Etobicoke York,7,31,NULL,NULL,No Control,Clear,Dark,Dry,Non-Fatal Injury,SMV Other,D31,21,Humber Summit (21),"{'type': 'Point', 'coordinates': (-79.549083, 43.769766)}"
1043747,2008,00:00.0,909,9,SCARLETT RD,BERNICE CRES,NULL,3,Etobicoke York,5,12,Intersection,At Intersection,Pedestrian Crossover,Clear,Daylight,Dry,Fatal,Pedestrian Collisions,D12,111,Rockcliffe-Smythe (111),"{'type': 'Point', 'coordinates': (-79.49949, 43.666945)}"
1057630,2008,00:00.0,1030,10,SEELEY DR,SHEPPARD AVE W,NULL,1,North York,6,31,Intersection,At Intersection,No Control,Clear,Daylight,Dry,Non-Fatal Injury,Pedestrian Collisions,D31,26,Downsview-Roding-CFB (26),"{'type': 'Point', 'coordinates': (-79.49419, 43.743045)}"
1048237,2008,00:00.0,1805,18,WESTON Road,WALSH Aven,NULL,1,Etobicoke York,7,31,Intersection,At Intersection,Traffic Signal,Clear,Daylight,Dry,Non-Fatal Injury,Cyclist Collisions,D31,23,Pelmo Park-Humberlea (23),"{'type': 'Point', 'coordinates': (-79.53729, 43.717045)}"
1048242,2008,00:00.0,950,9,SPADINA Aven,HARBORD Stre,NULL,1,Toronto and East York,11,NULL,Intersection,At Intersection,Traffic Signal,Clear,Daylight,Dry,Non-Fatal Injury,Pedestrian Collisions,D52,79,University (79),"{'type': 'Point', 'coordinates': (-79.40209, 43.663045)}"