ACCNUM,YEAR,DATE,TIME,HOUR,STREET1,STREET2,OFFSET,ROAD_CLASS,DISTRICT,WARDNUM,DIVISION,LOCCOORD,ACCLOC,TRAFFCTL,VISIBILITY,LIGHT,RDSFCOND,ACCLASS,IMPACTYPE,POLICE_DIVISION,HOOD_ID,NEIGHBOURHOOD,geometry
1046409,2008,00:00.0,1838,18,F G GARDINER XY  W,LAKE SHORE BLVD E,NULL,1,Toronto and East York,14,55,Entrance Ramp Westbound,NULL,No Control,Clear,Daylight,Dry,Non-Fatal Injury,Sideswipe,D55,70,South Riverdale (70),"{'type': 'Point', 'coordinates': (-79.341487, 43.653346)}"
1044815,2008,00:00.0,2226,22,WILSON AVE,JETHRO RD,NULL,1,Etobicoke York,7,31,Intersection,At Intersection,Traffic Signal,Clear,Dark,Dry,Fatal,Pedestrian Collisions,D31,26,Downsview-Roding-CFB (26),"{'type': 'Point', 'coordinates': (-79.51839, 43.718745)}"
1048611,2008,00:00.0,730,7,MORNINGSIDE AVE,KINGSTON RD,NULL,1,Scarborough,NULL,43,Intersection,At Intersection,Traffic Signal,Clear,Daylight,Dry,Non-Fatal Injury,Pedestrian Collisions,D43,136,West Hill (136),"{'type': 'Point', 'coordinates': (-79.18689, 43.770645)}"
1051990,2008,00:00.0,1820,18,AVENUE RD,POPLAR PLAINS CRES,NULL,1,Toronto and East York,12,53,Intersection,At Intersection,No Control,Clear,Daylight,Dry,Non-Fatal Injury,Cyclist Collisions,D53,97,Yonge-St.Clair (97),"{'type': 'Point', 'coordinates': (-79.39909, 43.680745)}"
1044949,2008,00:00.0,2040,20,136 NEAMES CRES,NULL,NULL,4,Etobicoke York,7,31,Mid-Block,NULL,No Control,Clear,Daylight,Dry,Non-Fatal Injury,Cyclist Collisions,D31,26,Downsview-Roding-CFB (26),"{'type': 'Point', 'coordinates': (-79.51259, 43.728245)}"
1047968,2008,00:00.0,2155,21,STEELES AVE W,HIDDEN TRL,NULL,1,North York,6,32,Mid-Block,NULL,No Control,Clear,Dark,Dry,Fatal,Approaching,D32,35,Westminster-Branson (35),"{'type': 'Point', 'coordinates': (-79.46399, 43.788445)}"
1045157,2008,00:00.0,815,8,VICTORIA PARK AVE,PEARD RD,NULL,1,Toronto and East York,NULL,NULL,Mid-Block,At Intersection,No Control,Clear,Daylight,Dry,Non-Fatal Injury,Pedestrian Collisions,D54,120,Clairlea-Birchmount (120),"{'type': 'Point', 'coordinates': (-79.29679, 43.71064500000001)}"
1045221,2008,00:00.0,53,0,FLEET ST,STADIUM RD,NULL,1,Toronto and East York,10,14,Intersection,NULL,No Control,Clear,Dark,Dry,Fatal,Approaching,D14,82,Niagara (82),"{'type': 'Point', 'coordinates': (-79.40189, 43.636045)}"
1048845,2008,00:00.0,1601,16,COLLEGE ST,SPADINA AVE,NULL,1,Toronto and East York,11,52,Mid-Block,NULL,No Control,Clear,Daylight,Dry,Non-Fatal Injury,Pedestrian Collisions,D52,79,University (79),"{'type': 'Point', 'coordinates': (-79.39949, 43.658045)}"
1045558,2008,00:00.0,120,1,F G GARDINER XY  W,ISLINGTON AVE,NULL,NULL,Etobicoke York,3,22,Mid-Block,NULL,No Control,Clear,Dark,Dry,Non-Fatal Injury,SMV Other,D22,16,Stonegate-Queensway (16),"{'type': 'Point', 'coordinates': (-79.50979, 43.621145)}"
1049419,2008,00:00.0,1040,10,DUNDAS ST W,LANSDOWNE AVE,NULL,3,Toronto and East York,9,11,Mid-Block,NULL,No Control,Clear,Daylight,Dry,Non-Fatal Injury,Cyclist Collisions,D11,83,Dufferin Grove (83),"{'type': 'Point', 'coordinates': (-79.43929, 43.650145)}"
1045692,2008,00:00.0,1733,17,YORK MILLS RD,FENN AVE,NULL,1,North York,15,32,Intersection,At Intersection,Traffic Signal,Clear,Daylight,Dry,Non-Fatal Injury,Pedestrian Collisions,D32,40,St.Andrew-Windfields (40),"{'type': 'Point', 'coordinates': (-79.38899, 43.747045)}"
1052609,2008,00:00.0,1155,11,KEELE St,ST REGIS Cres,NULL,1,Etobicoke York,NULL,31,Intersection,At Intersection,Traffic Signal,Clear,Daylight,Dry,Non-Fatal Injury,Rear End,D31,27,York University Heights (27),"{'type': 'Point', 'coordinates': (-79.48879, 43.754545)}"
1049787,2008,00:00.0,1302,13,BRIMLEY RD,DEERFIELD RD,NULL,1,Scarborough,21,NULL,Intersection,NULL,Traffic Signal,Clear,Daylight,Dry,Non-Fatal Injury,Turning Movement,D43,127,Bendale (127),"{'type': 'Point', 'coordinates': (-79.25199, 43.745445)}"
1046412,2008,00:00.0,1345,13,EGLINTON AVE E,BARBADOS BLVD,NULL,1,Scarborough,NULL,43,Mid-Block,NULL,No Control,Clear,Daylight,Dry,Fatal,Approaching,D43,138,Eglinton East (138),"{'type': 'Point', 'coordinates': (-79.24239, 43.737945)}"
1046411,2008,00:00.0,1750,17,EGLINTON AVE W,GABIAN WAY,NULL,1,Etobicoke York,5,12,Mid-Block,NULL,No Control,Clear,Daylight,Dry,Non-Fatal Injury,Pedestrian Collisions,D12,110,Keelesdale-Eglinton West (110),"{'type': 'Point', 'coordinates': (-79.46579, 43.691845)}"
1046554,2008,00:00.0,552,5,633 SILVER STAR BLVD,NULL,NULL,2,Scarborough,22,42,Mid-Block,NULL,No Control,Clear,Daylight,Dry,Non-Fatal Injury,Pedestrian Collisions,D42,130,Milliken (130),"{'type': 'Point', 'coordinates': (-79.29879, 43.821245)}"
1050384,2008,00:00.0,437,4,DIXON Rd,ROYAL YORK Rd,NULL,1,Etobicoke York,NULL,23,Intersection,At Intersection,Traffic Signal,Clear,Dark,Dry,Non-Fatal Injury,SMV Other,D23,8,Humber Heights-Westmount (8),"{'type': 'Point', 'coordinates': (-79.53429000000001, 43.699845)}"
1047410,2008,00:00.0,1348,13,DON VALLEY PARKWAY  N,GERRARD ST E,NULL,NULL,Toronto and East York,14,55,Mid-Block,NULL,No Control,Clear,Daylight,Dry,Non-Fatal Injury,Pedestrian Collisions,D55,68,North Riverdale (68),"{'type': 'Point', 'coordinates': (-79.35709, 43.669145)}"
1053740,2008,00:00.0,2210,22,ANCONA ST,FINCH AVE W,NULL,1,North York,18,32,Intersection,At Intersection,Stop Sign,Clear,Dark,Dry,Non-Fatal Injury,Cyclist Collisions,D32,37,Willowdale West (37),"{'type': 'Point', 'coordinates': (-79.43879, 43.77454500000001)}"
1016912,2008,00:00.0,1810,18,FINCH AVE E,VICTORIA PARK AVE,NULL,1,North York,NULL,NULL,Intersection,NULL,Traffic Signal,Clear,Dark,Dry,Non-Fatal Injury,Pedestrian Collisions,D42,117,L'Amoreaux (117),"{'type': 'Point', 'coordinates': (-79.33139, 43.793145)}"
1050893,2008,00:00.0,1220,12,BLOOR Stre W,KEELE Stre,NULL,1,Toronto and East York,4,11,Mid-Block,NULL,No Control,Clear,Daylight,Dry,Non-Fatal Injury,Cyclist Collisions,D11,88,High Park North (88),"{'type': 'Point', 'coordinates': (-79.45949, 43.654845)}"
1035924,2008,00:00.0,738,7,ST CLAIR AVE E,JEANETTE ST,NULL,3,Scarborough,20,41,Intersection,At Intersection,Stop Sign,Clear,Daylight,Dry,Fatal,Pedestrian Collisions,D41,123,Cliffcrest (123),"{'type': 'Point', 'coordinates': (-79.24709, 43.719645)}"
1033955,2008,00:00.0,1422,14,EGLINTON AVE W,PEVERIL HILL  N,NULL,1,North York,NULL,13,Mid-Block,NULL,No Control,Clear,Daylight,Dry,Non-Fatal Injury,Pedestrian Collisions,D13,102,Forest Hill North (102),"{'type': 'Point', 'coordinates': (-79.42639, 43.700845)}"
1015580,2008,00:00.0,1957,19,DON VALLEY PARKWAY  N,PRINCE EDWARD VIADUCT Stre E,NULL,NULL,Toronto and East York,14,54,Mid-Block,NULL,No Control,Clear,Dark,Wet,Non-Fatal Injury,Sideswipe,D54,57,Broadview North (57),"{'type': 'Point', 'coordinates': (-79.36239, 43.681845)}"
1025521,2008,00:00.0,103,1,LAKE SHORE BLVD W,THIRTY FIFTH ST,NULL,1,Etobicoke York,3,22,Mid-Block,NULL,No Control,Rain,Dark,Wet,Non-Fatal Injury,SMV Other,D22,19,Long Branch (19),"{'type': 'Point', 'coordinates': (-79.53449, 43.594245)}"
1059312,2008,00:00.0,151,1,DANFORTH Aven,BASTEDO Aven,NULL,1,Toronto and East York,19,NULL,Intersection,NULL,No Control,Clear,Dark,Dry,Non-Fatal Injury,Sideswipe,D54,66,Danforth (66),"{'type': 'Point', 'coordinates': (-79.31919, 43.68434500000001)}"
1025897,2008,00:00.0,905,9,ONTARIO ST,RICHMOND ST E,NULL,4,Toronto and East York,13,51,Mid-Block,At Intersection,No Control,Clear,Daylight,Ice,Non-Fatal Injury,Pedestrian Collisions,D51,73,Moss Park (73),"{'type': 'Point', 'coordinates': (-79.36689, 43.654245)}"
1058854,2008,00:00.0,1825,18,ALBION RD,BEATTIE AVE,NULL,1,Etobicoke York,1,23,Intersection,NULL,No Control,Clear,Daylight,Dry,Non-Fatal Injury,Rear End,D23,5,Elms-Old Rexdale (5),"{'type': 'Point', 'coordinates': (-79.55079, 43.725345)}"
1047683,2008,00:00.0,2018,20,19 LYNDHURST CRT,NULL,NULL,4,Toronto and East York,12,13,Mid-Block,NULL,No Control,Clear,Dusk,Dry,Fatal,Pedestrian Collisions,D13,96,Casa Loma (96),"{'type': 'Point', 'coordinates': (-79.41219, 43.677645)}"
1052679,2008,00:00.0,316,3,ST CLARENS Aven,BLOOR Stre W,NULL,1,Toronto and East York,9,11,NULL,NULL,Stop Sign,Clear,Dark,Dry,Non-Fatal Injury,SMV Other,D11,83,Dufferin Grove (83),"{'type': 'Point', 'coordinates': (-79.44169, 43.658545)}"
1026057,2008,00:00.0,940,9,DON MILLS RD,SENECA HILL DR,NULL,1,North York,17,33,Intersection,At Intersection,Traffic Signal,Clear,Daylight,Dry,Non-Fatal Injury,Angle,D33,47,Don Valley Village (47),"{'type': 'Point', 'coordinates': (-79.35419, 43.790245)}"
1061921,2008,00:00.0,707,7,SHEPPARD AVE W,HAMMELL ST,NULL,1,North York,6,32,Intersection,NULL,No Control,Rain,Daylight,Wet,Non-Fatal Injury,Pedestrian Collisions,D32,34,Bathurst Manor (34),"{'type': 'Point', 'coordinates': (-79.44049, 43.755145)}"
1031488,2008,00:00.0,1915,19,LAKE SHORE BLVD W,BAY ST,NULL,1,Toronto and East York,10,52,Intersection,NULL,Traffic Signal,Clear,Dark,Dry,Non-Fatal Injury,Pedestrian Collisions,D52,77,Waterfront Communities-The Island (77),"{'type': 'Point', 'coordinates': (-79.37779, 43.643045)}"
1036979,2008,00:00.0,708,7,MARKHAM Road,STEELES,NULL,1,Scarborough,23,42,Mid-Block,NULL,No Control,Clear,Daylight,Dry,Non-Fatal Injury,Sideswipe,D42,131,Rouge (131),"{'type': 'Point', 'coordinates': (-79.25119, 43.836645)}"
1047910,2008,00:00.0,1337,13,DANFORTH AVE,COXWELL AVE,NULL,1,Toronto and East York,NULL,NULL,Intersection,At Intersection,Traffic Signal,Clear,Daylight,Dry,Fatal,Pedestrian Collisions,D55,64,Woodbine Corridor (64),"{'type': 'Point', 'coordinates': (-79.32359, 43.683345)}"
1016685,2008,00:00.0,1100,11,FOXLEY ST,FOXLEY PL W,NULL,4,Toronto and East York,10,14,Intersection,NULL,No Control,Clear,Daylight,Dry,Non-Fatal Injury,SMV Other,D14,81,Trinity-Bellwoods (81),"{'type': 'Point', 'coordinates': (-79.42089, 43.647645)}"
1058820,2008,00:00.0,2240,22,LESLIE ST,FINCH AVE E,NULL,1,North York,17,33,Mid-Block,NULL,No Control,Clear,Dark,Dry,Non-Fatal Injury,SMV Other,D33,47,Don Valley Village (47),"{'type': 'Point', 'coordinates': (-79.36789, 43.789345)}"
1064720,2008,00:00.0,1150,11,BLOOR ST W,OLD MILL DR,NULL,1,Toronto and East York,4,11,Intersection,NULL,No Control,Rain,Daylight,Wet,Non-Fatal Injury,Rear End,D11,87,High Park-Swansea (87),"{'type': 'Point', 'coordinates': (-79.48659, 43.647945)}"
1038469,2008,00:00.0,1550,15,MCCOWAN RD,CORPORATE DR,NULL,1,Scarborough,23,42,Mid-Block,NULL,No Control,Rain,Daylight,Wet,Non-Fatal Injury,Pedestrian Collisions,D42,128,Agincourt South-Malvern West (128),"{'type': 'Point', 'coordinates': (-79.25619, 43.784645000000005)}"
1017679,2008,00:00.0,1940,19,EVANS AVE,SHERWAY GT,NULL,1,Etobicoke York,3,22,Intersection,NULL,Traffic Signal,Clear,Dark,Dry,Non-Fatal Injury,Pedestrian Collisions,D22,14,Islington-City Centre West (14),"{'type': 'Point', 'coordinates': (-79.55639000000001, 43.608945)}"
1062115,2008,00:00.0,920,9,ST CLAIR AVE W,LAUGHTON AVE,NULL,1,Toronto and East York,9,NULL,Intersection,At Intersection,Traffic Signal,Clear,Daylight,Dry,Non-Fatal Injury,Pedestrian Collisions,D11,91,Weston-Pellam Park (91),"{'type': 'Point', 'coordinates': (-79.45759, 43.674745)}"
1062415,2008,00:00.0,1025,10,YONGE ST,BISHOP AVE,NULL,1,North York,18,32,Mid-Block,NULL,No Control,Clear,Daylight,Dry,Fatal,Pedestrian Collisions,D32,50,Newtonbrook East (50),"{'type': 'Point', 'coordinates': (-79.41639, 43.783245)}"
1062444,2008,00:00.0,2038,20,FINCH Ave W,DUFFERIN St,NULL,1,North York,6,32,Mid-Block,NULL,No Control,Rain,Dark,Wet,Non-Fatal Injury,Pedestrian Collisions,D32,27,York University Heights (27),"{'type': 'Point', 'coordinates': (-79.46989, 43.768145)}"
1065860,2008,00:00.0,641,6,BLOOR ST W,WINDERMERE AVE,NULL,1,Toronto and East York,4,11,Intersection,At Intersection,Traffic Signal,Clear,Dawn,Dry,Non-Fatal Injury,Pedestrian Collisions,D11,89,Runnymede-Bloor West Village (89),"{'type': 'Point', 'coordinates': (-79.48049, 43.650245)}"
1062626,2008,00:00.0,2327,23,F G GARDINER XY  E,ELLIS AVE,NULL,NULL,Toronto and East York,4,11,Mid-Block,NULL,No Control,Clear,Dark,Dry,Fatal,Rear End,D11,85,South Parkdale (85),"{'type': 'Point', 'coordinates': (-79.466892, 43.636344)}"
1062738,2008,00:00.0,338,3,SPADINA AVE,OXFORD ST,NULL,1,Toronto and East York,11,NULL,Intersection,NULL,No Control,Clear,Dark,Dry,Non-Fatal Injury,Pedestrian Collisions,D14,78,Kensington-Chinatown (78),"{'type': 'Point', 'coordinates': (-79.39959, 43.656745)}"
1064595,2008,00:00.0,1445,14,KIPLING Aven,BROOKMERE Road,NULL,1,Etobicoke York,1,23,Intersection,At Intersection,Traffic Signal,Clear,Daylight,Dry,Non-Fatal Injury,Cyclist Collisions,D23,4,Rexdale-Kipling (4),"{'type': 'Point', 'coordinates': (-79.57469, 43.728145)}"
1062955,2008,00:00.0,1428,14,MARTIN GROVE RD,ALBION RD,NULL,3,Etobicoke York,1,23,Mid-Block,Non Intersection,No Control,Clear,Daylight,Dry,Non-Fatal Injury,SMV Other,D23,2,Mount Olive-Silverstone-Jamestown (2),"{'type': 'Point', 'coordinates': (-79.594417, 43.742369)}"
1070741,2008,00:00.0,700,7,71 MAYBROOK Dr,NULL,NULL,2,Scarborough,23,42,Mid-Block,NULL,No Control,Clear,Daylight,Dry,Non-Fatal Injury,Turning Movement,D42,130,Milliken (130),"{'type': 'Point', 'coordinates': (-79.26099, 43.82484500000001)}"
1063149,2008,00:00.0,2230,22,MARKHAM RD,TUXEDO CRT,NULL,1,Scarborough,24,43,Mid-Block,NULL,No Control,Clear,Dark,Dry,Non-Fatal Injury,Turning Movement,D43,137,Woburn (137),"{'type': 'Point', 'coordinates': (-79.233592, 43.780944)}"
1064016,2008,00:00.0,1600,16,ELIZABETH Stre,GERRARD Stre W,NULL,3,Toronto and East York,11,52,NULL,NULL,No Control,Rain,Daylight,Wet,Non-Fatal Injury,Approaching,D52,76,Bay Street Corridor (76),"{'type': 'Point', 'coordinates': (-79.38639, 43.658145)}"
1066823,2008,00:00.0,1013,10,DIXON RD,KIPLING AVE,NULL,1,Etobicoke York,NULL,23,Intersection,NULL,Traffic Signal,Clear,Daylight,Dry,Non-Fatal Injury,Turning Movement,D23,6,Kingsview Village-The Westway (6),"{'type': 'Point', 'coordinates': (-79.55859, 43.694245)}"
1063951,2008,00:00.0,145,1,EGLINTON Ave E,MIDLAND Ave,NULL,1,Scarborough,NULL,41,Intersection,At Intersection,Traffic Signal,Clear,Dark,Dry,Non-Fatal Injury,Angle,D41,138,Eglinton East (138),"{'type': 'Point', 'coordinates': (-79.25809, 43.734545)}"
1065334,2008,00:00.0,2207,22,KIPLING AVE,BURNHAMTHORPE RD,NULL,1,Etobicoke York,NULL,22,Intersection,At Intersection,Traffic Signal,Clear,Dark,Dry,Non-Fatal Injury,Pedestrian Collisions,D22,14,Islington-City Centre West (14),"{'type': 'Point', 'coordinates': (-79.53939, 43.650945)}"
1064702,2008,00:00.0,1150,11,LAWRENCE AVE E,MIDLAND AVE,NULL,1,Scarborough,21,41,Intersection,At Intersection,Traffic Signal,Other,Daylight,Dry,Non-Fatal Injury,Pedestrian Collisions,D41,127,Bendale (127),"{'type': 'Point', 'coordinates': (-79.26509, 43.751545)}"
1068411,2008,00:00.0,1748,17,YONGE ST,CHURCHILL AVE,NULL,1,North York,18,32,Mid-Block,At Intersection,No Control,Clear,Daylight,Dry,Non-Fatal Injury,Cyclist Collisions,D32,51,Willowdale East (51),"{'type': 'Point', 'coordinates': (-79.41409, 43.774145)}"
1068386,2008,00:00.0,1905,19,BIRCHMOUNT RD,ALLANFORD RD,NULL,1,Scarborough,22,42,Intersection,At Intersection,Traffic Signal,Clear,Dark,Dry,Non-Fatal Injury,Pedestrian Collisions,D42,118,Tam O'Shanter-Sullivan (118),"{'type': 'Point', 'coordinates': (-79.29509, 43.77424500000001)}"
1068648,2008,00:00.0,1219,12,KINGSTON RD,GALLOWAY RD,NULL,1,Scarborough,24,43,Intersection,At Intersection,Traffic Signal,Clear,Daylight,Dry,Non-Fatal Injury,Angle,D43,136,West Hill (136),"{'type': 'Point', 'coordinates': (-79.19469, 43.762045)}"
1064977,2008,00:00.0,1755,17,LUMSDEN AVE,GLEDHILL AVE,NULL,3,Toronto and East York,19,54,Intersection,At Intersection,Pedestrian Crossover,Clear,Daylight,Dry,Fatal,Pedestrian Collisions,D54,60,Woodbine-Lumsden (60),"{'type': 'Point', 'coordinates': (-79.31159, 43.693645)}"
1064978,2008,00:00.0,1956,19,KEELE ST,VICTORY DR,NULL,1,North York,6,31,Intersection,NULL,No Control,Clear,Dark,Dry,Non-Fatal Injury,Pedestrian Collisions,D31,26,Downsview-Roding-CFB (26),"{'type': 'Point', 'coordinates': (-79.48249, 43.728545)}"
1065056,2008,00:00.0,915,9,STEELES AVE E,WILLOWDALE AVE,NULL,1,North York,18,32,Intersection,NULL,Traffic Signal,Clear,Daylight,Other,Non-Fatal Injury,Pedestrian Collisions,D32,50,Newtonbrook East (50),"{'type': 'Point', 'coordinates': (-79.41449, 43.799245)}"
1065135,2008,00:00.0,1315,13,BAYVIEW BLOOR S RAMP N,BLOOR RAMP,NULL,NULL,Toronto and East York,11,53,Mid-Block,NULL,No Control,Clear,Daylight,Dry,Fatal,Approaching,D53,98,Rosedale-Moore Park (98),"{'type': 'Point', 'coordinates': (-79.36889, 43.678245)}"
1069132,2008,00:00.0,1500,15,STEELES AVE E,FENTON RD,NULL,1,Scarborough,23,42,Intersection,At Intersection,Traffic Signal,Clear,Daylight,Dry,Non-Fatal Injury,Cyclist Collisions,D42,130,Milliken (130),"{'type': 'Point', 'coordinates': (-79.29169, 43.827245)}"
1065143,2008,00:00.0,220,2,BATHURST ST,MELROSE AVE,NULL,1,North York,8,32,Intersection,NULL,No Control,Clear,Dark,Dry,Non-Fatal Injury,Pedestrian Collisions,D32,39,Bedford Park-Nortown (39),"{'type': 'Point', 'coordinates': (-79.43159, 43.727345)}"
1065141,2008,00:00.0,850,8,MCCOWAN RD,401 C E MCCOWAN RD RAMP,NULL,1,Scarborough,NULL,43,Intersection,At Intersection,Traffic Signal,Clear,Daylight,Dry,Non-Fatal Injury,Pedestrian Collisions,D43,137,Woburn (137),"{'type': 'Point', 'coordinates': (-79.25419, 43.779545)}"
1069209,2008,00:00.0,400,4,JANE ST,SHEPPARD AVE W,NULL,1,Etobicoke York,NULL,31,Intersection,At Intersection,Traffic Signal,Rain,Dark,Wet,Non-Fatal Injury,SMV Other,D31,25,Glenfield-Jane Heights (25),"{'type': 'Point', 'coordinates': (-79.51319, 43.739345)}"
1065595,2008,00:00.0,545,5,HIGHWAY 27 Ramp S,27 S DIXON W RAMP,NULL,1,Etobicoke York,1,23,Mid-Block,NULL,No Control,Clear,Dark,Dry,Fatal,SMV Other,D23,1,West Humber-Clairville (1),"{'type': 'Point', 'coordinates': (-79.58279, 43.690045)}"
1069392,2008,00:00.0,1520,15,GRENVIEW BLVD S,MEADOWVALE DR,NULL,4,Etobicoke York,3,22,Intersection,NULL,No Control,Clear,Daylight,Dry,Non-Fatal Injury,Pedestrian Collisions,D22,16,Stonegate-Queensway (16),"{'type': 'Point', 'coordinates': (-79.50729, 43.646445)}"
1065571,2008,00:00.0,231,2,BLOOR ST W,WILLARD AVE,NULL,1,Toronto and East York,4,11,Intersection,At Intersection,No Control,Clear,Dark,Dry,Non-Fatal Injury,SMV Other,D11,89,Runnymede-Bloor West Village (89),"{'type': 'Point', 'coordinates': (-79.48179, 43.64994500000001)}"
1069547,2008,00:00.0,1927,19,COXWELL AVE,COSBURN AVE,NULL,3,Toronto and East York,NULL,54,Intersection,At Intersection,Traffic Signal,Clear,Dark,Dry,Non-Fatal Injury,Cyclist Collisions,D54,58,Old East York (58),"{'type': 'Point', 'coordinates': (-79.32799, 43.694145)}"
1069502,2008,00:00.0,1448,14,KEELE ST,STEELES AVE W,NULL,1,Etobicoke York,NULL,31,Intersection,At Intersection,Traffic Signal,Clear,Daylight,Dry,Non-Fatal Injury,Pedestrian Collisions,D31,27,York University Heights (27),"{'type': 'Point', 'coordinates': (-79.49449, 43.781545)}"
1066104,2008,00:00.0,1940,19,BRENTCLIFFE RD,WICKSTEED AVE,NULL,3,North York,15,53,Intersection,At Intersection,Traffic Signal,Clear,Dark,Dry,Non-Fatal Injury,Pedestrian Collisions,D53,55,Thorncliffe Park (55),"{'type': 'Point', 'coordinates': (-79.35849, 43.711445)}"
1066274,2008,00:00.0,2235,22,EGLINTON AVE E,SWIFT DR,NULL,1,North York,16,NULL,Intersection,At Intersection,Traffic Signal,Rain,Dark,Wet,Fatal,Pedestrian Collisions,D54,43,Victoria Village (43),"{'type': 'Point', 'coordinates': (-79.31829, 43.726145)}"
1066390,2008,00:00.0,2329,23,DENISON RD E,JANE ST,NULL,2,Etobicoke York,5,12,Mid-Block,NULL,Traffic Gate,Clear,Dark,Dry,Fatal,Pedestrian Collisions,D12,113,Weston (113),"{'type': 'Point', 'coordinates': (-79.50589, 43.696745)}"
1026032,2008,00:00.0,1245,12,DIXON RD,MARTIN GROVE RD,NULL,1,Etobicoke York,NULL,23,Intersection,At Intersection,Traffic Signal,Clear,Daylight,Dry,Non-Fatal Injury,Angle,D23,1,West Humber-Clairville (1),"{'type': 'Point', 'coordinates': (-79.57079, 43.691545)}"
1032022,2008,00:00.0,1743,17,43 MILNER AVE,NULL,NULL,3,Scarborough,23,42,Mid-Block,NULL,No Control,Clear,Daylight,Dry,Non-Fatal Injury,Turning Movement,D42,128,Agincourt South-Malvern West (128),"{'type': 'Point', 'coordinates': (-79.25389, 43.785345)}"
1023187,2008,00:00.0,2132,21,BATHURST ST,CARPENTER RD,NULL,1,North York,NULL,32,Mid-Block,NULL,No Control,Clear,Dark,Dry,Fatal,Approaching,D32,36,Newtonbrook West (36),"{'type': 'Point', 'coordinates': (-79.44669, 43.788245)}"
1036238,2008,00:00.0,245,2,HUNTINGDALE BLVD,HEATHERSIDE DR,NULL,2,Scarborough,22,42,Mid-Block,NULL,No Control,"Fog, Mist, Smoke, Dust",Dark,Wet,Fatal,SMV Other,D42,117,L'Amoreaux (117),"{'type': 'Point', 'coordinates': (-79.32309, 43.796545)}"
1052382,2008,00:00.0,1035,10,BALLIOL ST,MOUNT PLEASANT RD,NULL,1,North York,NULL,53,Intersection,At Intersection,Stop Sign,Clear,Daylight,Dry,Fatal,Pedestrian Collisions,D53,99,Mount Pleasant East (99),"{'type': 'Point', 'coordinates': (-79.38669, 43.699245)}"
1017926,2008,00:00.0,807,8,BLOOR ST W,QUEBEC AVE,NULL,1,Toronto and East York,4,11,Mid-Block,NULL,No Control,Snow,Daylight,Loose Snow,Non-Fatal Injury,Rear End,D11,87,High Park-Swansea (87),"{'type': 'Point', 'coordinates': (-79.46639, 43.653245)}"
1055967,2008,00:00.0,1027,10,VICTORIA PARK AVE,CASSANDRA BLVD,NULL,1,North York,NULL,NULL,Intersection,NULL,Traffic Signal,Clear,Daylight,Dry,Non-Fatal Injury,Pedestrian Collisions,D41,119,Wexford/Maryvale (119),"{'type': 'Point', 'coordinates': (-79.31399, 43.754345)}"
1040168,2008,00:00.0,2320,23,DUFFERIN Stre,LAWRENCE Aven W,NULL,1,North York,8,32,Mid-Block,At Intersection,No Control,Clear,Dark,Dry,Non-Fatal Injury,Sideswipe,D32,31,Yorkdale-Glen Park (31),"{'type': 'Point', 'coordinates': (-79.45479, 43.714545)}"
1064139,2008,00:00.0,2110,21,WILMINGTON AVE,EVANSTON DR,NULL,3,North York,6,32,Intersection,NULL,No Control,Clear,Dark,Dry,Non-Fatal Injury,Approaching,D32,34,Bathurst Manor (34),"{'type': 'Point', 'coordinates': (-79.45899000000001, 43.766045)}"
1032200,2008,00:00.0,1645,16,MARKHAM Rd,SHEPPARD Ave E,NULL,1,Scarborough,23,42,Intersection,At Intersection,Traffic Signal,Clear,Daylight,Dry,Non-Fatal Injury,Pedestrian Collisions,D42,132,Malvern (132),"{'type': 'Point', 'coordinates': (-79.23879, 43.793845)}"
1059152,2008,00:00.0,1445,14,185 CARLINGVIEW Driv,NULL,NULL,1,Etobicoke York,1,23,Mid-Block,NULL,No Control,Clear,Daylight,Dry,Non-Fatal Injury,Rear End,D23,1,West Humber-Clairville (1),"{'type': 'Point', 'coordinates': (-79.59469, 43.684845)}"
1032373,2008,00:00.0,1200,12,CARLTON St,JARVIS St,NULL,1,Toronto and East York,13,51,Intersection,At Intersection,Traffic Signal,Clear,Daylight,Dry,Non-Fatal Injury,Pedestrian Collisions,D51,71,Cabbagetown-South St.James Town (71),"{'type': 'Point', 'coordinates': (-79.37669, 43.662445)}"
1036520,2008,00:00.0,1105,11,GRANDRAVINE DR,SENTINEL RD,NULL,2,Etobicoke York,NULL,31,Intersection,At Intersection,Stop Sign,Clear,Daylight,Dry,Non-Fatal Injury,Pedestrian Collisions,D31,27,York University Heights (27),"{'type': 'Point', 'coordinates': (-79.49559, 43.751645)}"
1051205,2008,00:00.0,1935,19,DON MILLS RD,GEORGE HENRY BLVD,NULL,1,North York,17,33,Intersection,At Intersection,Stop Sign,Clear,Dusk,Dry,Non-Fatal Injury,Pedestrian Collisions,D33,53,Henry Farm (53),"{'type': 'Point', 'coordinates': (-79.34649, 43.773445)}"
1059416,2008,00:00.0,1900,19,ALBION RD,INDIAN LINE Aven W,NULL,1,Etobicoke York,1,23,Mid-Block,NULL,No Control,Clear,Daylight,Dry,Non-Fatal Injury,Rear End,D23,1,West Humber-Clairville (1),"{'type': 'Point', 'coordinates': (-79.63839, 43.749045)}"
1016775,2008,00:00.0,645,6,MARTIN GROVE RD,STEELES AVE W,NULL,1,Etobicoke York,1,23,Intersection,At Intersection,Traffic Signal,Clear,Dark,Dry,Non-Fatal Injury,Pedestrian Collisions,D23,2,Mount Olive-Silverstone-Jamestown (2),"{'type': 'Point', 'coordinates': (-79.60339, 43.757845)}"
1056407,2008,00:00.0,1945,19,1420 VICTORIA PARK AVE,NULL,NULL,1,North York,NULL,NULL,Mid-Block,NULL,No Control,Clear,Daylight,Dry,Non-Fatal Injury,Pedestrian Collisions,D41,120,Clairlea-Birchmount (120),"{'type': 'Point', 'coordinates': (-79.30119, 43.721245)}"