ACCNUM,YEAR,DATE,TIME,HOUR,STREET1,STREET2,OFFSET,ROAD_CLASS,DISTRICT,WARDNUM,DIVISION,LOCCOORD,ACCLOC,TRAFFCTL,VISIBILITY,LIGHT,RDSFCOND,ACCLASS,IMPACTYPE,POLICE_DIVISION,HOOD_ID,NEIGHBOURHOOD,geometry
1053906,2008,00:00.0,2045,20,ST CLAIR Aven W,FORD Stre,NULL,1,Toronto and East York,9,NULL,Intersection,At Intersection,No Control,Clear,Dark,Dry,Non-Fatal Injury,Sideswipe,D11,91,Weston-Pellam Park (91),"{'type': 'Point', 'coordinates': (-79.46249, 43.67364500000001)}"
6000171366,2016,00:00.0,1225,12,3434 LAWRENCE AVE E,NULL,NULL,1,Scarborough,24,43,Intersection,At Intersection,Traffic Signal,Clear,Daylight,Dry,Non-Fatal Injury,Sideswipe,D43,137,Woburn (137),"{'type': 'Point', 'coordinates': (-79.230434, 43.758658)}"
6000179020,2016,00:00.0,1753,17,DUFFERIN ST,ARMSTRONG AVE,NULL,1,Toronto and East York,9,NULL,Intersection,NULL,No Control,Clear,"Dark, artificial",Dry,Fatal,Pedestrian Collisions,D14,93,Dovercourt-Wallace Emerson-Junction (93),"{'type': 'Point', 'coordinates': (-79.437427, 43.664706)}"
6000186933,2016,00:00.0,320,3,KENNEDY RD,NORCAP AVE,16 m North of,1,Scarborough,22,42,Intersection,Non Intersection,No Control,Clear,"Dark, artificial",Wet,Non-Fatal Injury,Approaching,D42,117,L'Amoreaux (117),"{'type': 'Point', 'coordinates': (-79.294345, 43.797198)}"
6000188538,2016,00:00.0,1033,10,BIRMINGHAM ST,TWENTY FIRST ST,NULL,2,Etobicoke York,3,22,Intersection,NULL,Pedestrian Crossover,Clear,Daylight,Dry,Fatal,Sideswipe,D22,18,New Toronto (18),"{'type': 'Point', 'coordinates': (-79.521175, 43.599963)}"
6000197047,2016,00:00.0,1616,16,JANE ST,GRANDRAVINE DR,NULL,1,Etobicoke York,7,31,Intersection,At Intersection,Traffic Signal,Clear,Daylight,Dry,Non-Fatal Injury,Pedestrian Collisions,D31,25,Glenfield-Jane Heights (25),"{'type': 'Point', 'coordinates': (-79.515086, 43.747023)}"
6000218872,2016,00:00.0,233,2,163 WINCOTT DR,NULL,39 m South of,2,Etobicoke York,2,23,Mid-Block,Non Intersection,No Control,Clear,"Dark, artificial",Dry,Non-Fatal Injury,SMV Other,D23,7,Willowridge-Martingrove-Richview (7),"{'type': 'Point', 'coordinates': (-79.549037, 43.68616)}"
6000219266,2016,00:00.0,500,5,DUNDAS ST W,ANNETTE ST,13 m North of,3,Toronto and East York,4,11,Mid-Block,At/Near Private Drive,No Control,Clear,"Dawn, artificial",Dry,Non-Fatal Injury,SMV Other,D11,90,Junction Area (90),"{'type': 'Point', 'coordinates': (-79.458019, 43.663989)}"
6000243323,2016,00:00.0,954,9,WEDGEWOOD DR,TOBRUK CRES,NULL,4,North York,18,32,Intersection,NULL,Stop Sign,Clear,Daylight,Wet,Fatal,Pedestrian Collisions,D32,50,Newtonbrook East (50),"{'type': 'Point', 'coordinates': (-79.413997, 43.789603)}"
6000261829,2016,00:00.0,1018,10,FINCH AVE W,TOBERMORY DR,450 m East of,1,Etobicoke York,7,31,Mid-Block,Non Intersection,No Control,Clear,Daylight,Dry,Fatal,Pedestrian Collisions,D31,27,York University Heights (27),"{'type': 'Point', 'coordinates': (-79.503604, 43.760237)}"
6000291466,2016,00:00.0,1315,13,DAWES RD,SECORD AVE,NULL,3,Toronto and East York,19,54,Intersection,At Intersection,Traffic Signal,Clear,Daylight,Dry,Fatal,Pedestrian Collisions,D54,61,Taylor-Massey (61),"{'type': 'Point', 'coordinates': (-79.297221, 43.69353000000001)}"
6000294353,2016,00:00.0,2230,22,MACDONELL AVE,LN n QUEEEN E FULLER,1 m South of,4,Toronto and East York,4,11,Intersection,At Intersection,No Control,Clear,Dark,Dry,Fatal,Pedestrian Collisions,D11,86,Roncesvalles (86),"{'type': 'Point', 'coordinates': (-79.438091, 43.640776)}"
6000304875,2016,00:00.0,1717,17,CONFEDERATION DR,STEVENWOOD RD,NULL,2,Scarborough,24,43,Intersection,At Intersection,No Control,Clear,Daylight,Dry,Non-Fatal Injury,Cyclist Collisions,D43,137,Woburn (137),"{'type': 'Point', 'coordinates': (-79.221088, 43.75535500000001)}"
6000307200,2016,00:00.0,147,1,THE QUEENSWAY K,KIPLING AVE,81 m West of,1,Etobicoke York,3,22,Mid-Block,At/Near Private Drive,No Control,Clear,"Dark, artificial",Dry,Non-Fatal Injury,Pedestrian Collisions,D22,14,Islington-City Centre West (14),"{'type': 'Point', 'coordinates': (-79.527904, 43.620642)}"
6000310754,2016,00:00.0,1730,17,1330 MARTIN GROVE RD,NULL,11 m West of,1,Etobicoke York,1,23,Mid-Block,At/Near Private Drive,No Control,Clear,Daylight,Dry,Non-Fatal Injury,Pedestrian Collisions,D23,1,West Humber-Clairville (1),"{'type': 'Point', 'coordinates': (-79.579601, 43.710601)}"
6000324191,2016,00:00.0,2146,21,OSSINGTON AVE,COLLEGE ST,67 m South of,3,Toronto and East York,NULL,14,Mid-Block,Non Intersection,No Control,Clear,"Dark, artificial",Dry,Non-Fatal Injury,Pedestrian Collisions,D14,81,Trinity-Bellwoods (81),"{'type': 'Point', 'coordinates': (-79.422458, 43.653796)}"
6000332112,2016,00:00.0,912,9,FINCH AVE E,DON MILLS RD,NULL,1,North York,17,33,Intersection,At Intersection,Traffic Signal,Freezing Rain,Daylight,Wet,Non-Fatal Injury,Pedestrian Collisions,D33,47,Don Valley Village (47),"{'type': 'Point', 'coordinates': (-79.354694, 43.79259)}"
6000334615,2016,00:00.0,1625,16,AVIEMORE DR,GRAMPIAN CRES,99 m South of,4,Etobicoke York,7,31,Mid-Block,Non Intersection,No Control,Clear,Daylight,Dry,Non-Fatal Injury,Pedestrian Collisions,D31,21,Humber Summit (21),"{'type': 'Point', 'coordinates': (-79.570171, 43.750346)}"
6000353935,2016,00:00.0,2240,22,LAWRENCE AVE E,CARNFORTH RD,NULL,1,North York,16,33,Intersection,At Intersection,Traffic Signal,Rain,"Dark, artificial",Wet,Non-Fatal Injury,Turning Movement,D33,43,Victoria Village (43),"{'type': 'Point', 'coordinates': (-79.314204, 43.741427)}"
6000365779,2016,00:00.0,1930,19,COSBURN AVE,PAPE AVE,3 m East of,3,Toronto and East York,14,54,Mid-Block,Non Intersection,No Control,Clear,"Dark, artificial",Dry,Non-Fatal Injury,Pedestrian Collisions,D54,59,Danforth East York (59),"{'type': 'Point', 'coordinates': (-79.348338, 43.689437)}"
6000359502,2016,00:00.0,1939,19,137 QUEEN S PLATE  DR,NULL,1 m North of,2,Etobicoke York,1,23,Mid-Block,Non Intersection,No Control,Clear,Dusk,Dry,Non-Fatal Injury,Pedestrian Collisions,D23,1,West Humber-Clairville (1),"{'type': 'Point', 'coordinates': (-79.592593, 43.717261)}"
6000362720,2016,00:00.0,1117,11,BATHURST ST,NINA ST,NULL,1,Toronto and East York,12,13,Intersection,Intersection Related,Traffic Signal,Snow,Daylight,Loose Snow,Non-Fatal Injury,Pedestrian Collisions,D13,96,Casa Loma (96),"{'type': 'Point', 'coordinates': (-79.416972, 43.679812)}"
6000375289,2016,00:00.0,1255,12,GORDON BAKER RD,FINCH AVE E,11 m West of,1,North York,17,33,Intersection,Intersection Related,Traffic Signal,Clear,Daylight,Dry,Non-Fatal Injury,Approaching,D33,46,Pleasant View (46),"{'type': 'Point', 'coordinates': (-79.341251, 43.795138)}"
6000381883,2016,00:00.0,1411,14,JARVIS ST,QUEEN ST E,NULL,1,Toronto and East York,13,51,Intersection,Intersection Related,Traffic Signal,Clear,Daylight,Dry,Fatal,Pedestrian Collisions,D51,73,Moss Park (73),"{'type': 'Point', 'coordinates': (-79.373241, 43.65372)}"
6000408814,2016,00:00.0,2106,21,EGLINTON AVE W,BATHURST ST,NULL,1,North York,NULL,NULL,Intersection,Intersection Related,Traffic Signal,Clear,Daylight,Dry,Non-Fatal Injury,Pedestrian Collisions,D13,102,Forest Hill North (102),"{'type': 'Point', 'coordinates': (-79.425548, 43.700984000000005)}"
6000411466,2016,00:00.0,1014,10,JOHN GARLAND BLVD,MARTIN GROVE RD,3 m East of,1,Etobicoke York,1,23,Intersection,At Intersection,Traffic Signal,Clear,Daylight,Dry,Non-Fatal Injury,Pedestrian Collisions,D23,2,Mount Olive-Silverstone-Jamestown (2),"{'type': 'Point', 'coordinates': (-79.589404, 43.732012)}"
6000414700,2016,00:00.0,1835,18,STEELES AVE W,ISLINGTON AVE,NULL,1,Etobicoke York,7,31,Mid-Block,NULL,No Control,Clear,Daylight,Dry,Fatal,Rear End,D31,21,Humber Summit (21),"{'type': 'Point', 'coordinates': (-79.573322, 43.764662)}"
6000424606,2016,00:00.0,1037,10,ALBION RD,HIGHWAY 27  N,NULL,1,Etobicoke York,1,23,Intersection,At Intersection,Traffic Signal,Clear,Daylight,Dry,Non-Fatal Injury,Turning Movement,D23,1,West Humber-Clairville (1),"{'type': 'Point', 'coordinates': (-79.607539, 43.744273)}"
6000434518,2016,00:00.0,2235,22,YONGE ST,EGLINTON AVE E,NULL,1,North York,NULL,53,Intersection,At Intersection,Traffic Signal,Clear,"Dark, artificial",Dry,Non-Fatal Injury,Pedestrian Collisions,D53,104,Mount Pleasant West (104),"{'type': 'Point', 'coordinates': (-79.398357, 43.706721)}"
6000436156,2016,00:00.0,856,8,KING ST W,CLOSE AVE,18 m West of,1,Toronto and East York,4,14,Mid-Block,Non Intersection,No Control,Clear,Daylight,Dry,Non-Fatal Injury,Pedestrian Collisions,D14,85,South Parkdale (85),"{'type': 'Point', 'coordinates': (-79.434772, 43.637435)}"
6000440482,2016,00:00.0,300,3,SHEPPARD AVE W,WESTON RD,2 m West of,1,Etobicoke York,7,31,Intersection,Intersection Related,Traffic Signal,Rain,"Dark, artificial",Wet,Non-Fatal Injury,SMV Other,D31,23,Pelmo Park-Humberlea (23),"{'type': 'Point', 'coordinates': (-79.538211, 43.733737000000005)}"
6000444329,2016,00:00.0,1739,17,PAPE AVE,CANNING AVE,40 m North of,1,Toronto and East York,14,54,Mid-Block,Non Intersection,No Control,Clear,Dusk,Wet,Non-Fatal Injury,Pedestrian Collisions,D54,59,Danforth East York (59),"{'type': 'Point', 'coordinates': (-79.346278, 43.682749)}"
6001573551,2016,00:00.0,220,2,MOUNT PLEASANT RD,ROXBOROUGH DR,NULL,1,Toronto and East York,11,53,Intersection,At Intersection,No Control,Clear,Dark,Dry,Fatal,SMV Other,D53,98,Rosedale-Moore Park (98),"{'type': 'Point', 'coordinates': (-79.382404, 43.680724)}"
6001576323,2016,00:00.0,1600,16,KINGSTON RD,FALLINGBROOK RD,NULL,1,Scarborough,20,41,Intersection,At Intersection,Traffic Signal,Clear,Daylight,Dry,Non-Fatal Injury,Turning Movement,D41,122,Birchcliffe-Cliffside (122),"{'type': 'Point', 'coordinates': (-79.279201, 43.682185)}"
6001582808,2016,00:00.0,1643,16,HULLRICK DR,CINRICKBAR DR,NULL,4,Etobicoke York,1,23,Intersection,At Intersection,Stop Sign,Clear,Daylight,Dry,Non-Fatal Injury,Angle,D23,1,West Humber-Clairville (1),"{'type': 'Point', 'coordinates': (-79.620067, 43.722979)}"
6001577121,2016,00:00.0,1913,19,CARLTON ST,SEATON ST,37 m East of,3,Toronto and East York,13,51,Intersection,Intersection Related,No Control,Clear,Daylight,Dry,Non-Fatal Injury,Cyclist Collisions,D51,73,Moss Park (73),"{'type': 'Point', 'coordinates': (-79.37147800000001, 43.663439)}"
6001719331,2016,00:00.0,2040,20,1058 GERRARD ST E,NULL,5 m South of,3,Toronto and East York,14,55,Mid-Block,Non Intersection,No Control,Clear,"Dark, artificial",Dry,Non-Fatal Injury,Pedestrian Collisions,D55,70,South Riverdale (70),"{'type': 'Point', 'coordinates': (-79.336017, 43.669036)}"
6001585257,2016,00:00.0,28,0,DANFORTH RD,BARRYMORE RD,18 m North of,1,Scarborough,21,43,Mid-Block,Non Intersection,No Control,Clear,"Dark, artificial",Dry,Non-Fatal Injury,Pedestrian Collisions,D43,127,Bendale (127),"{'type': 'Point', 'coordinates': (-79.24440300000002, 43.750331)}"
6001592206,2016,00:00.0,37,0,MELFORD DR,TAPSCOTT RD,80 m West of,2,Scarborough,23,42,Mid-Block,Non Intersection,No Control,Rain,"Dark, artificial",Wet,Non-Fatal Injury,SMV Unattended Vehicle,D42,132,Malvern (132),"{'type': 'Point', 'coordinates': (-79.236697, 43.810794)}"
6001599913,2016,00:00.0,610,6,VICTORIA PARK AVE,HUNTINGWOOD DR,100 m South of,1,North York,NULL,NULL,Mid-Block,Non Intersection,No Control,Clear,"Dark, artificial",Dry,Non-Fatal Injury,SMV Other,D42,117,L'Amoreaux (117),"{'type': 'Point', 'coordinates': (-79.324985, 43.779479)}"
6001603750,2016,00:00.0,1733,17,LAUDER AVE,AMHERST AVE,100 m North of,4,Toronto and East York,12,13,Mid-Block,Non Intersection,No Control,Clear,"Dark, artificial",Dry,Non-Fatal Injury,Pedestrian Collisions,D13,107,Oakwood Village (107),"{'type': 'Point', 'coordinates': (-79.444896, 43.691344)}"
6001605609,2016,00:00.0,2305,23,BATHURST ST,COCKSFIELD AVE,20 m South of,1,North York,6,32,Mid-Block,Non Intersection,No Control,Clear,"Dark, artificial",Dry,Non-Fatal Injury,Pedestrian Collisions,D32,34,Bathurst Manor (34),"{'type': 'Point', 'coordinates': (-79.438747, 43.75672)}"
6001612832,2016,00:00.0,230,2,JARVIS ST,GERRARD ST E,NULL,1,Toronto and East York,13,51,Intersection,At Intersection,Traffic Signal,Clear,Dark,Dry,Non-Fatal Injury,Turning Movement,D51,73,Moss Park (73),"{'type': 'Point', 'coordinates': (-79.375858, 43.660365)}"
6001622859,2016,00:00.0,1651,16,SHEPPARD AVE E,VANDORF ST,1 m East of,3,Scarborough,25,42,Mid-Block,Non Intersection,No Control,Clear,Daylight,Dry,Non-Fatal Injury,Rear End,D42,131,Rouge (131),"{'type': 'Point', 'coordinates': (-79.154285, 43.802382)}"
6001623474,2016,00:00.0,1830,18,HAVENBROOK BLVD,DON MILLS RD,NULL,1,North York,17,33,Intersection,At Intersection,Traffic Signal,Clear,Daylight,Dry,Non-Fatal Injury,Pedestrian Collisions,D33,53,Henry Farm (53),"{'type': 'Point', 'coordinates': (-79.346492, 43.769499)}"
6001643828,2016,00:00.0,1927,19,OSSINGTON AVE,ACORES AVE,40 m South of,3,Toronto and East York,NULL,NULL,Mid-Block,Non Intersection,No Control,Clear,Daylight,Dry,Non-Fatal Injury,Sideswipe,D13,94,Wychwood (94),"{'type': 'Point', 'coordinates': (-79.429454, 43.671096)}"
6001647391,2016,00:00.0,1047,10,SHEPPARD AV E,PALMDALE DR,NULL,1,Scarborough,22,42,Intersection,Intersection Related,No Control,Clear,Daylight,Dry,Non-Fatal Injury,Cyclist Collisions,D42,118,Tam O'Shanter-Sullivan (118),"{'type': 'Point', 'coordinates': (-79.31116, 43.777972000000005)}"
6001648005,2016,00:00.0,1242,12,110 ST REGIS CRES,NULL,NULL,4,North York,6,31,Mid-Block,At/Near Private Drive,No Control,Clear,Daylight,Dry,Fatal,Pedestrian Collisions,D31,27,York University Heights (27),"{'type': 'Point', 'coordinates': (-79.482974, 43.754729)}"
6001650762,2016,00:00.0,1955,19,BROWNS LINE,WOODBURY RD,12 m East of,1,Etobicoke York,3,22,Mid-Block,At Intersection,Pedestrian Crossover,Clear,Dark,Dry,Non-Fatal Injury,Pedestrian Collisions,D22,20,Alderwood (20),"{'type': 'Point', 'coordinates': (-79.544116, 43.599227)}"
6001650779,2016,00:00.0,1955,19,O CONNOR DR,DOHME AVE,50 m North of,1,Toronto and East York,19,54,Mid-Block,Non Intersection,No Control,Clear,"Dark, artificial",Dry,Non-Fatal Injury,Rear End,D54,54,O'Connor-Parkview (54),"{'type': 'Point', 'coordinates': (-79.308582, 43.710887)}"
6001668263,2016,00:00.0,1534,15,DON MILLS RD W,GOODVIEW RD,72 m North of,1,North York,17,33,Mid-Block,Non Intersection,No Control,Clear,Daylight,Dry,Non-Fatal Injury,SMV Other,D33,47,Don Valley Village (47),"{'type': 'Point', 'coordinates': (-79.353236, 43.784453)}"
6001675837,2016,00:00.0,1721,17,JANE ST,COLBECK ST,NULL,1,Toronto and East York,4,11,Intersection,At Intersection,Pedestrian Crossover,Clear,Daylight,Dry,Non-Fatal Injury,Pedestrian Collisions,D11,89,Runnymede-Bloor West Village (89),"{'type': 'Point', 'coordinates': (-79.485935, 43.652877)}"
6001676072,2016,00:00.0,1754,17,BLOOR ST W,LIPPINCOTT ST,NULL,1,Toronto and East York,11,14,Intersection,At Intersection,Stop Sign,Clear,Daylight,Dry,Non-Fatal Injury,Cyclist Collisions,D14,79,University (79),"{'type': 'Point', 'coordinates': (-79.409953, 43.665316)}"
6001676561,2016,00:00.0,2130,21,SHEPPARD AVE E,BONESET RD,55 m East of,1,North York,17,33,Mid-Block,Non Intersection,No Control,Clear,"Dusk, artificial",Dry,Non-Fatal Injury,Pedestrian Collisions,D33,46,Pleasant View (46),"{'type': 'Point', 'coordinates': (-79.333202, 43.775275)}"
6001681800,2016,00:00.0,1537,15,REXDALE BLVD,BERGAMOT AVE,160 m West of,1,Etobicoke York,1,23,Mid-Block,Non Intersection,No Control,Clear,Daylight,Dry,Non-Fatal Injury,Turning Movement,D23,1,West Humber-Clairville (1),"{'type': 'Point', 'coordinates': (-79.561816, 43.712752)}"
6001682532,2016,00:00.0,1735,17,ST CLAIR AVE W,RUSHTON RD,23 m West of,1,Toronto and East York,12,13,Intersection,Intersection Related,No Control,Clear,Daylight,Dry,Fatal,Pedestrian Collisions,D13,94,Wychwood (94),"{'type': 'Point', 'coordinates': (-79.427661, 43.68122700000001)}"
6001686289,2016,00:00.0,944,9,KING ST W,SIMCOE ST,NULL,1,Toronto and East York,10,52,Intersection,At Intersection,Traffic Signal,Clear,Daylight,Dry,Non-Fatal Injury,Pedestrian Collisions,D52,76,Bay Street Corridor (76),"{'type': 'Point', 'coordinates': (-79.386073, 43.647322)}"
6001699155,2016,00:00.0,903,9,MIDLAND AVE,SHEPPARD AVE E,NULL,1,Scarborough,NULL,42,Intersection,At Intersection,Traffic Signal,Clear,Daylight,Dry,Non-Fatal Injury,Cyclist Collisions,D42,128,Agincourt South-Malvern West (128),"{'type': 'Point', 'coordinates': (-79.278529, 43.785277)}"
6001707155,2016,00:00.0,1629,16,KEELE ST,STEELES AVE W,NULL,1,Etobicoke York,NULL,31,Intersection,At Intersection,Traffic Signal,Clear,Daylight,Dry,Non-Fatal Injury,Angle,D31,27,York University Heights (27),"{'type': 'Point', 'coordinates': (-79.494464, 43.781508)}"
6001710293,2016,00:00.0,738,7,LOGAN AVE,DANFORTH AVE,NULL,1,Toronto and East York,14,NULL,Intersection,At Intersection,Traffic Controller,Clear,Daylight,Dry,Non-Fatal Injury,SMV Other,D55,68,North Riverdale (68),"{'type': 'Point', 'coordinates': (-79.349582, 43.677939)}"
6001713743,2016,00:00.0,1709,17,THE QUEENSWAY,SOUTH KINGSWAY,458 m West of,1,Etobicoke York,3,22,Mid-Block,Non Intersection,No Control,Clear,Daylight,Dry,Non-Fatal Injury,SMV Other,D22,16,Stonegate-Queensway (16),"{'type': 'Point', 'coordinates': (-79.476856, 43.632361)}"
6001717262,2016,00:00.0,925,9,CUMMER AVE,PINEWAY BLVD,NULL,2,North York,17,33,Intersection,At Intersection,Stop Sign,Clear,Daylight,Dry,Non-Fatal Injury,Pedestrian Collisions,D33,49,Bayview Woods-Steeles (49),"{'type': 'Point', 'coordinates': (-79.375842, 43.798747)}"
6001731128,2016,00:00.0,1040,10,2336 ST CLAIR AVE W,NULL,NULL,1,Etobicoke York,5,NULL,Mid-Block,Non Intersection,No Control,Rain,Daylight,Wet,Fatal,Sideswipe,D11,90,Junction Area (90),"{'type': 'Point', 'coordinates': (-79.479152, 43.669959)}"
6001735330,2016,00:00.0,2310,23,MIDLAND AVE,MCNICOLL AVE,NULL,1,Scarborough,NULL,42,Intersection,Intersection Related,Traffic Signal,Clear,"Dark, artificial",Dry,Non-Fatal Injury,Angle,D42,130,Milliken (130),"{'type': 'Point', 'coordinates': (-79.292178, 43.814509)}"
6001735682,2016,00:00.0,52,0,DUNDAS ST W,STERLING RD,NULL,3,Toronto and East York,9,11,Intersection,At Intersection,Traffic Signal,Clear,"Dark, artificial",Dry,Non-Fatal Injury,Turning Movement,D11,83,Dufferin Grove (83),"{'type': 'Point', 'coordinates': (-79.442981, 43.650614)}"
7000941921,2017,00:00.0,1345,13,YONGE ST,YORK MILLS RD,NULL,1,North York,NULL,32,Intersection,At Intersection,Traffic Signal,Clear,Daylight,Dry,Non-Fatal Injury,Angle,D32,40,St.Andrew-Windfields (40),"{'type': 'Point', 'coordinates': (-79.40668, 43.744078)}"
7000948522,2017,00:00.0,1343,13,OAKWOOD AVE,VAUGHAN RD,NULL,3,Toronto and East York,12,13,Intersection,At Intersection,Traffic Signal,Clear,Daylight,Dry,Non-Fatal Injury,Turning Movement,D13,107,Oakwood Village (107),"{'type': 'Point', 'coordinates': (-79.440807, 43.692584)}"
6001741045,2016,00:00.0,1928,19,EGLINTON AVE W,CHILTERN HILL RD,NULL,1,North York,NULL,13,Mid-Block,Non Intersection,No Control,Clear,Dark,Dry,Fatal,Pedestrian Collisions,D13,106,Humewood-Cedarvale (106),"{'type': 'Point', 'coordinates': (-79.427036, 43.700667)}"
6001830324,2016,00:00.0,1918,19,JANE ST,MARSHLYNN AVE,NULL,1,Etobicoke York,5,12,Intersection,At Intersection,Stop Sign,Clear,"Dark, artificial",Dry,Non-Fatal Injury,Turning Movement,D12,28,Rustic (28),"{'type': 'Point', 'coordinates': (-79.504207, 43.704402)}"
7000955246,2017,00:00.0,1305,13,960 LAWRENCE AVE W,NULL,7 m South of,1,North York,8,NULL,Mid-Block,At/Near Private Drive,No Control,Clear,Daylight,Dry,Non-Fatal Injury,Turning Movement,D13,31,Yorkdale-Glen Park (31),"{'type': 'Point', 'coordinates': (-79.457065, 43.71353)}"
6001743580,2016,00:00.0,510,5,THE QUEENSWAY,KIPLING AVE,500 m West of,1,Etobicoke York,3,22,Mid-Block,Non Intersection,No Control,Clear,"Dark, artificial",Dry,Non-Fatal Injury,Pedestrian Collisions,D22,14,Islington-City Centre West (14),"{'type': 'Point', 'coordinates': (-79.532115, 43.619612)}"
6001978629,2016,00:00.0,805,8,ANCASTER RD,REGENT RD,NULL,4,North York,6,32,Intersection,At Intersection,No Control,Clear,Daylight,Dry,Non-Fatal Injury,Turning Movement,D32,26,Downsview-Roding-CFB (26),"{'type': 'Point', 'coordinates': (-79.465846, 43.731738)}"
7000525658,2017,00:00.0,2213,22,FINCH AVE E,DORIS AVE,NULL,1,North York,18,32,Intersection,At Intersection,Traffic Signal,Rain,"Dark, artificial",Wet,Non-Fatal Injury,Cyclist Collisions,D32,51,Willowdale East (51),"{'type': 'Point', 'coordinates': (-79.412273, 43.780406)}"
6002213025,2016,00:00.0,1036,10,PARK RD,CHURCH ST,NULL,1,Toronto and East York,11,53,Intersection,At Intersection,Traffic Signal,Clear,Daylight,Dry,Non-Fatal Injury,Pedestrian Collisions,D53,98,Rosedale-Moore Park (98),"{'type': 'Point', 'coordinates': (-79.384769, 43.672099)}"
7001372973,2017,00:00.0,713,7,SHERBOURNE ST,DUNDAS ST E,NULL,1,Toronto and East York,13,51,Intersection,At Intersection,Traffic Signal,Clear,Daylight,Dry,Fatal,Pedestrian Collisions,D51,73,Moss Park (73),"{'type': 'Point', 'coordinates': (-79.37099, 43.658221)}"
6001750735,2016,00:00.0,1058,10,EGLINTON AVE E,WINTER AVE,NULL,1,Scarborough,NULL,41,Intersection,Intersection Related,Stop Sign,Clear,Daylight,Dry,Fatal,Pedestrian Collisions,D41,138,Eglinton East (138),"{'type': 'Point', 'coordinates': (-79.25436, 43.735331)}"
6001753301,2016,00:00.0,1940,19,EGLINTON AVE E,MIDLAND AVE,NULL,1,Scarborough,NULL,41,Intersection,Non Intersection,No Control,Rain,"Dark, artificial",Wet,Fatal,Pedestrian Collisions,D41,124,Kennedy Park (124),"{'type': 'Point', 'coordinates': (-79.260188, 43.734049)}"
6001757672,2016,00:00.0,1317,13,BATHURST ST,VAUGHAN RD,NULL,1,Toronto and East York,12,13,Intersection,At/Near Private Drive,No Control,Clear,Daylight,Dry,Non-Fatal Injury,Angle,D13,96,Casa Loma (96),"{'type': 'Point', 'coordinates': (-79.417659, 43.681559)}"
6001758127,2016,00:00.0,1426,14,KEELE ST,FLAMBOROUGH DR,NULL,1,Etobicoke York,5,12,Intersection,At Intersection,Traffic Signal,Clear,Daylight,Dry,Non-Fatal Injury,Cyclist Collisions,D12,30,Brookhaven-Amesbury (30),"{'type': 'Point', 'coordinates': (-79.476772, 43.703021)}"
6001760592,2016,00:00.0,2143,21,THORNCLIFFE PARK DR,OVERLEA DR,131 m South of,2,North York,15,53,Mid-Block,At/Near Private Drive,No Control,Clear,"Dark, artificial",Dry,Non-Fatal Injury,Turning Movement,D53,55,Thorncliffe Park (55),"{'type': 'Point', 'coordinates': (-79.34309700000001, 43.706244)}"
6001770159,2016,00:00.0,957,9,ST GEORGE ST,RUSSELL ST,51 m North of,3,Toronto and East York,11,52,Mid-Block,Intersection Related,Pedestrian Crossover,Clear,Daylight,Dry,Non-Fatal Injury,Pedestrian Collisions,D52,79,University (79),"{'type': 'Point', 'coordinates': (-79.39712800000001, 43.660964)}"
6001779522,2016,00:00.0,2215,22,BLOOR ST E,DRUMSNAB RD,NULL,1,Toronto and East York,11,NULL,Intersection,Intersection Related,No Control,Clear,"Dark, artificial",Dry,Non-Fatal Injury,Cyclist Collisions,D51,71,Cabbagetown-South St.James Town (71),"{'type': 'Point', 'coordinates': (-79.367328, 43.674296000000005)}"
6001786629,2016,00:00.0,1750,17,MONTGOMERY AV,MIDLAND AV,70 m East of,4,Scarborough,23,42,Mid-Block,Non Intersection,No Control,Clear,Daylight,Dry,Non-Fatal Injury,Pedestrian Collisions,D42,128,Agincourt South-Malvern West (128),"{'type': 'Point', 'coordinates': (-79.279849, 43.791091)}"
6001790676,2016,00:00.0,1113,11,DUPLEX AVE,MONTGOMERY AVE,NULL,3,North York,8,53,Intersection,At Intersection,Stop Sign,Clear,Daylight,Dry,Non-Fatal Injury,Pedestrian Collisions,D53,100,Yonge-Eglinton (100),"{'type': 'Point', 'coordinates': (-79.401019, 43.709098)}"
6001798296,2016,00:00.0,1747,17,LAWRENCE AVE W,WILLIAM R ALLEN RD N,5 m West of,1,North York,8,NULL,Intersection,At Intersection,Traffic Signal,Clear,Daylight,Dry,Non-Fatal Injury,Turning Movement,D13,32,Englemount-Lawrence (32),"{'type': 'Point', 'coordinates': (-79.44317900000001, 43.716258)}"
6001799178,2016,00:00.0,2108,21,DANFORTH RD,FALMOUTH AVE,NULL,1,Scarborough,20,41,Intersection,At Intersection,No Control,Clear,"Dark, artificial",Dry,Non-Fatal Injury,Pedestrian Collisions,D41,124,Kennedy Park (124),"{'type': 'Point', 'coordinates': (-79.250911, 43.730475)}"