ACCNUM,YEAR,DATE,TIME,HOUR,STREET1,STREET2,OFFSET,ROAD_CLASS,DISTRICT,WARDNUM,DIVISION,LOCCOORD,ACCLOC,TRAFFCTL,VISIBILITY,LIGHT,RDSFCOND,ACCLASS,IMPACTYPE,POLICE_DIVISION,HOOD_ID,NEIGHBOURHOOD,geometry
6001802808,2016,00:00.0,1608,16,391 LAWSON RD,NULL,NULL,2,Scarborough,25,43,Mid-Block,At/Near Private Drive,No Control,Clear,Daylight,Dry,Non-Fatal Injury,Rear End,D43,133,Centennial Scarborough (133),"{'type': 'Point', 'coordinates': (-79.145709, 43.788512)}"
6001807391,2016,00:00.0,1152,11,8 SILVERDALE CRES,NULL,NULL,2,North York,16,33,Mid-Block,At/Near Private Drive,No Control,Clear,Daylight,Dry,Fatal,Pedestrian Collisions,D33,45,Parkwoods-Donalda (45),"{'type': 'Point', 'coordinates': (-79.341022, 43.756446)}"
6001813893,2016,00:00.0,1109,11,DAVENPORT RD,OSSINGTON AVE,NULL,3,Toronto and East York,NULL,13,Intersection,Intersection Related,Traffic Signal,Clear,Daylight,Dry,Fatal,Pedestrian Collisions,D13,94,Wychwood (94),"{'type': 'Point', 'coordinates': (-79.430972, 43.674712)}"
6001813950,2016,00:00.0,1117,11,EGLINTON AVE E,MIDLAND AVE,NULL,1,Scarborough,NULL,41,Intersection,Intersection Related,Traffic Signal,Clear,Daylight,Dry,Fatal,Pedestrian Collisions,D41,124,Kennedy Park (124),"{'type': 'Point', 'coordinates': (-79.258098, 43.734519)}"
6001858926,2016,00:00.0,950,9,DON VALLEY PARKWAY  N,LAWRENCE AVE E,100 m North of,8,North York,16,33,Mid-Block,Non Intersection,No Control,Clear,Daylight,Dry,Non-Fatal Injury,Rear End,D33,42,Banbury-Don Mills (42),"{'type': 'Point', 'coordinates': (-79.332057, 43.740336)}"
6001862709,2016,00:00.0,2046,20,BROCK AVE,MOUTRAY ST,NULL,2,Toronto and East York,9,11,Intersection,At Intersection,No Control,Clear,"Dark, artificial",Dry,Non-Fatal Injury,Cyclist Collisions,D11,84,Little Portugal (84),"{'type': 'Point', 'coordinates': (-79.436054, 43.651053)}"
6001864618,2016,00:00.0,730,7,KEELE ST,HOLWOOD AV,NULL,1,Etobicoke York,5,12,Intersection,At Intersection,No Control,Rain,"Dawn, artificial",Wet,Non-Fatal Injury,Pedestrian Collisions,D12,110,Keelesdale-Eglinton West (110),"{'type': 'Point', 'coordinates': (-79.474239, 43.688346)}"
6001864838,2016,00:00.0,823,8,MIDWEST RD,MIDLAND AVE,NULL,1,Scarborough,21,41,Intersection,Intersection Related,Stop Sign,Rain,Daylight,Wet,Non-Fatal Injury,Pedestrian Collisions,D41,127,Bendale (127),"{'type': 'Point', 'coordinates': (-79.265865, 43.753928)}"
6001868616,2016,00:00.0,1922,19,EGLINTON AVE E,HANNA RD,NULL,1,North York,15,53,Intersection,Non Intersection,No Control,Rain,Dark,Wet,Fatal,Pedestrian Collisions,D53,56,Leaside-Bennington (56),"{'type': 'Point', 'coordinates': (-79.372058, 43.712084)}"
6001872148,2016,00:00.0,1040,10,ST CLAIR AVENUE EAST,WARDEN AVENUE,120 m West of,1,Scarborough,20,41,Mid-Block,Non Intersection,No Control,Rain,"Daylight, artificial",Wet,Non-Fatal Injury,SMV Other,D41,121,Oakridge (121),"{'type': 'Point', 'coordinates': (-79.28231400000001, 43.711646)}"
6001873015,2016,00:00.0,1314,13,DUNDAS ST W,DUFFERIN ST,NULL,3,Toronto and East York,9,NULL,Intersection,At Intersection,Traffic Signal,Rain,Daylight,Wet,Non-Fatal Injury,Pedestrian Collisions,D14,84,Little Portugal (84),"{'type': 'Point', 'coordinates': (-79.431422, 43.64964500000001)}"
6001908620,2016,00:00.0,707,7,DUNDAS ST W,BLOOR ST W,76 m South of,3,Toronto and East York,4,11,Mid-Block,Non Intersection,No Control,Rain,"Dusk, artificial",Wet,Non-Fatal Injury,Pedestrian Collisions,D11,86,Roncesvalles (86),"{'type': 'Point', 'coordinates': (-79.452243, 43.655474)}"
6001911246,2016,00:00.0,1506,15,STEELES AV W,KEELE ST,50 m East of,1,North York,6,31,Mid-Block,Non Intersection,No Control,Rain,Daylight,Wet,Non-Fatal Injury,Pedestrian Collisions,D31,27,York University Heights (27),"{'type': 'Point', 'coordinates': (-79.49377, 43.78168)}"
6001911469,2016,00:00.0,1549,15,CHERRY ST,POLSON ST,NULL,2,Toronto and East York,14,NULL,Mid-Block,Overpass or Bridge,No Control,Rain,Daylight,Wet,Fatal,SMV Other,D51,70,South Riverdale (70),"{'type': 'Point', 'coordinates': (-79.349178, 43.641406)}"
6001912403,2016,00:00.0,1840,18,LESLIE ST,LAWRENCE AVE E,NULL,1,North York,NULL,33,Intersection,At Intersection,Traffic Signal,Rain,"Dark, artificial",Wet,Non-Fatal Injury,Pedestrian Collisions,D33,42,Banbury-Don Mills (42),"{'type': 'Point', 'coordinates': (-79.355937, 43.734465)}"
6001924848,2016,00:00.0,1825,18,LAWRENCE AVE W,CHATSWORTH DR,20 m East of,1,North York,8,NULL,Intersection,Intersection Related,No Control,Clear,"Dark, artificial",Dry,Non-Fatal Injury,Turning Movement,D53,103,Lawrence Park South (103),"{'type': 'Point', 'coordinates': (-79.411304, 43.723117)}"
6001927266,2016,00:00.0,227,2,PHARMACY AVE,EGLINTON AVE E,NULL,1,Scarborough,NULL,41,Intersection,Intersection Related,No Control,Clear,Dark,Dry,Fatal,SMV Other,D41,119,Wexford/Maryvale (119),"{'type': 'Point', 'coordinates': (-79.297504, 43.725642)}"
6001932941,2016,00:00.0,257,2,F G GARDINER XY  E,JAMESON AVE,NULL,NULL,Toronto and East York,4,14,Mid-Block,Non Intersection,No Control,Clear,Dark,Dry,Fatal,SMV Other,D14,85,South Parkdale (85),"{'type': 'Point', 'coordinates': (-79.435222, 43.633078)}"
6001937894,2016,00:00.0,2035,20,LAWRENCE AVE E,DON MILLS RD,45 m West of,1,North York,16,33,Mid-Block,Non Intersection,No Control,Clear,"Dark, artificial",Dry,Non-Fatal Injury,Pedestrian Collisions,D33,42,Banbury-Don Mills (42),"{'type': 'Point', 'coordinates': (-79.344211, 43.73693)}"
6001942141,2016,00:00.0,1300,13,KIPLING AVE,JUTLAND RD,NULL,1,Etobicoke York,3,22,Intersection,At Intersection,Stop Sign,Clear,Daylight,Dry,Non-Fatal Injury,Turning Movement,D22,14,Islington-City Centre West (14),"{'type': 'Point', 'coordinates': (-79.528804, 43.626231)}"
6001945011,2016,00:00.0,2100,21,BAYVIEW AVE,HEATHCOTE AVE,100 m North of,1,North York,15,NULL,Mid-Block,Non Intersection,No Control,Clear,"Dark, artificial",Dry,Non-Fatal Injury,Turning Movement,D33,40,St.Andrew-Windfields (40),"{'type': 'Point', 'coordinates': (-79.385135, 43.753062)}"
6001951366,2016,00:00.0,1948,19,486 COLLEGE ST,NULL,NULL,1,Toronto and East York,11,14,Mid-Block,Non Intersection,No Control,Rain,"Dark, artificial",Wet,Fatal,Pedestrian Collisions,D14,81,Trinity-Bellwoods (81),"{'type': 'Point', 'coordinates': (-79.409488, 43.656096)}"
6001958685,2016,00:00.0,226,2,F G GARDINER XY  E,CHERRY ST,NULL,NULL,Toronto and East York,10,51,Mid-Block,Non Intersection,No Control,Clear,"Dark, artificial",Dry,Non-Fatal Injury,SMV Other,D51,77,Waterfront Communities-The Island (77),"{'type': 'Point', 'coordinates': (-79.3549, 43.648909)}"
6001956297,2016,00:00.0,1507,15,PARLIAMENT ST,WELLESLEY ST E,NULL,3,Toronto and East York,13,51,Intersection,At Intersection,Traffic Signal,Clear,Daylight,Dry,Non-Fatal Injury,Cyclist Collisions,D51,71,Cabbagetown-South St.James Town (71),"{'type': 'Point', 'coordinates': (-79.369525, 43.66810100000001)}"
6001957443,2016,00:00.0,1815,18,LAWRENCE AVE E,GREENHOLM CRCT,NULL,1,Scarborough,24,43,Intersection,At Intersection,No Control,Clear,"Dusk, artificial",Dry,Non-Fatal Injury,Pedestrian Collisions,D43,137,Woburn (137),"{'type': 'Point', 'coordinates': (-79.222949, 43.760241)}"
6001958569,2016,00:00.0,2201,22,401 W ALLEN YORKDALE RAMP,YORKDALE RD,20 m East of,3,North York,8,32,Intersection,Intersection Related,Traffic Signal,Clear,Dark,Dry,Non-Fatal Injury,SMV Other,D32,31,Yorkdale-Glen Park (31),"{'type': 'Point', 'coordinates': (-79.449474, 43.72749600000001)}"
6001965886,2016,00:00.0,32,0,BRUYERES  MEWS,IANNUZZI  ST,40 m West of,6,Toronto and East York,10,14,Mid-Block,Non Intersection,No Control,Clear,Dark,Dry,Non-Fatal Injury,Turning Movement,D14,82,Niagara (82),"{'type': 'Point', 'coordinates': (-79.401897, 43.637377)}"
6001974222,2016,00:00.0,1155,11,BLOOR ST W,GRENVIEW BLVD N,NULL,1,Etobicoke York,3,22,Intersection,At Intersection,Stop Sign,Clear,Daylight,Dry,Fatal,Pedestrian Collisions,D22,16,Stonegate-Queensway (16),"{'type': 'Point', 'coordinates': (-79.507747, 43.648158)}"
6001976341,2016,00:00.0,1900,19,MARKHAM RD,ROSEBANK DR,25 m West of,1,Scarborough,23,42,Intersection,Intersection Related,No Control,Clear,"Dark, artificial",Dry,Non-Fatal Injury,Pedestrian Collisions,D42,132,Malvern (132),"{'type': 'Point', 'coordinates': (-79.237788, 43.791438)}"
7000532785,2017,00:00.0,254,2,LAWRENCE  AVE W,WESTON RD,NULL,1,Etobicoke York,5,12,Intersection,At Intersection,Traffic Signal,Rain,"Dark, artificial",Wet,Non-Fatal Injury,Pedestrian Collisions,D12,113,Weston (113),"{'type': 'Point', 'coordinates': (-79.516155, 43.700087)}"
6001979162,2016,00:00.0,935,9,AVENUE RD,ROXBOROUGH ST W,NULL,1,Toronto and East York,11,53,Intersection,At Intersection,No Control,Clear,Daylight,Dry,Non-Fatal Injury,Pedestrian Collisions,D53,95,Annex (95),"{'type': 'Point', 'coordinates': (-79.397388, 43.676688)}"
7001375273,2017,00:00.0,1345,13,MARTIN GROVE RD,WESTHUMBER  BLVD,NULL,1,Etobicoke York,1,23,Intersection,At Intersection,Traffic Signal,Clear,Daylight,Dry,Non-Fatal Injury,Turning Movement,D23,1,West Humber-Clairville (1),"{'type': 'Point', 'coordinates': (-79.586673, 43.725955)}"
6002215528,2016,00:00.0,1704,17,QUEENS QY W,YORK ST,69 m West of,3,Toronto and East York,10,52,Mid-Block,Non Intersection,No Control,Clear,Dark,Dry,Non-Fatal Injury,Pedestrian Collisions,D52,77,Waterfront Communities-The Island (77),"{'type': 'Point', 'coordinates': (-79.380908, 43.639723)}"
7000534714,2017,00:00.0,1310,13,ELLESMERE RD,DOLLY VARDEN BLVD,NULL,1,Scarborough,24,43,Intersection,At Intersection,Traffic Signal,Clear,Daylight,Wet,Non-Fatal Injury,Turning Movement,D43,137,Woburn (137),"{'type': 'Point', 'coordinates': (-79.234958, 43.775668)}"
7000539360,2017,00:00.0,855,8,EGLINTON AVE W,RUSSELL HILL RD,3 m East of,1,North York,NULL,53,Intersection,Non Intersection,Traffic Controller,Clear,Daylight,Wet,Non-Fatal Injury,Other,D53,101,Forest Hill South (101),"{'type': 'Point', 'coordinates': (-79.415462, 43.703047)}"
7000545198,2017,00:00.0,600,6,2800 WARDEN AVE,NULL,NULL,1,Scarborough,22,42,Mid-Block,Non Intersection,Pedestrian Crossover,Clear,Dark,Dry,Non-Fatal Injury,Pedestrian Collisions,D42,117,L'Amoreaux (117),"{'type': 'Point', 'coordinates': (-79.314952, 43.794673)}"
7000557720,2017,00:00.0,15,0,SCARBOROUGH GOLF CLUB RD,LAWRENCE AVE E,NULL,1,Scarborough,24,43,Intersection,At Intersection,Traffic Signal,Clear,"Dark, artificial",Dry,Non-Fatal Injury,Angle,D43,137,Woburn (137),"{'type': 'Point', 'coordinates': (-79.215801, 43.761779)}"
7000566327,2017,00:00.0,1050,10,PASSMORE  AVE,SILVER STAR  BLVD,NULL,2,Scarborough,22,42,Intersection,At Intersection,Traffic Signal,Clear,Daylight,Dry,Non-Fatal Injury,Turning Movement,D42,130,Milliken (130),"{'type': 'Point', 'coordinates': (-79.298061, 43.819899)}"
7000570934,2017,00:00.0,208,2,MARGUERETTA ST,BLOOR  ST W,34 m South of,4,Toronto and East York,9,11,Mid-Block,Non Intersection,No Control,Clear,"Dark, artificial",Wet,Non-Fatal Injury,Pedestrian Collisions,D11,83,Dufferin Grove (83),"{'type': 'Point', 'coordinates': (-79.440212, 43.658438)}"
7000576786,2017,00:00.0,4,0,MARTIN GROVE RD,JEFFCOAT DR,120 m South of,1,Etobicoke York,1,23,Mid-Block,Non Intersection,No Control,Clear,"Dark, artificial",Dry,Non-Fatal Injury,SMV Other,D23,1,West Humber-Clairville (1),"{'type': 'Point', 'coordinates': (-79.582813, 43.717608)}"
7000578380,2017,00:00.0,905,9,PHARMACY AVE,STEELES AVE E,NULL,1,Scarborough,22,42,Intersection,At Intersection,Traffic Signal,Clear,Daylight,Dry,Non-Fatal Injury,Pedestrian Collisions,D42,116,Steeles (116),"{'type': 'Point', 'coordinates': (-79.336421, 43.816786)}"
7000585076,2017,00:00.0,1053,10,THE EAST MALL,BURNHAMTHORPE RD,NULL,1,Etobicoke York,2,22,Intersection,Intersection Related,Traffic Signal,Clear,Daylight,Dry,Non-Fatal Injury,Pedestrian Collisions,D22,14,Islington-City Centre West (14),"{'type': 'Point', 'coordinates': (-79.559947, 43.646231)}"
7000589620,2017,00:00.0,10,0,MCLEVIN AVE,TAPSCOTT RD,NULL,3,Scarborough,23,42,Intersection,At Intersection,Traffic Signal,Rain,"Dark, artificial",Wet,Non-Fatal Injury,Pedestrian Collisions,D42,132,Malvern (132),"{'type': 'Point', 'coordinates': (-79.22665, 43.80511)}"
7000591252,2017,00:00.0,853,8,DUFFERIN ST,DUNDAS ST W,NULL,3,Toronto and East York,9,NULL,Intersection,At Intersection,Traffic Signal,Rain,Daylight,Wet,Non-Fatal Injury,Pedestrian Collisions,D14,84,Little Portugal (84),"{'type': 'Point', 'coordinates': (-79.431415, 43.649577)}"
7000600536,2017,00:00.0,1454,14,4 RIDGEMOUNT RD,CHAPMAN RD,2 m East of,4,Etobicoke York,2,23,Intersection,At/Near Private Drive,No Control,Clear,Daylight,Dry,Non-Fatal Injury,Pedestrian Collisions,D23,8,Humber Heights-Westmount (8),"{'type': 'Point', 'coordinates': (-79.522189, 43.688971)}"
7000606743,2017,00:00.0,1403,14,CLIFFSIDE DR,FOLCROFT AVE,10 m North of,4,Scarborough,20,41,Intersection,Intersection Related,No Control,Rain,Daylight,Wet,Fatal,Other,D41,122,Birchcliffe-Cliffside (122),"{'type': 'Point', 'coordinates': (-79.251239, 43.701213)}"
7000607486,2017,00:00.0,1549,15,NASSAU ST,BATHURST ST,NULL,1,Toronto and East York,11,14,Intersection,At Intersection,Traffic Signal,Rain,Daylight,Wet,Non-Fatal Injury,Pedestrian Collisions,D14,78,Kensington-Chinatown (78),"{'type': 'Point', 'coordinates': (-79.406795, 43.654212)}"
7000609601,2017,00:00.0,2315,23,MARKHAM RD,PAINTED POST DR,10 m West of,1,Scarborough,24,43,Intersection,At Intersection,Traffic Signal,Rain,"Dark, artificial",Wet,Non-Fatal Injury,Pedestrian Collisions,D43,137,Woburn (137),"{'type': 'Point', 'coordinates': (-79.22832, 43.767493)}"
7000633254,2017,00:00.0,1610,16,MARTIN GROVE RD,DOSCO RD,7 m South of MARTIN GROVE RD,1,Etobicoke York,1,23,Intersection,At Intersection,No Control,Clear,Daylight,Wet,Non-Fatal Injury,Turning Movement,D23,1,West Humber-Clairville (1),"{'type': 'Point', 'coordinates': (-79.572528, 43.695151)}"
7000635280,2017,00:00.0,2229,22,ST CLAIR AVE W,GUNNS RD,90 m West of,1,Etobicoke York,5,NULL,Mid-Block,Non Intersection,No Control,Rain,Dark,Wet,Non-Fatal Injury,Pedestrian Collisions,D11,90,Junction Area (90),"{'type': 'Point', 'coordinates': (-79.472408, 43.671408)}"
7000637893,2017,00:00.0,1056,10,WILSON AVE,DUFFERIN ST,10 m west,1,North York,6,32,Intersection,At Intersection,Traffic Signal,Clear,Daylight,Dry,Fatal,Pedestrian Collisions,D32,33,Clanton Park (33),"{'type': 'Point', 'coordinates': (-79.458873, 43.73202)}"
7000641093,2017,00:00.0,1919,19,GERRARD ST E,SACKVILLE ST,37 m East of,3,Toronto and East York,13,51,Mid-Block,Non Intersection,No Control,Clear,Daylight,Dry,Non-Fatal Injury,Pedestrian Collisions,D51,72,Regent Park (72),"{'type': 'Point', 'coordinates': (-79.363513, 43.66265)}"
7000649054,2017,00:00.0,144,1,CUMMER AVE,SNOWCREST AVE,150 m East,2,North York,17,33,Mid-Block,Non Intersection,No Control,Clear,"Dark, artificial",Dry,Fatal,SMV Other,D33,49,Bayview Woods-Steeles (49),"{'type': 'Point', 'coordinates': (-79.380786, 43.795336)}"
7000659290,2017,00:00.0,1805,18,SPADINA AVE,SULLIVAN ST,50 m North,1,Toronto and East York,10,NULL,Mid-Block,Non Intersection,No Control,Clear,Daylight,Dry,Fatal,Pedestrian Collisions,D52,78,Kensington-Chinatown (78),"{'type': 'Point', 'coordinates': (-79.397403, 43.651316)}"
7000665292,2017,00:00.0,2002,20,61 TOPCLIFF  AVE,NULL,47 m East of,4,Etobicoke York,7,31,Mid-Block,Non Intersection,No Control,Clear,"Dark, artificial",Dry,Non-Fatal Injury,Approaching,D31,25,Glenfield-Jane Heights (25),"{'type': 'Point', 'coordinates': (-79.508296, 43.756457)}"
7000669891,2017,00:00.0,1649,16,QUEENS QUAY W,YORK ST,47 m West of,3,Toronto and East York,10,52,Mid-Block,Non Intersection,No Control,Clear,Daylight,Dry,Non-Fatal Injury,Pedestrian Collisions,D52,77,Waterfront Communities-The Island (77),"{'type': 'Point', 'coordinates': (-79.38092400000001, 43.639735)}"
7000670017,2017,00:00.0,1659,16,MARTIN GROVE RD,TOLLINGTON RD,2 m North of,1,Etobicoke York,NULL,23,Intersection,At Intersection,No Control,Clear,Daylight,Dry,Non-Fatal Injury,Rear End,D23,7,Willowridge-Martingrove-Richview (7),"{'type': 'Point', 'coordinates': (-79.568591, 43.686537)}"
7000675895,2017,00:00.0,1858,18,219 MARTIN GROVE RD,NULL,100 m North of DONALBERT ROAD,2,Etobicoke York,2,22,Mid-Block,Non Intersection,No Control,Clear,Daylight,Dry,Non-Fatal Injury,SMV Other,D22,14,Islington-City Centre West (14),"{'type': 'Point', 'coordinates': (-79.551708, 43.654845)}"
7000676531,2017,00:00.0,2132,21,WILSON HEIGHTS BLVD,COCKSFIELD AVE,NULL,2,North York,6,32,Intersection,Intersection Related,No Control,Clear,"Dark, artificial",Dry,Non-Fatal Injury,Pedestrian Collisions,D32,34,Bathurst Manor (34),"{'type': 'Point', 'coordinates': (-79.457706, 43.752844)}"
7000680975,2017,00:00.0,1503,15,SHEPPARD AVE W,BATHURST ST,20 m West of,1,North York,6,32,Intersection,At/Near Private Drive,No Control,Clear,Daylight,Dry,Non-Fatal Injury,Cyclist Collisions,D32,38,Lansing-Westgate (38),"{'type': 'Point', 'coordinates': (-79.438442, 43.755385)}"
7000689985,2017,00:00.0,2206,22,COLLEGE ST,MC CAUL ST,17 m West of,1,Toronto and East York,11,52,Intersection,At Intersection,Streetcar (Stop for),Clear,"Dark, artificial",Dry,Non-Fatal Injury,Pedestrian Collisions,D52,78,Kensington-Chinatown (78),"{'type': 'Point', 'coordinates': (-79.393443, 43.659129)}"
7000689594,2017,00:00.0,2045,20,EGLINTON AVE E,COMMONWEALTH AVE,29 m East of,1,Scarborough,NULL,41,Intersection,At Intersection,No Control,Clear,"Dark, artificial",Dry,Non-Fatal Injury,Pedestrian Collisions,D41,124,Kennedy Park (124),"{'type': 'Point', 'coordinates': (-79.25680100000001, 43.734736)}"
7000697706,2017,00:00.0,543,5,LAKE SHORE BLVD W,PARKSIDE DR,700 m East of,1,Toronto and East York,4,14,Mid-Block,Non Intersection,No Control,Clear,"Dark, artificial",Wet,Non-Fatal Injury,SMV Other,D14,85,South Parkdale (85),"{'type': 'Point', 'coordinates': (-79.445483, 43.636943)}"
7000701050,2017,00:00.0,1530,15,HALFMOON SQ,CANMORE BLVD,north of,2,Scarborough,25,43,Intersection,Intersection Related,No Control,Clear,"Daylight, artificial",Dry,Fatal,Pedestrian Collisions,D43,134,Highland Creek (134),"{'type': 'Point', 'coordinates': (-79.17908, 43.793753)}"
7000714905,2017,00:00.0,2044,20,YONGE ST,ERSKINE AVE,NULL,1,North York,NULL,53,Intersection,At Intersection,Traffic Controller,Clear,Dusk,Dry,Non-Fatal Injury,Turning Movement,D53,104,Mount Pleasant West (104),"{'type': 'Point', 'coordinates': (-79.399272, 43.711005)}"
7000734516,2017,00:00.0,1857,18,LESLIE ST,CORNING RD,NULL,1,North York,17,33,Intersection,At/Near Private Drive,No Control,Clear,Daylight,Dry,Fatal,Angle,D33,47,Don Valley Village (47),"{'type': 'Point', 'coordinates': (-79.366107, 43.781909)}"
7000750134,2017,00:00.0,205,2,KIPLING AVE,STEVENSON  RD,80 m North of,1,Etobicoke York,1,23,Mid-Block,Non Intersection,No Control,Clear,"Dark, artificial",Dry,Non-Fatal Injury,Approaching,D23,2,Mount Olive-Silverstone-Jamestown (2),"{'type': 'Point', 'coordinates': (-79.582996, 43.745127)}"
7000750453,2017,00:00.0,325,3,DAVENPORT ROAD,BATHURST ST,5 m East of,1,Toronto and East York,12,13,Intersection,Intersection Related,Traffic Signal,Clear,"Dark, artificial",Dry,Non-Fatal Injury,Pedestrian Collisions,D13,96,Casa Loma (96),"{'type': 'Point', 'coordinates': (-79.415744, 43.676657)}"
7000769510,2017,00:00.0,645,6,WESTHUMBER BLVD,KIPLING AVE,NULL,1,Etobicoke York,1,23,Intersection,At Intersection,Traffic Signal,Clear,"Dawn, artificial",Dry,Non-Fatal Injury,Cyclist Collisions,D23,4,Rexdale-Kipling (4),"{'type': 'Point', 'coordinates': (-79.574611, 43.728068)}"
7000776224,2017,00:00.0,716,7,DUNDAS ST W,BEVERLEY ST,NULL,1,Toronto and East York,NULL,52,Intersection,At Intersection,Traffic Signal,Clear,Daylight,Dry,Non-Fatal Injury,Pedestrian Collisions,D52,78,Kensington-Chinatown (78),"{'type': 'Point', 'coordinates': (-79.393817, 43.65375)}"
7000781355,2017,00:00.0,2142,21,DON VALLEY PARKWAY  N,LAWRENCE AVE E,400 m North of,NULL,North York,16,33,Mid-Block,Non Intersection,No Control,Clear,"Dark, artificial",Dry,Non-Fatal Injury,Pedestrian Collisions,D33,45,Parkwoods-Donalda (45),"{'type': 'Point', 'coordinates': (-79.33224, 43.742961)}"
7000786056,2017,00:00.0,1546,15,SHEPPARD AVE E,MALVERN ST,NULL,1,Scarborough,23,42,Intersection,At Intersection,Traffic Controller,Rain,Daylight,Wet,Non-Fatal Injury,Turning Movement,D42,132,Malvern (132),"{'type': 'Point', 'coordinates': (-79.234897, 43.794589)}"
7000787575,2017,00:00.0,2025,20,NUGGET AVE,MARKHAM RD,NULL,1,Scarborough,23,42,Intersection,At Intersection,Traffic Signal,Rain,Daylight,Wet,Non-Fatal Injury,Pedestrian Collisions,D42,132,Malvern (132),"{'type': 'Point', 'coordinates': (-79.241008, 43.798484)}"
7000203536,2017,00:00.0,219,2,BRIMLEY RD,ELGAR AVE,NULL,1,Scarborough,21,NULL,Intersection,At Intersection,Stop Sign,Clear,Dark,Wet,Fatal,Turning Movement,D43,138,Eglinton East (138),"{'type': 'Point', 'coordinates': (-79.250186, 43.741065)}"
7000957172,2017,00:00.0,1750,17,FRONT ST E,LOWER JARVIS ST,20 m East of,1,Toronto and East York,13,51,Intersection,At Intersection,Traffic Signal,Rain,Daylight,Wet,Non-Fatal Injury,SMV Other,D51,77,Waterfront Communities-The Island (77),"{'type': 'Point', 'coordinates': (-79.371425, 43.649378)}"
7000214156,2017,00:00.0,1430,14,BAY ST,GROSVENOR ST,NULL,1,Toronto and East York,NULL,52,Intersection,At Intersection,Traffic Signal,Clear,Daylight,Dry,Non-Fatal Injury,Angle,D52,76,Bay Street Corridor (76),"{'type': 'Point', 'coordinates': (-79.38634, 43.662398)}"
7000787795,2017,00:00.0,2110,21,MIDLAND AVE,TREEWOOD ST,3 m West of,1,Scarborough,21,41,Intersection,At Intersection,No Control,Rain,"Dark, artificial",Wet,Non-Fatal Injury,Approaching,D41,127,Bendale (127),"{'type': 'Point', 'coordinates': (-79.265743, 43.753573)}"
7001383604,2017,00:00.0,1648,16,YONGE  ST,WEDGEWOOD  DR,NULL,1,North York,18,32,Intersection,At Intersection,No Control,Clear,Daylight,Dry,Non-Fatal Injury,Turning Movement,D32,50,Newtonbrook East (50),"{'type': 'Point', 'coordinates': (-79.417781, 43.788905)}"
6002227092,2016,00:00.0,1312,13,EGLINTON AVE E,PRUDHAM GT,55 m West of,1,Scarborough,NULL,41,Mid-Block,Non Intersection,No Control,Clear,Daylight,Slush,Non-Fatal Injury,Pedestrian Collisions,D41,120,Clairlea-Birchmount (120),"{'type': 'Point', 'coordinates': (-79.285533, 43.728209)}"
7000960688,2017,00:00.0,900,9,ELLESMERE RD,BELLAMY RD N,NULL,1,Scarborough,24,43,Intersection,At Intersection,Traffic Signal,Clear,Daylight,Dry,Non-Fatal Injury,Pedestrian Collisions,D43,137,Woburn (137),"{'type': 'Point', 'coordinates': (-79.241718, 43.774333000000006)}"
7001556385,2017,00:00.0,1135,11,215 LONSDALE  RD,NULL,51 m West of,3,Toronto and East York,12,53,Mid-Block,Non Intersection,No Control,Clear,Daylight,Dry,Non-Fatal Injury,Sideswipe,D53,96,Casa Loma (96),"{'type': 'Point', 'coordinates': (-79.403644, 43.690566)}"
7001157436,2017,00:00.0,1648,16,MIDDELFIELD ROAD,PEBBLEWOOD AVENUE,NULL,3,Scarborough,23,42,Intersection,At Intersection,No Control,Clear,Daylight,Dry,Non-Fatal Injury,Pedestrian Collisions,D42,130,Milliken (130),"{'type': 'Point', 'coordinates': (-79.263141, 43.823207)}"
7001157981,2017,00:00.0,1800,18,DANFORTH AVE,WOODYCREST AVE,33 m West of,1,Toronto and East York,14,NULL,Mid-Block,At/Near Private Drive,No Control,Clear,Daylight,Dry,Non-Fatal Injury,Cyclist Collisions,D55,69,Blake-Jones (69),"{'type': 'Point', 'coordinates': (-79.342189, 43.679412)}"
7000222779,2017,00:00.0,314,3,F G GARDINER XY  W,GARDINER X W 427 X N RAMP,250 m West of,NULL,Etobicoke York,3,22,Mid-Block,Non Intersection,No Control,Clear,Dark,Dry,Non-Fatal Injury,SMV Other,D22,20,Alderwood (20),"{'type': 'Point', 'coordinates': (-79.536365, 43.615878)}"
6001982704,2016,00:00.0,1911,19,ISLINGTON AVE,CORDOVA AVE,50 m South of,1,Etobicoke York,3,22,Mid-Block,Non Intersection,No Control,Clear,Dark,Dry,Non-Fatal Injury,Pedestrian Collisions,D22,14,Islington-City Centre West (14),"{'type': 'Point', 'coordinates': (-79.524829, 43.647818)}"