ACCNUM,YEAR,DATE,TIME,HOUR,STREET1,STREET2,OFFSET,ROAD_CLASS,DISTRICT,WARDNUM,DIVISION,LOCCOORD,ACCLOC,TRAFFCTL,VISIBILITY,LIGHT,RDSFCOND,ACCLASS,IMPACTYPE,POLICE_DIVISION,HOOD_ID,NEIGHBOURHOOD,geometry
7001383874,2017,00:00.0,1735,17,GRANGE AVE,LARCH ST,3 m West of,4,Toronto and East York,10,52,Intersection,At Intersection,No Control,Clear,Daylight,Dry,Non-Fatal Injury,Cyclist Collisions,D52,78,Kensington-Chinatown (78),"{'type': 'Point', 'coordinates': (-79.396526, 43.652007)}"
6002241239,2016,00:00.0,2236,22,SB DON VALLEY PKWY,POTTERY RD,400 m North of,NULL,Toronto and East York,14,54,Mid-Block,Non Intersection,No Control,Clear,"Dark, artificial",Dry,Non-Fatal Injury,Pedestrian Collisions,D54,57,Broadview North (57),"{'type': 'Point', 'coordinates': (-79.361606, 43.683962)}"
7000961019,2017,00:00.0,950,9,BAYVIEW AVE,BURLEIGH HEIGHTS DR,NULL,1,North York,NULL,NULL,Intersection,At Intersection,No Control,Clear,Daylight,Dry,Fatal,Pedestrian Collisions,D33,52,Bayview Village (52),"{'type': 'Point', 'coordinates': (-79.390872, 43.779303)}"
7000963426,2017,00:00.0,1540,15,ELLESMERE RD,CONLINS RD,NULL,3,Scarborough,25,43,Intersection,Intersection Related,Traffic Signal,Clear,Daylight,Dry,Non-Fatal Injury,Cyclist Collisions,D43,134,Highland Creek (134),"{'type': 'Point', 'coordinates': (-79.183223, 43.787841)}"
7000964313,2017,00:00.0,1800,18,JANE ST,TROUTBROOKE DR,2 m South of,1,Etobicoke York,NULL,31,Intersection,At Intersection,Traffic Signal,Clear,Daylight,Dry,Non-Fatal Injury,SMV Other,D31,26,Downsview-Roding-CFB (26),"{'type': 'Point', 'coordinates': (-79.511234, 43.731745000000004)}"
7000970282,2017,00:00.0,1504,15,GERRARD ST E,ST MATTHEWS RD,15 m East of,3,Toronto and East York,14,55,Intersection,Non Intersection,No Control,Clear,Daylight,Dry,Non-Fatal Injury,Pedestrian Collisions,D55,70,South Riverdale (70),"{'type': 'Point', 'coordinates': (-79.355136, 43.66474)}"
7000972243,2017,00:00.0,2018,20,OSSINGTON AVE,DUPONT ST,NULL,1,Toronto and East York,NULL,14,Intersection,At Intersection,Traffic Signal,Clear,Daylight,Dry,Non-Fatal Injury,Turning Movement,D14,93,Dovercourt-Wallace Emerson-Junction (93),"{'type': 'Point', 'coordinates': (-79.428981, 43.670024)}"
7000981173,2017,00:00.0,156,1,EGLINTON AVE W,MIRANDA AVE,25 m East of,1,North York,NULL,13,Intersection,Intersection Related,Stop Sign,Clear,"Dark, artificial",Dry,Non-Fatal Injury,Pedestrian Collisions,D13,109,Caledonia-Fairbank (109),"{'type': 'Point', 'coordinates': (-79.455058, 43.694552)}"
7000983227,2017,00:00.0,1134,11,RIDGEMOOR AVE,KINGSTON RD,NULL,1,Scarborough,20,41,Intersection,At Intersection,Traffic Signal,Clear,Daylight,Dry,Fatal,Pedestrian Collisions,D41,122,Birchcliffe-Cliffside (122),"{'type': 'Point', 'coordinates': (-79.251254, 43.706267)}"
7001005616,2017,00:00.0,2330,23,ST CLAIR AVE W,CALEDONIA RD,NULL,1,Toronto and East York,9,13,Intersection,Intersection Related,Traffic Signal,Clear,"Dark, artificial",Dry,Non-Fatal Injury,Cyclist Collisions,D13,92,Corso Italia-Davenport (92),"{'type': 'Point', 'coordinates': (-79.45473, 43.67528)}"
7000998235,2017,00:00.0,1732,17,KIPLING  AVE,NAMCO  RD,NULL,1,Etobicoke York,1,23,Intersection,At Intersection,Stop Sign,Clear,Daylight,Dry,Non-Fatal Injury,Angle,D23,1,West Humber-Clairville (1),"{'type': 'Point', 'coordinates': (-79.565051, 43.708155)}"
7001001490,2017,00:00.0,825,8,BAYVIEW AVE,POTTERY RD,3 m South of,1,North York,NULL,53,Mid-Block,Non Intersection,No Control,Rain,Daylight,Wet,Non-Fatal Injury,SMV Other,D53,56,Leaside-Bennington (56),"{'type': 'Point', 'coordinates': (-79.36375, 43.688643)}"
7001003309,2017,00:00.0,1320,13,MARKHAM  RD,ELLESMERE RD,69 m North of,1,Scarborough,24,43,Mid-Block,Non Intersection,No Control,Rain,Daylight,Wet,Non-Fatal Injury,Pedestrian Collisions,D43,137,Woburn (137),"{'type': 'Point', 'coordinates': (-79.231982, 43.777068)}"
7001007745,2017,00:00.0,701,7,COLLEGE ST,DUFFERIN ST,NULL,1,Toronto and East York,9,NULL,Intersection,Intersection Related,Traffic Signal,Clear,Daylight,Dry,Non-Fatal Injury,Cyclist Collisions,D14,83,Dufferin Grove (83),"{'type': 'Point', 'coordinates': (-79.432521, 43.652568)}"
7001007889,2017,00:00.0,715,7,DUNDAS ST W,ELIZABETH ST,NULL,1,Toronto and East York,NULL,52,Intersection,At Intersection,No Control,Clear,Daylight,Dry,Non-Fatal Injury,Cyclist Collisions,D52,76,Bay Street Corridor (76),"{'type': 'Point', 'coordinates': (-79.385181, 43.655352)}"
7001016401,2017,00:00.0,1030,10,DAVENPORT RD,AVENUE RD,100 m East of,1,Toronto and East York,11,53,Mid-Block,Non Intersection,No Control,Clear,Daylight,Dry,Non-Fatal Injury,Cyclist Collisions,D53,95,Annex (95),"{'type': 'Point', 'coordinates': (-79.395358, 43.674872)}"
7001021387,2017,00:00.0,135,1,SYMINGTON AVE,DUPONT ST,50 m South of,2,Toronto and East York,9,11,Mid-Block,Non Intersection,No Control,Clear,"Dark, artificial",Dry,Non-Fatal Injury,SMV Unattended Vehicle,D11,93,Dovercourt-Wallace Emerson-Junction (93),"{'type': 'Point', 'coordinates': (-79.45102200000001, 43.665156)}"
7001025478,2017,00:00.0,1543,15,DANFORTH AV,COXWELL AV              (542),10 m East of,1,Toronto and East York,NULL,NULL,Intersection,Intersection Related,Traffic Signal,Clear,Daylight,Dry,Non-Fatal Injury,Cyclist Collisions,D55,66,Danforth (66),"{'type': 'Point', 'coordinates': (-79.323482, 43.68339400000001)}"
7001052989,2017,00:00.0,1606,16,5085 SHEPPARD AVE E,NULL,NULL,1,Scarborough,23,42,Mid-Block,Non Intersection,No Control,Clear,Daylight,Dry,Fatal,Turning Movement,D42,128,Agincourt South-Malvern West (128),"{'type': 'Point', 'coordinates': (-79.24007, 43.793505)}"
7001030494,2017,00:00.0,1055,10,DANFORTH RD,WETHERBY DR,35 m South of,1,Scarborough,21,43,Mid-Block,Non Intersection,No Control,Clear,Daylight,Dry,Non-Fatal Injury,Other,D43,138,Eglinton East (138),"{'type': 'Point', 'coordinates': (-79.24549400000001, 43.73878)}"
7001031526,2017,00:00.0,1404,14,FINCH  AVE E,PHARMACY AVE,233 m East of,1,Scarborough,22,42,Mid-Block,Non Intersection,No Control,Clear,Daylight,Dry,Non-Fatal Injury,Pedestrian Collisions,D42,117,L'Amoreaux (117),"{'type': 'Point', 'coordinates': (-79.323169, 43.794886)}"
7001036218,2017,00:00.0,635,6,50 TORYORK DR,NULL,3 m East of,2,Etobicoke York,7,31,Mid-Block,At/Near Private Drive,No Control,Clear,"Dark, artificial",Dry,Non-Fatal Injury,SMV Other,D31,21,Humber Summit (21),"{'type': 'Point', 'coordinates': (-79.544574, 43.753699)}"
7001038789,2017,00:00.0,1605,16,5 WAKUNDA PL,O CONNOR DR,NULL,1,Toronto and East York,19,54,Intersection,Intersection Related,No Control,Clear,Daylight,Dry,Non-Fatal Injury,Cyclist Collisions,D54,43,Victoria Village (43),"{'type': 'Point', 'coordinates': (-79.304904, 43.715914)}"
7001039810,2017,00:00.0,1922,19,1755 LAKE SHORE BLVD W,NULL,9 m North of,1,Toronto and East York,4,11,Mid-Block,Non Intersection,No Control,Clear,Daylight,Dry,Non-Fatal Injury,Sideswipe,D11,85,South Parkdale (85),"{'type': 'Point', 'coordinates': (-79.457416, 43.637885)}"
7001050075,2017,00:00.0,854,8,BATHURST ST,REINER RD,3 m South of,1,North York,6,32,Intersection,At Intersection,Stop Sign,Clear,Daylight,Dry,Non-Fatal Injury,Turning Movement,D32,38,Lansing-Westgate (38),"{'type': 'Point', 'coordinates': (-79.437686, 43.752307)}"
7001052622,2017,00:00.0,1505,15,BURNHAMTHORPE RD,MARTIN GROVE RD,25 m West of,1,Etobicoke York,2,22,Mid-Block,Intersection Related,No Control,Clear,Daylight,Dry,Non-Fatal Injury,Rear End,D22,14,Islington-City Centre West (14),"{'type': 'Point', 'coordinates': (-79.548938, 43.648734)}"
7001053469,2017,00:00.0,1719,17,SHEPPARD AVE E,DON MILLS RD,1 m West of,1,North York,17,33,Intersection,At Intersection,Traffic Controller,Clear,Daylight,Dry,Non-Fatal Injury,Rear End,D33,53,Henry Farm (53),"{'type': 'Point', 'coordinates': (-79.347003, 43.775035)}"
7001054440,2017,00:00.0,2001,20,DON VALLEY PARKWAY  N,EGLINTON AVE E,80 m North of,NULL,North York,16,33,Mid-Block,Non Intersection,No Control,Clear,Daylight,Dry,Non-Fatal Injury,Sideswipe,D33,42,Banbury-Don Mills (42),"{'type': 'Point', 'coordinates': (-79.330257, 43.725211)}"
7001065894,2017,00:00.0,1200,12,MORNINGVIEW TRL,BLACKHURST CRT,3 m South of,4,Scarborough,25,42,Intersection,Intersection Related,No Control,Clear,Daylight,Dry,Non-Fatal Injury,Pedestrian Collisions,D42,131,Rouge (131),"{'type': 'Point', 'coordinates': (-79.200221, 43.818915000000004)}"
7001069873,2017,00:00.0,21,0,LAKE SHORE BLVD E,CARLAW AVE,NULL,1,Toronto and East York,14,55,Intersection,At Intersection,Traffic Signal,Clear,"Dark, artificial",Dry,Non-Fatal Injury,Turning Movement,D55,70,South Riverdale (70),"{'type': 'Point', 'coordinates': (-79.337398, 43.654887)}"
7001074054,2017,00:00.0,1513,15,DUFFERIN ST,HUNTER AVE,200 m South of,1,Toronto and East York,NULL,13,Mid-Block,Non Intersection,No Control,Clear,Daylight,Dry,Non-Fatal Injury,Rear End,D13,107,Oakwood Village (107),"{'type': 'Point', 'coordinates': (-79.449458, 43.693637)}"
7001075427,2017,00:00.0,1820,18,YONGE  ST,ADELAIDE ST W,12 m South of,1,Toronto and East York,13,NULL,Intersection,Intersection Related,No Control,Clear,Daylight,Dry,Non-Fatal Injury,Sideswipe,D51,75,Church-Yonge Corridor (75),"{'type': 'Point', 'coordinates': (-79.378429, 43.65033600000001)}"
7001076312,2017,00:00.0,2101,21,MARTIN GROVE RD,SILVERSTONE DR,101 m South of,3,Etobicoke York,1,23,Mid-Block,Non Intersection,No Control,Rain,"Dark, artificial",Wet,Non-Fatal Injury,Pedestrian Collisions,D23,2,Mount Olive-Silverstone-Jamestown (2),"{'type': 'Point', 'coordinates': (-79.598178, 43.75002500000001)}"
7001100297,2017,00:00.0,1227,12,5799 YONGE ST,NULL,2 m East of,1,North York,18,32,Mid-Block,At/Near Private Drive,Stop Sign,Clear,Daylight,Dry,Non-Fatal Injury,Pedestrian Collisions,D32,50,Newtonbrook East (50),"{'type': 'Point', 'coordinates': (-79.416782, 43.784888)}"
7001101719,2017,00:00.0,1550,15,SIMCOE ST,QUEEN ST W,7 m North of,1,Toronto and East York,10,52,Intersection,Laneway,No Control,Clear,Daylight,Dry,Non-Fatal Injury,Pedestrian Collisions,D52,76,Bay Street Corridor (76),"{'type': 'Point', 'coordinates': (-79.387454, 43.65059500000001)}"
7001109368,2017,00:00.0,1700,17,LAWRENCE AVE W,KIMBARK BLVD,12 m West of,1,North York,8,NULL,Intersection,At Intersection,No Control,Clear,Daylight,Dry,Non-Fatal Injury,SMV Other,D53,39,Bedford Park-Nortown (39),"{'type': 'Point', 'coordinates': (-79.41846, 43.721591)}"
7001122471,2017,00:00.0,1510,15,YORKVILLE AVE,YONGE ST,65 m West of,2,Toronto and East York,11,53,Mid-Block,Non Intersection,No Control,Clear,Daylight,Dry,Non-Fatal Injury,Pedestrian Collisions,D53,95,Annex (95),"{'type': 'Point', 'coordinates': (-79.389255, 43.671492)}"
7001140517,2017,00:00.0,1045,10,WELLESLEY ST E,CHURCH ST,NULL,3,Toronto and East York,13,51,Intersection,At Intersection,Traffic Signal,Clear,Daylight,Dry,Non-Fatal Injury,Pedestrian Collisions,D51,75,Church-Yonge Corridor (75),"{'type': 'Point', 'coordinates': (-79.380916, 43.665648)}"
7001155336,2017,00:00.0,1155,11,ST CLAIR AVE W,AVENUE RD,29 m West of,1,North York,12,53,Mid-Block,Non Intersection,No Control,Clear,Daylight,Dry,Non-Fatal Injury,Pedestrian Collisions,D53,96,Casa Loma (96),"{'type': 'Point', 'coordinates': (-79.401767, 43.686503)}"
7000224611,2017,00:00.0,1330,13,DRIFTWOOD  AVE,VENETIAN  CRES,19 m South of,2,Etobicoke York,7,31,Intersection,Intersection Related,Stop Sign,Drifting Snow,Daylight,Wet,Non-Fatal Injury,Turning Movement,D31,25,Glenfield-Jane Heights (25),"{'type': 'Point', 'coordinates': (-79.513667, 43.754115)}"
7001559045,2017,00:00.0,1845,18,OSSINGTON  AVE,HARBORD ST,30 m North of,3,Toronto and East York,NULL,14,Intersection,Intersection Related,No Control,Clear,Daylight,Dry,Non-Fatal Injury,Turning Movement,D14,80,Palmerston-Little Italy (80),"{'type': 'Point', 'coordinates': (-79.424274, 43.658473)}"
7000788679,2017,00:00.0,151,1,116 KING ST,NULL,3 m North of,4,Etobicoke York,5,12,Mid-Block,Non Intersection,No Control,Rain,"Dark, artificial",Wet,Non-Fatal Injury,SMV Other,D12,113,Weston (113),"{'type': 'Point', 'coordinates': (-79.515132, 43.706057)}"
7001386186,2017,00:00.0,123,1,BRIMLEY RD,SHEPPARD AVE E,NULL,1,Scarborough,23,42,Intersection,At Intersection,Traffic Signal,Clear,"Dark, artificial",Dry,Non-Fatal Injury,Turning Movement,D42,128,Agincourt South-Malvern West (128),"{'type': 'Point', 'coordinates': (-79.26827600000001, 43.787505)}"
7001559583,2017,00:00.0,2010,20,RENFORTH DR,SILVER DART DR,3 m South of,1,Etobicoke York,1,23,Intersection,At Intersection,Traffic Signal,Clear,"Dark, artificial",Dry,Non-Fatal Injury,SMV Other,D23,1,West Humber-Clairville (1),"{'type': 'Point', 'coordinates': (-79.593196, 43.676356)}"
6002243964,2016,00:00.0,1132,11,BAYVIEW AVE,BAYVIEW MEWS LANE,NULL,1,North York,NULL,NULL,Intersection,At Intersection,Traffic Signal,Clear,Daylight,Dry,Non-Fatal Injury,Pedestrian Collisions,D33,52,Bayview Village (52),"{'type': 'Point', 'coordinates': (-79.388622, 43.769309)}"
7000792662,2017,00:00.0,1616,16,WYCHCREST AVE,SHAW ST,NULL,2,Toronto and East York,12,13,Intersection,At Intersection,Stop Sign,Rain,Daylight,Wet,Non-Fatal Injury,SMV Other,D13,94,Wychwood (94),"{'type': 'Point', 'coordinates': (-79.427295, 43.672232)}"
7000795019,2017,00:00.0,2359,23,MORNINGSIDE AVE,SEWELLS RD,north of,3,Scarborough,25,42,Mid-Block,Non Intersection,No Control,Clear,"Dark, artificial",NULL,Fatal,Approaching,D42,131,Rouge (131),"{'type': 'Point', 'coordinates': (-79.211665, 43.816607)}"
7000239280,2017,00:00.0,1909,19,MORTIMER AVE,BROADVIEW AVE,42 m East of,3,Toronto and East York,14,54,Mid-Block,Non Intersection,No Control,Rain,"Dark, artificial",Wet,Non-Fatal Injury,Pedestrian Collisions,D54,57,Broadview North (57),"{'type': 'Point', 'coordinates': (-79.356281, 43.683955)}"
7001568713,2017,00:00.0,846,8,FINCH AVE W,HUMBER COLLEGE BLVD,23 m West of,1,Etobicoke York,1,23,Mid-Block,Intersection Related,No Control,Clear,Daylight,Dry,Non-Fatal Injury,Rear End,D23,1,West Humber-Clairville (1),"{'type': 'Point', 'coordinates': (-79.609866, 43.734027)}"
7001406926,2017,00:00.0,225,2,BAY ST,FRONT ST W,40 m South of,1,Toronto and East York,10,52,Mid-Block,At/Near Private Drive,No Control,Clear,"Dark, artificial",Dry,Non-Fatal Injury,Pedestrian Collisions,D52,77,Waterfront Communities-The Island (77),"{'type': 'Point', 'coordinates': (-79.378894, 43.645484)}"
7000797636,2017,00:00.0,1248,12,YONGE  ST,GOULD ST,NULL,1,Toronto and East York,NULL,NULL,Intersection,At Intersection,Traffic Signal,Clear,Daylight,Dry,Non-Fatal Injury,Cyclist Collisions,D51,75,Church-Yonge Corridor (75),"{'type': 'Point', 'coordinates': (-79.381328, 43.657344)}"
7000802019,2017,00:00.0,620,6,KING ST E,QUEEN ST E,21 m East of,1,Toronto and East York,13,51,Intersection,Intersection Related,No Control,Clear,"Daylight, artificial",Dry,Non-Fatal Injury,Approaching,D51,73,Moss Park (73),"{'type': 'Point', 'coordinates': (-79.354923, 43.657664)}"
7001474297,2017,00:00.0,1700,17,FAYWOOD  BLVD,WILSON AVE,NULL,1,North York,6,32,Intersection,At Intersection,Stop Sign,Clear,Daylight,Dry,Non-Fatal Injury,Turning Movement,D32,33,Clanton Park (33),"{'type': 'Point', 'coordinates': (-79.446399, 43.734683)}"
7000804511,2017,00:00.0,1630,16,1446 DON MILLS RD,NULL,15 m East of,1,North York,16,33,Mid-Block,Non Intersection,No Control,Clear,Daylight,Dry,Non-Fatal Injury,SMV Other,D33,42,Banbury-Don Mills (42),"{'type': 'Point', 'coordinates': (-79.347278, 43.751673)}"
7000811654,2017,00:00.0,1815,18,WILSON AVE,WILSON HEIGHTS BLVD,NULL,1,North York,6,32,Intersection,At Intersection,Traffic Signal,Clear,Daylight,Dry,Fatal,Turning Movement,D32,33,Clanton Park (33),"{'type': 'Point', 'coordinates': (-79.447238, 43.73451500000001)}"
7000825036,2017,00:00.0,900,9,COLLEGE  ST,HENRY ST,NULL,1,Toronto and East York,11,52,Intersection,At Intersection,No Control,Clear,Daylight,Dry,Non-Fatal Injury,Cyclist Collisions,D52,78,Kensington-Chinatown (78),"{'type': 'Point', 'coordinates': (-79.394641, 43.658881)}"
7000825885,2017,00:00.0,2017,20,ASHTONBEE RD,HAKIMI AV              (411),9 m East of,2,Scarborough,21,41,Intersection,Intersection Related,Traffic Signal,Clear,"Dark, artificial",Dry,Non-Fatal Injury,Turning Movement,D41,119,Wexford/Maryvale (119),"{'type': 'Point', 'coordinates': (-79.292049, 43.729903)}"
7000831003,2017,00:00.0,1550,15,DANFORTH AVE,FERRIER AVE,2 m West of,1,Toronto and East York,14,NULL,Intersection,Intersection Related,No Control,Clear,Daylight,Dry,Non-Fatal Injury,Cyclist Collisions,D55,68,North Riverdale (68),"{'type': 'Point', 'coordinates': (-79.34827, 43.678198)}"
7000832770,2017,00:00.0,2100,21,LANSDOWNE AVE,COLLEGE ST,5 m North of,3,Toronto and East York,9,11,Intersection,At Intersection,Traffic Signal,Clear,"Dusk, artificial",Dry,Non-Fatal Injury,Pedestrian Collisions,D11,83,Dufferin Grove (83),"{'type': 'Point', 'coordinates': (-79.43996, 43.650939)}"
7000838415,2017,00:00.0,1723,17,3160 STEELES AVE E,NULL,26 m West of,1,North York,17,33,Mid-Block,Intersection Related,No Control,Clear,Daylight,Dry,Non-Fatal Injury,Rear End,D33,48,Hillcrest Village (48),"{'type': 'Point', 'coordinates': (-79.344959, 43.814719)}"
7000891518,2017,00:00.0,1740,17,EGLINTON AVE E,DANFORTH RD,NULL,1,Scarborough,NULL,43,Mid-Block,Non Intersection,No Control,Clear,Daylight,Dry,Non-Fatal Injury,Rear End,D43,138,Eglinton East (138),"{'type': 'Point', 'coordinates': (-79.245181, 43.737235)}"
7000844451,2017,00:00.0,1625,16,SPADINA AVENUE,BALDWIN STREET,2 m North of,1,Toronto and East York,11,NULL,Intersection,Intersection Related,No Control,Clear,Daylight,Dry,Non-Fatal Injury,Pedestrian Collisions,D52,78,Kensington-Chinatown (78),"{'type': 'Point', 'coordinates': (-79.398891, 43.655135)}"
7000844839,2017,00:00.0,1740,17,STRACHAN  AVE,DOURO ST,NULL,3,Toronto and East York,10,14,Intersection,At Intersection,Traffic Signal,Clear,Daylight,Dry,Non-Fatal Injury,Cyclist Collisions,D14,82,Niagara (82),"{'type': 'Point', 'coordinates': (-79.411426, 43.640685)}"
7000846259,2017,00:00.0,2246,22,BATHURST ST,AVENAL DR,NULL,1,Toronto and East York,12,13,Intersection,At Intersection,No Control,Clear,"Dark, artificial",Dry,Non-Fatal Injury,Pedestrian Collisions,D13,101,Forest Hill South (101),"{'type': 'Point', 'coordinates': (-79.423534, 43.696036)}"
7000857576,2017,00:00.0,1806,18,JANE ST,DALRYMPLE DR,NULL,1,Etobicoke York,5,12,Intersection,Non Intersection,No Control,Clear,Daylight,Dry,Non-Fatal Injury,Pedestrian Collisions,D12,111,Rockcliffe-Smythe (111),"{'type': 'Point', 'coordinates': (-79.496097, 43.677169)}"
7000840338,2017,00:00.0,2343,23,MORNINGSIDE AVE,STAINES RD,15 m East of,3,Scarborough,25,42,Intersection,At Intersection,Traffic Signal,Clear,"Dark, artificial",Dry,Non-Fatal Injury,SMV Other,D42,132,Malvern (132),"{'type': 'Point', 'coordinates': (-79.221034, 43.819625)}"
7000852096,2017,00:00.0,2230,22,DANFORTH RD,BARRYMORE RD,12 m North of,1,Scarborough,21,43,Intersection,Intersection Related,No Control,Clear,"Dark, artificial",Dry,Non-Fatal Injury,Pedestrian Collisions,D43,127,Bendale (127),"{'type': 'Point', 'coordinates': (-79.24440300000002, 43.750331)}"
7000855624,2017,00:00.0,1315,13,MEADOWVALE RD,SHEPPARD AV E,37 m South of,3,Scarborough,25,42,Mid-Block,Non Intersection,No Control,Clear,Daylight,Dry,Non-Fatal Injury,Turning Movement,D42,131,Rouge (131),"{'type': 'Point', 'coordinates': (-79.170573, 43.807875)}"
7000861875,2017,00:00.0,1135,11,95 ELLESMERE RD,NULL,NULL,1,Scarborough,21,41,Mid-Block,Non Intersection,No Control,Clear,Daylight,Dry,Fatal,SMV Other,D41,119,Wexford/Maryvale (119),"{'type': 'Point', 'coordinates': (-79.311122, 43.758727)}"
7000863403,2017,00:00.0,1535,15,CORBETT  AVE,MOULD  AVE,NULL,4,Etobicoke York,5,12,Intersection,At Intersection,No Control,Clear,Daylight,Dry,Non-Fatal Injury,Pedestrian Collisions,D12,111,Rockcliffe-Smythe (111),"{'type': 'Point', 'coordinates': (-79.488353, 43.671309)}"
7000867225,2017,00:00.0,752,7,MILLWOOD RD,OVERLEA BLVD,20 m South of,1,North York,15,53,Intersection,Intersection Related,Traffic Signal,Clear,Daylight,Dry,Non-Fatal Injury,Cyclist Collisions,D53,55,Thorncliffe Park (55),"{'type': 'Point', 'coordinates': (-79.352802, 43.701914)}"
7000868429,2017,00:00.0,1134,11,MARKHAM RD,EGLINTON AVE E,NULL,1,Scarborough,NULL,43,Intersection,At Intersection,Traffic Signal,Clear,Daylight,Dry,Non-Fatal Injury,Pedestrian Collisions,D43,139,Scarborough Village (139),"{'type': 'Point', 'coordinates': (-79.218875, 43.743109)}"
7000871402,2017,00:00.0,1900,19,SHEPPARD AVE E,YORKLAND RD,NULL,1,North York,17,33,Intersection,At Intersection,Traffic Signal,Clear,Dusk,Dry,Non-Fatal Injury,Pedestrian Collisions,D33,46,Pleasant View (46),"{'type': 'Point', 'coordinates': (-79.337718, 43.775824)}"
7000877614,2017,00:00.0,1423,14,BLOOR ST W,KENNEDY AVE,2 m West of,1,Toronto and East York,4,11,Intersection,Intersection Related,No Control,Clear,Daylight,Dry,Non-Fatal Injury,Pedestrian Collisions,D11,88,High Park North (88),"{'type': 'Point', 'coordinates': (-79.47549, 43.651286)}"
7000887166,2017,00:00.0,2356,23,EGLINTON AVE W,DUPLEX AVE,6 m West of,1,North York,NULL,53,Intersection,At Intersection,Traffic Controller,Clear,"Daylight, artificial",Dry,Non-Fatal Injury,SMV Other,D53,100,Yonge-Eglinton (100),"{'type': 'Point', 'coordinates': (-79.400241, 43.706278)}"
7000906394,2017,00:00.0,900,9,DUNDAS ST E,CARLAW AVE,NULL,3,Toronto and East York,14,55,Intersection,At Intersection,Traffic Signal,Clear,Daylight,Dry,Non-Fatal Injury,Cyclist Collisions,D55,70,South Riverdale (70),"{'type': 'Point', 'coordinates': (-79.341571, 43.664771)}"
7000917334,2017,00:00.0,1815,18,1395 LAKE SHORE BLVD W,NULL,NULL,1,Toronto and East York,4,14,Mid-Block,Non Intersection,No Control,Clear,Daylight,Dry,Fatal,Cyclist Collisions,D14,85,South Parkdale (85),"{'type': 'Point', 'coordinates': (-79.441371, 43.63543200000001)}"
7000925099,2017,00:00.0,2150,21,MOUNT PLEASANT RD,BROADWAY AVE,NULL,1,North York,NULL,53,Intersection,At Intersection,Traffic Signal,Rain,"Dark, artificial",Wet,Non-Fatal Injury,Cyclist Collisions,D53,99,Mount Pleasant East (99),"{'type': 'Point', 'coordinates': (-79.391185, 43.711058)}"
7000933683,2017,00:00.0,548,5,EGLINTON AVE E,VICTORIA PARK AVE,NULL,1,North York,NULL,NULL,Intersection,At Intersection,Traffic Controller,Clear,Dawn,Dry,Non-Fatal Injury,Angle,D41,120,Clairlea-Birchmount (120),"{'type': 'Point', 'coordinates': (-79.302608, 43.72465)}"
7000940892,2017,00:00.0,1025,10,66 BLACKSMITH CRES,NULL,2 m West of,4,North York,7,31,Mid-Block,Non Intersection,No Control,Clear,Daylight,Dry,Non-Fatal Injury,SMV Unattended Vehicle,D31,24,Black Creek (24),"{'type': 'Point', 'coordinates': (-79.524562, 43.771647)}"
7001160269,2017,00:00.0,248,2,196 DUPONT ST,NULL,NULL,1,Toronto and East York,11,53,Mid-Block,Non Intersection,No Control,Rain,"Dark, artificial",Wet,Non-Fatal Injury,Pedestrian Collisions,D53,95,Annex (95),"{'type': 'Point', 'coordinates': (-79.404186, 43.675368)}"
7000244602,2017,00:00.0,1510,15,4 THE DONWAY  E,GUYTOI CRT,3 m North of,3,North York,16,33,Intersection,At/Near Private Drive,No Control,Clear,Daylight,Dry,Non-Fatal Injury,Pedestrian Collisions,D33,42,Banbury-Don Mills (42),"{'type': 'Point', 'coordinates': (-79.341464, 43.732337)}"
6002255305,2016,00:00.0,230,2,JARVIS ST,GERRARD ST E,84 m South of,1,Toronto and East York,13,51,Mid-Block,Non Intersection,No Control,Clear,"Dark, artificial",Wet,Non-Fatal Injury,Sideswipe,D51,73,Moss Park (73),"{'type': 'Point', 'coordinates': (-79.375568, 43.659625)}"
7001412145,2017,00:00.0,2245,22,YORK MILLS RD,YONGE ST,NULL,1,North York,NULL,32,Intersection,At Intersection,Traffic Signal,Clear,"Dark, artificial",Dry,Non-Fatal Injury,Pedestrian Collisions,D32,40,St.Andrew-Windfields (40),"{'type': 'Point', 'coordinates': (-79.40668, 43.744078)}"