ACCNUM,YEAR,DATE,TIME,HOUR,STREET1,STREET2,OFFSET,ROAD_CLASS,DISTRICT,WARDNUM,DIVISION,LOCCOORD,ACCLOC,TRAFFCTL,VISIBILITY,LIGHT,RDSFCOND,ACCLASS,IMPACTYPE,POLICE_DIVISION,HOOD_ID,NEIGHBOURHOOD,geometry
7001571864,2017,00:00.0,1703,17,WELLESLEY ST W,QUEENS PARK CRES E,3 m East of,1,Toronto and East York,11,52,Intersection,At Intersection,Traffic Signal,Clear,Daylight,Dry,Non-Fatal Injury,Cyclist Collisions,D52,76,Bay Street Corridor (76),"{'type': 'Point', 'coordinates': (-79.390605, 43.663512)}"
6001989183,2016,00:00.0,1833,18,ISLINGTON AVE,SUMMITCREST DR,NULL,1,Etobicoke York,2,23,Intersection,At Intersection,Traffic Signal,Rain,"Dark, artificial",Wet,Non-Fatal Injury,Pedestrian Collisions,D23,7,Willowridge-Martingrove-Richview (7),"{'type': 'Point', 'coordinates': (-79.540462, 43.683188)}"
6002256949,2016,00:00.0,959,9,KEELE ST,401 C W KEELE RAMP ST,NULL,1,North York,6,31,Intersection,At Intersection,Traffic Signal,Clear,Daylight,Wet,Non-Fatal Injury,Pedestrian Collisions,D31,26,Downsview-Roding-CFB (26),"{'type': 'Point', 'coordinates': (-79.481548, 43.724372)}"
7000256158,2017,00:00.0,1003,10,QUEEN ST E,SHERBOURNE ST,5 m East of,1,Toronto and East York,13,51,Intersection,At Intersection,Traffic Signal,Clear,Daylight,Dry,Non-Fatal Injury,Pedestrian Collisions,D51,73,Moss Park (73),"{'type': 'Point', 'coordinates': (-79.369418, 43.654452)}"
7001414660,2017,00:00.0,1125,11,KEELE ST,ANNETTE ST,7 m South of,1,Toronto and East York,4,11,Intersection,Intersection Related,Traffic Signal,Clear,Daylight,Dry,Non-Fatal Injury,Pedestrian Collisions,D11,90,Junction Area (90),"{'type': 'Point', 'coordinates': (-79.463763, 43.663581)}"
7001165135,2017,00:00.0,1808,18,THE WEST MALL,CAMBRIAN RD,98 m South of,3,Etobicoke York,2,22,Mid-Block,Non Intersection,No Control,Clear,Daylight,Dry,Non-Fatal Injury,Angle,D22,13,Etobicoke West Mall (13),"{'type': 'Point', 'coordinates': (-79.570628, 43.651934)}"
7001580093,2017,00:00.0,2141,21,YONGE ST,YONGE BLVD,NULL,1,North York,NULL,32,Intersection,At Intersection,Traffic Controller,Clear,"Daylight, artificial",Dry,Non-Fatal Injury,Cyclist Collisions,D32,41,Bridle Path-Sunnybrook-York Mills (41),"{'type': 'Point', 'coordinates': (-79.404529, 43.73429)}"
6002001573,2016,00:00.0,1732,17,BRIMLEY RD,GAGE AVE,NULL,1,Scarborough,21,NULL,Mid-Block,Non Intersection,No Control,Clear,"Dark, artificial",Dry,Fatal,Pedestrian Collisions,D41,127,Bendale (127),"{'type': 'Point', 'coordinates': (-79.254108, 43.750491)}"
6002258295,2016,00:00.0,1340,13,F G GARDINER XY  W,JAMESON AVE,16 m West of,NULL,Toronto and East York,4,14,Mid-Block,Non Intersection,No Control,Clear,Daylight,Dry,Non-Fatal Injury,Rear End,D14,85,South Parkdale (85),"{'type': 'Point', 'coordinates': (-79.434955, 43.633063)}"
7000264756,2017,00:00.0,2011,20,MIDLAND  AVE,SHEPPARD  AVE E,NULL,1,Scarborough,NULL,42,Intersection,At Intersection,Traffic Signal,Clear,"Dark, artificial",Wet,Non-Fatal Injury,Pedestrian Collisions,D42,128,Agincourt South-Malvern West (128),"{'type': 'Point', 'coordinates': (-79.278529, 43.785277)}"
7001604333,2017,00:00.0,30,0,715 MILNER AVE,NULL,30 m East of,3,Scarborough,25,42,Mid-Block,At/Near Private Drive,No Control,Clear,"Dark, artificial",Dry,Non-Fatal Injury,SMV Other,D42,132,Malvern (132),"{'type': 'Point', 'coordinates': (-79.210155, 43.796034)}"
7000264793,2017,00:00.0,2021,20,STEELES AVE W,ISLINGTON AVE,177 m West of,1,Etobicoke York,7,31,Mid-Block,Non Intersection,No Control,Clear,"Dark, artificial",Dry,Non-Fatal Injury,Approaching,D31,21,Humber Summit (21),"{'type': 'Point', 'coordinates': (-79.576625, 43.763838)}"
7000267446,2017,00:00.0,936,9,RICHMOND ST E,JARVIS ST,NULL,1,Toronto and East York,13,51,Intersection,At Intersection,Traffic Signal,Rain,Daylight,Packed Snow,Non-Fatal Injury,Pedestrian Collisions,D51,73,Moss Park (73),"{'type': 'Point', 'coordinates': (-79.372791, 43.652632)}"
7000274781,2017,00:00.0,1507,15,FINCH AVE W,YONGE ST,NULL,1,North York,18,32,Intersection,At Intersection,Traffic Signal,Clear,Daylight,Wet,Non-Fatal Injury,Pedestrian Collisions,D32,51,Willowdale East (51),"{'type': 'Point', 'coordinates': (-79.415538, 43.779696)}"
7000279545,2017,00:00.0,1017,10,ISLINGTON AVE,EGLINTON AVE W,NULL,1,Etobicoke York,2,NULL,Intersection,At Intersection,Traffic Signal,Clear,Daylight,Dry,Non-Fatal Injury,Turning Movement,D22,9,Edenbridge-Humber Valley (9),"{'type': 'Point', 'coordinates': (-79.538974, 43.679766)}"
7000303904,2017,00:00.0,29,0,KIPLING AVE,NEW TORONTO ST,112 m North,1,Etobicoke York,3,22,Mid-Block,Underpass or Tunnel,No Control,Clear,"Dark, artificial",Dry,Fatal,SMV Other,D22,17,Mimico (17),"{'type': 'Point', 'coordinates': (-79.519672, 43.604773)}"
7000304579,2017,00:00.0,347,3,DUFFERIN ST,DUPONT ST,NULL,1,Toronto and East York,9,NULL,Intersection,At Intersection,Traffic Signal,Clear,"Dark, artificial",Dry,Non-Fatal Injury,Angle,D14,93,Dovercourt-Wallace Emerson-Junction (93),"{'type': 'Point', 'coordinates': (-79.438991, 43.668391)}"
7000305009,2017,00:00.0,709,7,DON VALLEY PARKWAY  S,PRINCE EDWARD VIADUCT,150 m North of,NULL,Toronto and East York,14,54,Mid-Block,Non Intersection,No Control,Clear,Daylight,Dry,Non-Fatal Injury,SMV Other,D54,67,Playter Estates-Danforth (67),"{'type': 'Point', 'coordinates': (-79.361957, 43.676798)}"
7000309465,2017,00:00.0,2230,22,UNIVERSITY AVE,QUEEN ST W,11 m North of,1,Toronto and East York,10,52,Intersection,At Intersection,Traffic Signal,Clear,"Dark, artificial",Dry,Non-Fatal Injury,Pedestrian Collisions,D52,76,Bay Street Corridor (76),"{'type': 'Point', 'coordinates': (-79.386592, 43.650778)}"
7000311874,2017,00:00.0,1057,10,KIPLING AVE,GARDINER C W KIPLING  RAMP,NULL,1,Etobicoke York,3,22,Intersection,At Intersection,Traffic Signal,Clear,Daylight,Dry,Non-Fatal Injury,Turning Movement,D22,14,Islington-City Centre West (14),"{'type': 'Point', 'coordinates': (-79.525974, 43.61912)}"
7000313988,2017,00:00.0,1727,17,1000 GERRARD ST E,NULL,98 m West of,3,Toronto and East York,14,55,Mid-Block,Non Intersection,No Control,Clear,Daylight,Dry,Non-Fatal Injury,Pedestrian Collisions,D55,70,South Riverdale (70),"{'type': 'Point', 'coordinates': (-79.338725, 43.668463)}"
7000337302,2017,00:00.0,1022,10,ADELAIDE ST W,BAY ST,NULL,1,Toronto and East York,NULL,52,Intersection,At Intersection,Traffic Signal,Clear,"Daylight, artificial",Dry,Fatal,Pedestrian Collisions,D52,76,Bay Street Corridor (76),"{'type': 'Point', 'coordinates': (-79.380771, 43.649821)}"
7000337987,2017,00:00.0,1200,12,YONGE ST,NORTON AVE,NULL,1,North York,18,32,Intersection,At Intersection,Stop Sign,Clear,Daylight,Dry,Non-Fatal Injury,Pedestrian Collisions,D32,51,Willowdale East (51),"{'type': 'Point', 'coordinates': (-79.413593, 43.772185)}"
7000372559,2017,00:00.0,2020,20,EGLINTON AVE E,VICTORIA PARK AVE,NULL,1,Scarborough,NULL,41,Mid-Block,Non Intersection,No Control,Clear,"Dark, artificial",Dry,Non-Fatal Injury,Pedestrian Collisions,D41,120,Clairlea-Birchmount (120),"{'type': 'Point', 'coordinates': (-79.30141, 43.724738)}"
7000342920,2017,00:00.0,615,6,KING ST W,JAMESON AVE,8 m East of,1,Toronto and East York,4,14,Intersection,At Intersection,Traffic Signal,Rain,Dawn,Wet,Non-Fatal Injury,Pedestrian Collisions,D14,85,South Parkdale (85),"{'type': 'Point', 'coordinates': (-79.435993, 43.637103)}"
7000346961,2017,00:00.0,1818,18,OAKWOOD AVE,STRADER AVE,7 m South of,3,Toronto and East York,12,13,Intersection,At Intersection,No Control,Clear,"Dark, artificial",Dry,Non-Fatal Injury,Pedestrian Collisions,D13,107,Oakwood Village (107),"{'type': 'Point', 'coordinates': (-79.441173, 43.693427)}"
7000355242,2017,00:00.0,300,3,EGLINTON AVE E,BRIMLEY RD,30 m East of,1,Scarborough,NULL,NULL,Mid-Block,Intersection Related,No Control,Clear,"Dark, artificial",Dry,Non-Fatal Injury,Rear End,D41,138,Eglinton East (138),"{'type': 'Point', 'coordinates': (-79.24805, 43.736624)}"
7000366630,2017,00:00.0,2311,23,215 HURON ST,NULL,20 m South of,4,Toronto and East York,11,52,Mid-Block,Non Intersection,No Control,Clear,"Dark, artificial",Dry,Non-Fatal Injury,Cyclist Collisions,D52,79,University (79),"{'type': 'Point', 'coordinates': (-79.398532, 43.659106)}"
7000372975,2017,00:00.0,2122,21,STEELES AVE E,KENNEDY RD,NULL,1,Scarborough,22,42,Intersection,At Intersection,Traffic Signal,Rain,"Dark, artificial",Wet,Non-Fatal Injury,Pedestrian Collisions,D42,130,Milliken (130),"{'type': 'Point', 'coordinates': (-79.307025, 43.823619)}"
7000395986,2017,00:00.0,1001,10,SHEPPARD AVE W,MAGELLAN DR,NULL,1,Etobicoke York,NULL,31,Intersection,At Intersection,Traffic Signal,Clear,Daylight,Dry,Fatal,Pedestrian Collisions,D31,25,Glenfield-Jane Heights (25),"{'type': 'Point', 'coordinates': (-79.509639, 43.7396)}"
7000396718,2017,00:00.0,1249,12,REXDALE BLVD,RAMP TO ENTRANCE RD,6.5 m West of,1,Etobicoke York,1,23,Mid-Block,Non Intersection,No Control,Clear,Daylight,Dry,Fatal,Pedestrian Collisions,D23,1,West Humber-Clairville (1),"{'type': 'Point', 'coordinates': (-79.61201, 43.720431)}"
7000416403,2017,00:00.0,1538,15,BLOOR ST W,KENNEDY PARK RD,8.6 m East of,1,Toronto and East York,4,11,Intersection,Intersection Related,No Control,Clear,Daylight,Dry,Fatal,Approaching,D11,87,High Park-Swansea (87),"{'type': 'Point', 'coordinates': (-79.471744, 43.652056)}"
7000419004,2017,00:00.0,36,0,YONGE ST,MERTON ST,386 m South of,1,Toronto and East York,12,53,Mid-Block,Non Intersection,No Control,Clear,"Dark, artificial",Dry,Non-Fatal Injury,SMV Other,D53,99,Mount Pleasant East (99),"{'type': 'Point', 'coordinates': (-79.395435, 43.692683)}"
7000432401,2017,00:00.0,204,2,SPADINA AV,COLLEGE ST,20 m North of,1,Toronto and East York,11,NULL,Mid-Block,Non Intersection,No Control,Clear,"Dark, artificial",Dry,Non-Fatal Injury,Rear End,D52,79,University (79),"{'type': 'Point', 'coordinates': (-79.40002, 43.657942)}"
7000433628,2017,00:00.0,846,8,LAWRENCE AVE E,CENTENNIAL RD,17 m East of,3,Scarborough,25,43,Intersection,At Intersection,Traffic Signal,Clear,Daylight,Dry,Non-Fatal Injury,Rear End,D43,133,Centennial Scarborough (133),"{'type': 'Point', 'coordinates': (-79.146533, 43.777285)}"
7000451642,2017,00:00.0,1006,10,BRIMWOOD BLVD,WELLPARK BLVD,4 m East of,2,Scarborough,23,42,Intersection,At Intersection,Stop Sign,Clear,Daylight,Dry,Non-Fatal Injury,Cyclist Collisions,D42,129,Agincourt North (129),"{'type': 'Point', 'coordinates': (-79.274318, 43.81272)}"
7000452997,2017,00:00.0,1405,14,CALEDONIA RD,BRIDGELAND AVE,176 m South of,3,North York,8,32,Mid-Block,Non Intersection,No Control,Snow,Daylight,Wet,Non-Fatal Injury,Rear End,D32,31,Yorkdale-Glen Park (31),"{'type': 'Point', 'coordinates': (-79.46939400000001, 43.722506)}"
7000466331,2017,00:00.0,1658,16,BRIMLEY RD,HUNTINGWOOD DR,NULL,1,Scarborough,23,42,Intersection,At Intersection,Traffic Signal,Clear,Daylight,Dry,Non-Fatal Injury,Angle,D42,129,Agincourt North (129),"{'type': 'Point', 'coordinates': (-79.273326, 43.798335)}"
7000485980,2017,00:00.0,1932,19,JARVIS ST,EARL PL,30 m South of,1,Toronto and East York,13,51,Mid-Block,Intersection Related,No Control,Rain,"Dark, artificial",Wet,Fatal,Pedestrian Collisions,D51,74,North St.James Town (74),"{'type': 'Point', 'coordinates': (-79.378894, 43.667636)}"
7000487672,2017,00:00.0,155,1,2677 KIPLING  AVE,NULL,6 m East of,1,Etobicoke York,1,23,Mid-Block,At/Near Private Drive,No Control,Snow,"Dark, artificial",Wet,Non-Fatal Injury,SMV Other,D23,2,Mount Olive-Silverstone-Jamestown (2),"{'type': 'Point', 'coordinates': (-79.584605, 43.748488)}"
7000487878,2017,00:00.0,255,2,106 YORK MILLS RD,NULL,NULL,1,North York,15,32,Mid-Block,Non Intersection,No Control,Clear,"Dark, artificial",Wet,Fatal,SMV Other,D32,41,Bridle Path-Sunnybrook-York Mills (41),"{'type': 'Point', 'coordinates': (-79.397746, 43.745097)}"
7000501083,2017,00:00.0,845,8,LAKE SHORE BLVD E,DON ROADWAY,16 m East of,1,Toronto and East York,14,NULL,Intersection,At Intersection,Traffic Signal,Clear,Daylight,Dry,Non-Fatal Injury,Cyclist Collisions,D51,70,South Riverdale (70),"{'type': 'Point', 'coordinates': (-79.346919, 43.65082)}"
7000501226,2017,00:00.0,905,9,EGLINTON AVE E,BRIMLEY RD,NULL,1,Scarborough,NULL,NULL,Intersection,At Intersection,Traffic Signal,Clear,Daylight,Dry,Non-Fatal Injury,Pedestrian Collisions,D41,138,Eglinton East (138),"{'type': 'Point', 'coordinates': (-79.24805, 43.736624)}"
7000503905,2017,00:00.0,1606,16,401 C E VICTORIA PR N RAMP,VICTORIA PARK AVE,NULL,1,North York,NULL,NULL,Intersection,At Intersection,Traffic Signal,Clear,Daylight,Dry,Non-Fatal Injury,Pedestrian Collisions,D41,119,Wexford/Maryvale (119),"{'type': 'Point', 'coordinates': (-79.319141, 43.766852)}"
7000510048,2017,00:00.0,1440,14,CARLAW AVE,RIVERDALE AVE,NULL,3,Toronto and East York,14,55,Intersection,At Intersection,No Control,Clear,Daylight,Dry,Non-Fatal Injury,Pedestrian Collisions,D55,68,North Riverdale (68),"{'type': 'Point', 'coordinates': (-79.343982, 43.670687)}"
7000513794,2017,00:00.0,653,6,MARTIN GROVE RD,BRUNELLO GT,NULL,3,Etobicoke York,1,23,Intersection,At Intersection,Stop Sign,Clear,Dawn,Dry,Non-Fatal Injury,Turning Movement,D23,2,Mount Olive-Silverstone-Jamestown (2),"{'type': 'Point', 'coordinates': (-79.601611, 43.755927)}"
6002011919,2016,00:00.0,1241,12,WILLOWDALE AVE,ABITIBI AVE,NULL,3,North York,18,32,Intersection,At Intersection,Traffic Signal,Clear,Daylight,Dry,Non-Fatal Injury,Turning Movement,D32,50,Newtonbrook East (50),"{'type': 'Point', 'coordinates': (-79.413745, 43.797526)}"
7001609078,2017,00:00.0,1735,17,MILLWOOD RD,YONGE  ST,297 m East of,4,Toronto and East York,12,53,Mid-Block,Non Intersection,No Control,Clear,Daylight,Dry,Non-Fatal Injury,Pedestrian Collisions,D53,104,Mount Pleasant West (104),"{'type': 'Point', 'coordinates': (-79.393703, 43.69990000000001)}"
6002020311,2016,00:00.0,2225,22,SHEPPARD AVE W,ARLETA AVE,NULL,1,Etobicoke York,NULL,31,Intersection,At Intersection,Traffic Signal,Clear,"Dark, artificial",Dry,Non-Fatal Injury,Turning Movement,D31,25,Glenfield-Jane Heights (25),"{'type': 'Point', 'coordinates': (-79.50146, 43.741427)}"
7001415080,2017,00:00.0,1255,12,DUFFERIN ST,BRANDON AVE,18 m South of BRANDON AV,1,Toronto and East York,9,13,Intersection,Intersection Related,No Control,Clear,Daylight,Dry,Non-Fatal Injury,Turning Movement,D13,93,Dovercourt-Wallace Emerson-Junction (93),"{'type': 'Point', 'coordinates': (-79.439845, 43.670371)}"
7001609405,2017,00:00.0,1832,18,CODSELL AVE,MAXWELL ST,NULL,4,North York,6,32,Intersection,At Intersection,Stop Sign,Clear,Daylight,Dry,Fatal,Pedestrian Collisions,D32,34,Bathurst Manor (34),"{'type': 'Point', 'coordinates': (-79.446689, 43.756312)}"
6002021851,2016,00:00.0,814,8,ARAGON AVE,SHEPPARD AVE E,NULL,1,Scarborough,22,42,Intersection,At Intersection,Traffic Signal,Clear,Daylight,Dry,Fatal,Pedestrian Collisions,D42,118,Tam O'Shanter-Sullivan (118),"{'type': 'Point', 'coordinates': (-79.304355, 43.77949)}"
6002260647,2016,00:00.0,2030,20,BIRCHMOUNT RD,CHALDEAN ST,9 m South of,1,Scarborough,22,42,Intersection,Intersection Related,Stop Sign,Clear,"Dark, artificial",Wet,Non-Fatal Injury,Pedestrian Collisions,D42,117,L'Amoreaux (117),"{'type': 'Point', 'coordinates': (-79.303493, 43.793257)}"
6002274801,2016,00:00.0,356,3,DUFFERIN ST,DOLOMITE DR,NULL,1,North York,6,32,Intersection,At Intersection,Traffic Signal,Rain,"Dark, artificial",Slush,Non-Fatal Injury,SMV Other,D32,34,Bathurst Manor (34),"{'type': 'Point', 'coordinates': (-79.469775, 43.780772)}"
6002279905,2016,00:00.0,705,7,55 BELMONT ST,NULL,NULL,3,Toronto and East York,11,53,Mid-Block,Non Intersection,No Control,Clear,"Dark, artificial",Dry,Non-Fatal Injury,Pedestrian Collisions,D53,95,Annex (95),"{'type': 'Point', 'coordinates': (-79.390941, 43.674994)}"
6002282279,2016,00:00.0,2141,21,LESLIE ST,401 C W LESLIE S RAMP,11 m North of,1,North York,17,33,Intersection,Intersection Related,Traffic Signal,Clear,"Dark, artificial",Dry,Non-Fatal Injury,Pedestrian Collisions,D33,52,Bayview Village (52),"{'type': 'Point', 'coordinates': (-79.36362, 43.767161)}"
6002287717,2016,00:00.0,230,2,TAPSCOTT RD,PASSMORE AVE,5 m South of,3,Scarborough,23,42,Intersection,At Intersection,Stop Sign,Clear,"Dark, artificial",Dry,Non-Fatal Injury,SMV Other,D42,131,Rouge (131),"{'type': 'Point', 'coordinates': (-79.2457, 43.831568)}"
6002297420,2016,00:00.0,1919,19,CALEDONIA RD,EGLINTON AVE W,NULL,1,North York,NULL,13,Intersection,Intersection Related,Traffic Signal,Clear,"Dark, artificial",Dry,Non-Fatal Injury,Pedestrian Collisions,D13,109,Caledonia-Fairbank (109),"{'type': 'Point', 'coordinates': (-79.462169, 43.692958)}"
6002315243,2016,00:00.0,2022,20,EGLINTON AVE E,BERMONDSEY RD,NULL,1,North York,16,NULL,Intersection,Intersection Related,Traffic Signal,Clear,"Dark, artificial",Wet,Non-Fatal Injury,Turning Movement,D54,43,Victoria Village (43),"{'type': 'Point', 'coordinates': (-79.313487, 43.725951)}"
7000003346,2017,00:00.0,1405,14,57 BIMINI CRES,NULL,9 m South of,4,Etobicoke York,7,31,Mid-Block,Non Intersection,No Control,Clear,Daylight,Other,Non-Fatal Injury,SMV Other,D31,24,Black Creek (24),"{'type': 'Point', 'coordinates': (-79.526157, 43.766555)}"
7000010890,2017,00:00.0,10,0,F G GARDINER XY  E,KIPLING AVE,900 m West of,NULL,Etobicoke York,3,22,Mid-Block,Non Intersection,No Control,Rain,"Dark, artificial",Wet,Non-Fatal Injury,Rear End,D22,20,Alderwood (20),"{'type': 'Point', 'coordinates': (-79.535251, 43.615851000000006)}"
7000012031,2017,00:00.0,717,7,LOWER SHERBOURNE ST,THE ESPLANADE,NULL,3,Toronto and East York,NULL,51,Intersection,At Intersection,Traffic Signal,Rain,Dark,Wet,Fatal,Pedestrian Collisions,D51,77,Waterfront Communities-The Island (77),"{'type': 'Point', 'coordinates': (-79.367259, 43.648974)}"
7000036465,2017,00:00.0,16,0,DUFFERIN ST,STEELES AVE W,NULL,1,North York,6,32,Intersection,At Intersection,Traffic Signal,Clear,"Dark, artificial",Dry,Non-Fatal Injury,Angle,D32,34,Bathurst Manor (34),"{'type': 'Point', 'coordinates': (-79.470042, 43.787211)}"
7000041411,2017,00:00.0,2222,22,ISLINGTON AVE,ABERFOYLE CRES,5 m South of,1,Etobicoke York,3,22,Intersection,At Intersection,No Control,Clear,"Dark, artificial",Dry,Non-Fatal Injury,Rear End,D22,14,Islington-City Centre West (14),"{'type': 'Point', 'coordinates': (-79.523776, 43.645438)}"
7000044336,2017,00:00.0,1311,13,BATHURST ST,NINA ST,NULL,1,Toronto and East York,12,13,Intersection,At Intersection,Traffic Signal,Clear,Daylight,Dry,Non-Fatal Injury,Pedestrian Collisions,D13,96,Casa Loma (96),"{'type': 'Point', 'coordinates': (-79.416942, 43.679816)}"
7000045777,2017,00:00.0,1829,18,ELLESMERE RD,MONDEO DR,NULL,1,Scarborough,21,41,Intersection,At Intersection,Traffic Signal,Clear,"Dark, artificial",Dry,Fatal,Pedestrian Collisions,D41,126,Dorset Park (126),"{'type': 'Point', 'coordinates': (-79.287677, 43.764189)}"
7000058719,2017,00:00.0,2003,20,ADELAIDE ST E,CHURCH ST,NULL,1,Toronto and East York,13,51,Intersection,At Intersection,Traffic Signal,Rain,"Dark, artificial",Wet,Non-Fatal Injury,Pedestrian Collisions,D51,75,Church-Yonge Corridor (75),"{'type': 'Point', 'coordinates': (-79.374912, 43.651179)}"
7000072801,2017,00:00.0,2258,22,WESTON RD,VEROBEACH BLVD,252 m South of,1,Etobicoke York,7,31,Mid-Block,Non Intersection,No Control,Clear,"Dark, artificial",Dry,Non-Fatal Injury,SMV Other,D31,22,Humbermede (22),"{'type': 'Point', 'coordinates': (-79.538928, 43.736796)}"
7000084276,2017,00:00.0,1902,19,NEILSON RD,CROW TRL,NULL,3,Scarborough,NULL,42,Intersection,At Intersection,Traffic Signal,Clear,"Dark, artificial",Dry,Non-Fatal Injury,Turning Movement,D42,132,Malvern (132),"{'type': 'Point', 'coordinates': (-79.225711, 43.812148)}"
7000090444,2017,00:00.0,2033,20,YONGE  ST,ALBERTUS AVE,6 m South of,1,North York,NULL,53,Intersection,Intersection Related,No Control,Clear,"Dark, artificial",Dry,Non-Fatal Injury,Pedestrian Collisions,D53,99,Mount Pleasant East (99),"{'type': 'Point', 'coordinates': (-79.399997, 43.714495)}"
7000112853,2017,00:00.0,553,5,KING ST W,BAY ST,NULL,1,Toronto and East York,NULL,52,Intersection,At Intersection,Traffic Signal,Clear,"Dark, artificial",Dry,Non-Fatal Injury,Pedestrian Collisions,D52,76,Bay Street Corridor (76),"{'type': 'Point', 'coordinates': (-79.380237, 43.648577)}"
7000117079,2017,00:00.0,1755,17,COLLINSGROVE RD,LAWRENCE AV E,113 m North of,2,Scarborough,25,43,Mid-Block,Non Intersection,No Control,Clear,"Dark, artificial",Dry,Non-Fatal Injury,Pedestrian Collisions,D43,136,West Hill (136),"{'type': 'Point', 'coordinates': (-79.183154, 43.769919)}"
7000117241,2017,00:00.0,1828,18,KENNEDY RD,MERRIAN RD,30 m North of,1,Scarborough,20,41,Intersection,At Intersection,Traffic Controller,Clear,"Dark, artificial",Wet,Non-Fatal Injury,Rear End,D41,124,Kennedy Park (124),"{'type': 'Point', 'coordinates': (-79.26588, 43.727336)}"
7000119447,2017,00:00.0,527,5,CALEDONIA RD,CASTLEFIELD AVE,NULL,3,North York,8,13,Intersection,At Intersection,Traffic Signal,Clear,"Dark, artificial",Dry,Non-Fatal Injury,Angle,D13,108,Briar Hill-Belgravia (108),"{'type': 'Point', 'coordinates': (-79.463481, 43.698371)}"
7000125598,2017,00:00.0,40,0,BROWNS LINE,LAKESHORE W BROWNS LI RAMP,20 m North,1,Etobicoke York,3,22,Mid-Block,Non Intersection,No Control,"Fog, Mist, Smoke, Dust","Dark, artificial",Wet,Fatal,SMV Other,D22,19,Long Branch (19),"{'type': 'Point', 'coordinates': (-79.542079, 43.592673000000005)}"
7000148860,2017,00:00.0,1635,16,95 REDPATH  AVE,NULL,10 m West of,2,Toronto and East York,12,53,Mid-Block,Non Intersection,No Control,Freezing Rain,Daylight,Wet,Non-Fatal Injury,Pedestrian Collisions,D53,104,Mount Pleasant West (104),"{'type': 'Point', 'coordinates': (-79.392413, 43.706874)}"
7000155315,2017,00:00.0,1440,14,FINCH AVE W,WESTON RD,NULL,1,Etobicoke York,7,31,Intersection,At Intersection,Traffic Signal,Clear,Daylight,Wet,Fatal,Angle,D31,22,Humbermede (22),"{'type': 'Point', 'coordinates': (-79.542331, 43.75201700000001)}"
7000156964,2017,00:00.0,1934,19,BATHURST ST,LENNOX ST,NULL,1,Toronto and East York,11,14,Intersection,At Intersection,Traffic Signal,Rain,"Dark, artificial",Wet,Non-Fatal Injury,Pedestrian Collisions,D14,79,University (79),"{'type': 'Point', 'coordinates': (-79.410678, 43.663756)}"
7000169325,2017,00:00.0,1450,14,FRONT ST W,YONGE ST,100 m West of,3,Toronto and East York,NULL,52,Mid-Block,Non Intersection,No Control,Clear,Daylight,Dry,Non-Fatal Injury,Cyclist Collisions,D52,77,Waterfront Communities-The Island (77),"{'type': 'Point', 'coordinates': (-79.377826, 43.646239)}"
7000178103,2017,00:00.0,110,1,F G GARDINER XY  E,SPADINA AVE,350 m West,1,Toronto and East York,10,14,Mid-Block,Non Intersection,No Control,Clear,Dark,Dry,Fatal,Pedestrian Collisions,D14,77,Waterfront Communities-The Island (77),"{'type': 'Point', 'coordinates': (-79.395633, 43.637957)}"
7000178331,2017,00:00.0,200,2,OAKDALE RD,EDDYSTONE AVE,350 m North of,3,NULL,7,31,Mid-Block,Non Intersection,No Control,Clear,"Dark, artificial",Dry,Non-Fatal Injury,SMV Other,D31,25,Glenfield-Jane Heights (25),"{'type': 'Point', 'coordinates': (-79.526996, 43.749594)}"
7000178684,2017,00:00.0,345,3,F G GARDINER XY  W,SOUTH KINGSWAY RAMP,55 m West of,1,Toronto and East York,4,11,Mid-Block,Non Intersection,No Control,Clear,"Dark, artificial",Dry,Fatal,Rear End,D11,85,South Parkdale (85),"{'type': 'Point', 'coordinates': (-79.472667, 43.633498)}"
7000200382,2017,00:00.0,1415,14,MORNINGSIDE AVE,401 C E MORNINGSIDE AVE S RAMP,NULL,1,Scarborough,NULL,43,Intersection,At Intersection,Traffic Signal,Clear,Daylight,Dry,Non-Fatal Injury,Pedestrian Collisions,D43,134,Highland Creek (134),"{'type': 'Point', 'coordinates': (-79.196475, 43.794795)}"
7001424545,2017,00:00.0,555,5,JANE ST,ALLIANCE AVE,NULL,1,Etobicoke York,5,12,Intersection,At Intersection,Traffic Signal,Clear,Dark,Dry,Non-Fatal Injury,Turning Movement,D12,111,Rockcliffe-Smythe (111),"{'type': 'Point', 'coordinates': (-79.49567, 43.676131)}"