ACCNUM,YEAR,DATE,TIME,HOUR,STREET1,STREET2,OFFSET,ROAD_CLASS,DISTRICT,WARDNUM,DIVISION,LOCCOORD,ACCLOC,TRAFFCTL,VISIBILITY,LIGHT,RDSFCOND,ACCLASS,IMPACTYPE,POLICE_DIVISION,HOOD_ID,NEIGHBOURHOOD,geometry
6002047256,2016,00:00.0,318,3,SHEPPARD AVE E,YONGE ST,NULL,1,North York,18,32,Intersection,At Intersection,Traffic Signal,Clear,"Dark, artificial",Dry,Non-Fatal Injury,Pedestrian Collisions,D32,51,Willowdale East (51),"{'type': 'Point', 'coordinates': (-79.410892, 43.761435)}"
6002050023,2016,00:00.0,1354,13,BLOOR ST W,RENFORTH DR,10 m West of,1,Etobicoke York,2,22,Intersection,Intersection Related,No Control,Clear,Daylight,Dry,Non-Fatal Injury,Pedestrian Collisions,D22,13,Etobicoke West Mall (13),"{'type': 'Point', 'coordinates': (-79.563747, 43.635283)}"
6002057504,2016,00:00.0,1807,18,KENNEDY RD,MCNICOLL AVE,NULL,1,Scarborough,22,42,Intersection,At Intersection,Traffic Signal,Clear,"Dark, artificial",Dry,Non-Fatal Injury,Cyclist Collisions,D42,130,Milliken (130),"{'type': 'Point', 'coordinates': (-79.301906, 43.812064)}"
6002071995,2016,00:00.0,649,6,DEANS DR,WARDEN AVE,NULL,1,Scarborough,20,41,Intersection,At Intersection,Traffic Signal,Clear,"Dark, artificial",Wet,Non-Fatal Injury,Pedestrian Collisions,D41,120,Clairlea-Birchmount (120),"{'type': 'Point', 'coordinates': (-79.282733, 43.716109)}"
6002076706,2016,00:00.0,2040,20,MELROSE ST,GARROCH PL,NULL,4,Etobicoke York,3,22,Intersection,At Intersection,No Control,Clear,"Dark, artificial",Dry,Non-Fatal Injury,Pedestrian Collisions,D22,17,Mimico (17),"{'type': 'Point', 'coordinates': (-79.506374, 43.618716)}"
6002081357,2016,00:00.0,1515,15,CENTENNIAL PARK BLVD,EGLINTON AVE W,NULL,1,Etobicoke York,2,22,Intersection,At Intersection,Traffic Signal,Clear,Daylight,Dry,Non-Fatal Injury,Turning Movement,D22,11,Eringate-Centennial-West Deane (11),"{'type': 'Point', 'coordinates': (-79.598361, 43.65576)}"
6002089290,2016,00:00.0,2010,20,300 GEORGE ST,NULL,NULL,4,Toronto and East York,13,51,Mid-Block,At/Near Private Drive,No Control,Clear,Dark,Wet,Fatal,Pedestrian Collisions,D51,73,Moss Park (73),"{'type': 'Point', 'coordinates': (-79.373676, 43.657778)}"
6002090598,2016,00:00.0,251,2,FINCH AVE E,MIDLAND AVE,NULL,1,Scarborough,NULL,42,Intersection,At Intersection,Traffic Signal,"Fog, Mist, Smoke, Dust","Dark, artificial",Wet,Non-Fatal Injury,Turning Movement,D42,129,Agincourt North (129),"{'type': 'Point', 'coordinates': (-79.28625, 43.803679)}"
6002093548,2016,00:00.0,1403,14,DUNDAS ST W,CORDOVA AVE,34 m East of,1,Etobicoke York,3,22,Mid-Block,Intersection Related,No Control,Clear,Daylight,Dry,Non-Fatal Injury,Approaching,D22,14,Islington-City Centre West (14),"{'type': 'Point', 'coordinates': (-79.528392, 43.649054)}"
6002100980,2016,00:00.0,1807,18,YORK MILLS RD,SCARSDALE RD,8 m West of,1,North York,16,33,Intersection,At Intersection,Traffic Signal,Rain,"Dark, artificial",Wet,Non-Fatal Injury,Pedestrian Collisions,D33,42,Banbury-Don Mills (42),"{'type': 'Point', 'coordinates': (-79.357456, 43.753421)}"
6002108596,2016,00:00.0,124,1,1595 BATHURST ST,LONSMOUNT DR,63 m North of,1,Toronto and East York,12,13,Mid-Block,Non Intersection,No Control,Clear,"Dark, artificial",Dry,Non-Fatal Injury,Pedestrian Collisions,D13,101,Forest Hill South (101),"{'type': 'Point', 'coordinates': (-79.421008, 43.689776)}"
6002114627,2016,00:00.0,2153,21,BLOOR ST E,PARLIAMENT ST,NULL,1,Toronto and East York,13,NULL,Intersection,At Intersection,Traffic Signal,Clear,Dark,Dry,Fatal,SMV Other,D51,71,Cabbagetown-South St.James Town (71),"{'type': 'Point', 'coordinates': (-79.370654, 43.671935)}"
6002116209,2016,00:00.0,720,7,THE EAST MALL,RATHBURN RD,100 m North of,3,Etobicoke York,2,22,Mid-Block,Non Intersection,No Control,Rain,"Dawn, artificial",Wet,Non-Fatal Injury,Pedestrian Collisions,D22,11,Eringate-Centennial-West Deane (11),"{'type': 'Point', 'coordinates': (-79.565013, 43.656016)}"
6002121630,2016,00:00.0,2208,22,BENTWORTH AVE,DUFFERIN ST,9 m East of,1,North York,8,32,Intersection,At Intersection,Traffic Signal,Clear,"Dark, artificial",Dry,Non-Fatal Injury,Pedestrian Collisions,D32,31,Yorkdale-Glen Park (31),"{'type': 'Point', 'coordinates': (-79.456401, 43.721705)}"
6002127930,2016,00:00.0,2106,21,CONCORDE GT,CONCORDE PL,300 m East of,2,North York,16,33,Intersection,At/Near Private Drive,No Control,Rain,"Dark, artificial",Wet,Non-Fatal Injury,Pedestrian Collisions,D33,42,Banbury-Don Mills (42),"{'type': 'Point', 'coordinates': (-79.328357, 43.729285)}"
6002131954,2016,00:00.0,1335,13,COSBURN AVE,CEDARVALE AVE,NULL,2,Toronto and East York,19,54,Intersection,At Intersection,Pedestrian Crossover,Clear,Daylight,Dry,Fatal,Pedestrian Collisions,D54,60,Woodbine-Lumsden (60),"{'type': 'Point', 'coordinates': (-79.315616, 43.696753)}"
6002135820,2016,00:00.0,246,2,PORTLAND ST,ADELAIDE ST W,18 m North of,1,Toronto and East York,10,14,Intersection,Intersection Related,No Control,Clear,"Dark, artificial",Dry,Non-Fatal Injury,SMV Unattended Vehicle,D14,77,Waterfront Communities-The Island (77),"{'type': 'Point', 'coordinates': (-79.400592, 43.645659)}"
6002143224,2016,00:00.0,708,7,VICTORIA PARK AVE,YORK MILLS RD,50 m North of,1,North York,NULL,NULL,Mid-Block,Non Intersection,No Control,Clear,"Dawn, artificial",Dry,Non-Fatal Injury,Pedestrian Collisions,D41,119,Wexford/Maryvale (119),"{'type': 'Point', 'coordinates': (-79.317676, 43.763381)}"
6002149111,2016,00:00.0,706,7,SCARBOROUGH GOLF CLUB RD,KINGSTON RD,15 m South of,1,Scarborough,24,43,Intersection,At Intersection,Traffic Signal,Clear,Dawn,Dry,Non-Fatal Injury,Angle,D43,140,Guildwood (140),"{'type': 'Point', 'coordinates': (-79.209316, 43.745928)}"
6002153175,2016,00:00.0,2315,23,CARLTON STREET,HOMEWOOD AVENUE,NULL,3,Toronto and East York,13,51,Intersection,At Intersection,No Control,Rain,"Dark, artificial",Wet,Non-Fatal Injury,Pedestrian Collisions,D51,73,Moss Park (73),"{'type': 'Point', 'coordinates': (-79.374309, 43.662909)}"
6002160952,2016,00:00.0,712,7,BATHURST ST,REINER RD,NULL,1,North York,6,32,Mid-Block,At Intersection,No Control,Clear,Daylight,Dry,Fatal,Pedestrian Collisions,D32,38,Lansing-Westgate (38),"{'type': 'Point', 'coordinates': (-79.437747, 43.752669)}"
6002164193,2016,00:00.0,1535,15,BLOOR ST W,ALBANY AVE,NULL,1,Toronto and East York,11,14,Intersection,At Intersection,No Control,Clear,Daylight,Dry,Non-Fatal Injury,Cyclist Collisions,D14,79,University (79),"{'type': 'Point', 'coordinates': (-79.409953, 43.665316)}"
6002165166,2016,00:00.0,1836,18,DUFFERIN ST,KING ST W,NULL,1,Toronto and East York,NULL,14,Intersection,At Intersection,Traffic Signal,Rain,"Dark, artificial",Wet,Non-Fatal Injury,Pedestrian Collisions,D14,85,South Parkdale (85),"{'type': 'Point', 'coordinates': (-79.427333, 43.638888)}"
6002165176,2016,00:00.0,1837,18,Queen St E,Dalhousie St,15 m East of,1,Toronto and East York,13,51,Mid-Block,Non Intersection,No Control,Rain,"Dark, artificial",Wet,Non-Fatal Injury,Pedestrian Collisions,D51,75,Church-Yonge Corridor (75),"{'type': 'Point', 'coordinates': (-79.375102, 43.653231)}"
6002166207,2016,00:00.0,2220,22,GERRARD ST E,COXWELL AVE,NULL,3,Toronto and East York,NULL,55,Intersection,At Intersection,Traffic Signal,Rain,"Dark, artificial",Wet,Non-Fatal Injury,Pedestrian Collisions,D55,64,Woodbine Corridor (64),"{'type': 'Point', 'coordinates': (-79.320285, 43.675257)}"
6002203625,2016,00:00.0,2106,21,LAKE SHORE BLVD W,PARKSIDE DR,500 m East of,1,Toronto and East York,4,11,Mid-Block,Non Intersection,No Control,Clear,"Dark, artificial",Dry,Non-Fatal Injury,SMV Other,D11,85,South Parkdale (85),"{'type': 'Point', 'coordinates': (-79.448924, 43.637873)}"
6002166208,2016,00:00.0,2220,22,COXWELL AVE,GERRARD ST E,NULL,3,Toronto and East York,NULL,55,Intersection,At Intersection,Traffic Signal,Rain,"Dark, artificial",Wet,Non-Fatal Injury,Pedestrian Collisions,D55,64,Woodbine Corridor (64),"{'type': 'Point', 'coordinates': (-79.320262, 43.675265)}"
6002180149,2016,00:00.0,255,2,KINGSTON RD,OLD KINGSTON RD,NULL,1,Scarborough,25,43,Intersection,At Intersection,Traffic Signal,Clear,"Dark, artificial",Wet,Non-Fatal Injury,SMV Other,D43,136,West Hill (136),"{'type': 'Point', 'coordinates': (-79.183063, 43.773932)}"
6002195471,2016,00:00.0,1514,15,BLACK CREEK DR,LAWRENCE AVE W,300 m South of,1,Etobicoke York,5,12,Mid-Block,Non Intersection,No Control,Snow,Daylight,Loose Snow,Non-Fatal Injury,SMV Other,D12,30,Brookhaven-Amesbury (30),"{'type': 'Point', 'coordinates': (-79.491756, 43.703303)}"
6002204078,2016,00:00.0,2255,22,232 SEATON ST,NULL,12 m East of,4,Toronto and East York,13,51,Mid-Block,Non Intersection,No Control,Clear,"Dark, artificial",Loose Snow,Non-Fatal Injury,Pedestrian Collisions,D51,73,Moss Park (73),"{'type': 'Point', 'coordinates': (-79.370273, 43.660491)}"
6002208039,2016,00:00.0,1440,14,MIDLAND AVE,KILCULLEN CASTLE GT,NULL,1,Scarborough,NULL,42,Mid-Block,Non Intersection,No Control,Clear,Daylight,Dry,Fatal,Pedestrian Collisions,D42,129,Agincourt North (129),"{'type': 'Point', 'coordinates': (-79.290668, 43.81116)}"
7001424903,2017,00:00.0,801,8,MILLIKEN BLVD,FINCH  AVE E,NULL,1,Scarborough,22,42,Intersection,At Intersection,Traffic Signal,Clear,Daylight,Dry,Non-Fatal Injury,Pedestrian Collisions,D42,117,L'Amoreaux (117),"{'type': 'Point', 'coordinates': (-79.294254, 43.801741)}"
7001169974,2017,00:00.0,1304,13,847 JANE ST,NULL,NULL,2,Etobicoke York,5,12,Mid-Block,Non Intersection,No Control,Clear,Daylight,Dry,Fatal,Cyclist Collisions,D12,111,Rockcliffe-Smythe (111),"{'type': 'Point', 'coordinates': (-79.49451800000001, 43.676146)}"
7001616713,2017,00:00.0,2040,20,GERRARD ST E,HANNAFORD ST,NULL,3,Toronto and East York,19,55,Intersection,At Intersection,No Control,Clear,"Dark, artificial",Dry,Non-Fatal Injury,Cyclist Collisions,D55,62,East End-Danforth (62),"{'type': 'Point', 'coordinates': (-79.293407, 43.685328)}"
7001432218,2017,00:00.0,923,9,DON VALLEY PARKWAY  S,DUNDAS ST E,100 m South of,NULL,Toronto and East York,14,55,Mid-Block,Non Intersection,No Control,Clear,Daylight,Dry,Non-Fatal Injury,Rear End,D55,70,South Riverdale (70),"{'type': 'Point', 'coordinates': (-79.354686, 43.660643)}"
7001442419,2017,00:00.0,1810,18,SHEPPARD AVE E,WATER TOWER GT,30  m East of,1,Scarborough,25,42,Intersection,At Intersection,Traffic Signal,Clear,Daylight,Dry,Fatal,Rear End,D42,131,Rouge (131),"{'type': 'Point', 'coordinates': (-79.194843, 43.803004)}"
7001450084,2017,00:00.0,2117,21,STEELES AVE E,MAXOME AVE,NULL,1,North York,18,32,Mid-Block,Non Intersection,No Control,Rain,"Dark, artificial",Wet,Non-Fatal Injury,Rear End,D32,50,Newtonbrook East (50),"{'type': 'Point', 'coordinates': (-79.404666, 43.801318)}"
7001455540,2017,00:00.0,1917,19,BLACK CREEK DR,PHOTOGRAPHY DR,NULL,1,Etobicoke York,5,12,Intersection,At Intersection,Traffic Signal,Clear,Daylight,Dry,Non-Fatal Injury,Turning Movement,D12,110,Keelesdale-Eglinton West (110),"{'type': 'Point', 'coordinates': (-79.481639, 43.685794)}"
7001457563,2017,00:00.0,237,2,JANE ST,SHOREHAM DR,NULL,1,Etobicoke York,7,31,Intersection,At Intersection,Traffic Signal,Clear,"Dark, artificial",Dry,Non-Fatal Injury,Turning Movement,D31,24,Black Creek (24),"{'type': 'Point', 'coordinates': (-79.520358, 43.768756)}"
7001464361,2017,00:00.0,900,9,VICTORIA PARK AVE,EDGE PARK AVE,15 m South of,1,Toronto and East York,NULL,NULL,Intersection,Intersection Related,No Control,Clear,Daylight,Dry,Non-Fatal Injury,Rear End,D41,120,Clairlea-Birchmount (120),"{'type': 'Point', 'coordinates': (-79.299754, 43.717787)}"
7001470435,2017,00:00.0,407,4,DUNDAS ST E,SHERBOURNE ST,38 m East of,1,Toronto and East York,13,51,Mid-Block,Non Intersection,No Control,Rain,"Dark, artificial",Wet,Fatal,Pedestrian Collisions,D51,73,Moss Park (73),"{'type': 'Point', 'coordinates': (-79.370532, 43.65835100000001)}"
7001489368,2017,00:00.0,2215,22,DUFFERIN ST,CARTWRIGHT  AVE,NULL,1,North York,8,32,Intersection,At Intersection,No Control,Rain,"Dark, artificial",Wet,Non-Fatal Injury,Pedestrian Collisions,D32,31,Yorkdale-Glen Park (31),"{'type': 'Point', 'coordinates': (-79.456859, 43.723784)}"
7001489490,2017,00:00.0,2245,22,WHITE HEATHER BLVD,LONGSWORD  DR,10 m South of,2,Scarborough,23,42,Intersection,At Intersection,No Control,Clear,"Dark, artificial",Dry,Non-Fatal Injury,SMV Other,D42,129,Agincourt North (129),"{'type': 'Point', 'coordinates': (-79.26604, 43.815486)}"
7001492041,2017,00:00.0,1055,10,FAYWOOD  BLVD,WILSON  AVE,1 m South of,1,North York,6,32,Intersection,At Intersection,Stop Sign,Clear,Daylight,Dry,Non-Fatal Injury,Cyclist Collisions,D32,33,Clanton Park (33),"{'type': 'Point', 'coordinates': (-79.446399, 43.734683)}"
7001493534,2017,00:00.0,1444,14,NORTH QUEEN ST,NOVA RD,80 m North of,3,Etobicoke York,3,22,Mid-Block,At/Near Private Drive,Stop Sign,Clear,Daylight,Dry,Non-Fatal Injury,Turning Movement,D22,14,Islington-City Centre West (14),"{'type': 'Point', 'coordinates': (-79.557323, 43.616969)}"
7001494097,2017,00:00.0,1622,16,MIDLAND AVE,EGLINTON AVE E,25 m South of,1,Scarborough,NULL,41,Intersection,Intersection Related,No Control,Clear,Daylight,Dry,Non-Fatal Injury,Pedestrian Collisions,D41,124,Kennedy Park (124),"{'type': 'Point', 'coordinates': (-79.258067, 43.734458)}"
7001496214,2017,00:00.0,2305,23,FINCH  AVE W,DUNCANWOODS  DR,10 m West of,1,Etobicoke York,7,31,Intersection,At Intersection,Traffic Signal,Clear,"Dark, artificial",Dry,Non-Fatal Injury,Pedestrian Collisions,D31,22,Humbermede (22),"{'type': 'Point', 'coordinates': (-79.55759, 43.74872500000001)}"
7001502233,2017,00:00.0,2309,23,HINTON RD,KIPLING AVE,120 m East of,4,Etobicoke York,1,23,Mid-Block,At/Near Private Drive,No Control,Clear,"Dark, artificial",Dry,Non-Fatal Injury,Turning Movement,D23,4,Rexdale-Kipling (4),"{'type': 'Point', 'coordinates': (-79.571864, 43.726092)}"
7001508706,2017,00:00.0,118,1,FINCH AVE W,WESTON RD,213 m West of,1,Etobicoke York,7,31,Mid-Block,Non Intersection,No Control,Clear,"Dark, artificial",Dry,Non-Fatal Injury,Turning Movement,D31,22,Humbermede (22),"{'type': 'Point', 'coordinates': (-79.544833, 43.75149)}"
7001512006,2017,00:00.0,1414,14,ST CLAIR AVE E,BIRCHMOUNT RD,71 m West of,1,Scarborough,20,41,Mid-Block,At/Near Private Drive,No Control,Clear,Daylight,Dry,Non-Fatal Injury,Angle,D41,120,Clairlea-Birchmount (120),"{'type': 'Point', 'coordinates': (-79.272197, 43.713835)}"
7001512799,2017,00:00.0,1634,16,SPADINA CRES,RUSSELL ST,30 m South of,1,Toronto and East York,11,52,Intersection,At Intersection,No Control,Clear,Daylight,Dry,Non-Fatal Injury,Cyclist Collisions,D52,79,University (79),"{'type': 'Point', 'coordinates': (-79.399905, 43.659789)}"
7001528499,2017,00:00.0,1010,10,MAIN ST,GERRARD  ST E,NULL,3,Toronto and East York,19,55,Intersection,At Intersection,Traffic Signal,Clear,Daylight,Dry,Non-Fatal Injury,Cyclist Collisions,D55,62,East End-Danforth (62),"{'type': 'Point', 'coordinates': (-79.300121, 43.683879)}"
7001526213,2017,00:00.0,1525,15,STEELES AVE E,NINTH LINE,84 m West of,3,Scarborough,25,42,Mid-Block,Non Intersection,No Control,Clear,Daylight,Dry,Non-Fatal Injury,Rear End,D42,131,Rouge (131),"{'type': 'Point', 'coordinates': (-79.22684, 43.842215)}"
7001528578,2017,00:00.0,2218,22,KING ST W,STRACHAN AVE,NULL,1,Toronto and East York,10,14,Intersection,At Intersection,Traffic Signal,Clear,"Dark, artificial",Dry,Non-Fatal Injury,Pedestrian Collisions,D14,82,Niagara (82),"{'type': 'Point', 'coordinates': (-79.411929, 43.64197)}"
7001535588,2017,00:00.0,2325,23,VICTORIA PARK AVE,CLINTWOOD GT,NULL,1,North York,NULL,NULL,Intersection,At Intersection,No Control,Clear,"Dark, artificial",Dry,Fatal,Pedestrian Collisions,D41,119,Wexford/Maryvale (119),"{'type': 'Point', 'coordinates': (-79.312076, 43.748763)}"
7001542101,2017,00:00.0,1130,11,DUNDAS ST W,GLADSTONE AVE,60 m East of,3,Toronto and East York,9,14,Mid-Block,Non Intersection,No Control,Clear,Dark,Dry,Fatal,Pedestrian Collisions,D14,84,Little Portugal (84),"{'type': 'Point', 'coordinates': (-79.428958, 43.649501)}"
7001538094,2017,00:00.0,1204,12,EGLINTON AVE E,TORRANCE RD,12 m East of,1,Scarborough,NULL,43,Intersection,At Intersection,Traffic Signal,Clear,Daylight,Dry,Non-Fatal Injury,SMV Other,D43,138,Eglinton East (138),"{'type': 'Point', 'coordinates': (-79.23521700000002, 43.739459)}"
7001544325,2017,00:00.0,1055,10,3738 ST CLAIR AVE E,NULL,NULL,3,Scarborough,20,41,Mid-Block,Non Intersection,No Control,Clear,Daylight,Dry,Fatal,SMV Other,D41,123,Cliffcrest (123),"{'type': 'Point', 'coordinates': (-79.243045, 43.720442)}"
7001553608,2017,00:00.0,1105,11,LESWYN  RD,CALEDONIA  RD,8 m East of,3,North York,8,32,Intersection,Intersection Related,Stop Sign,Clear,Daylight,Dry,Non-Fatal Injury,Pedestrian Collisions,D32,31,Yorkdale-Glen Park (31),"{'type': 'Point', 'coordinates': (-79.467586, 43.715659)}"
7001553173,2017,00:00.0,2054,20,6065 STEELES AVE E,NULL,NULL,1,Scarborough,23,42,Mid-Block,Non Intersection,No Control,Clear,Dark,Dry,Fatal,Pedestrian Collisions,D42,131,Rouge (131),"{'type': 'Point', 'coordinates': (-79.249019, 43.83705)}"
7001555383,2017,00:00.0,849,8,5450 DUNDAS ST W,NULL,5 m South of,1,Etobicoke York,3,22,Mid-Block,At/Near Private Drive,No Control,Clear,Daylight,Dry,Non-Fatal Injury,Pedestrian Collisions,D22,14,Islington-City Centre West (14),"{'type': 'Point', 'coordinates': (-79.543445, 43.632731)}"
7001555657,2017,00:00.0,935,9,SHEPPARD  AVE W,CANYON AVE,6 m West of,1,North York,6,32,Intersection,At Intersection,No Control,Clear,Daylight,Dry,Non-Fatal Injury,Rear End,D32,38,Lansing-Westgate (38),"{'type': 'Point', 'coordinates': (-79.436946, 43.755618)}"
1036453,2008,00:00.0,1646,16,437 DANFORTH Ave,NULL,NULL,1,Toronto and East York,14,NULL,Mid-Block,NULL,No Control,Clear,Daylight,Dry,Non-Fatal Injury,Pedestrian Collisions,D55,68,North Riverdale (68),"{'type': 'Point', 'coordinates': (-79.35039, 43.677745)}"
1069312,2008,00:00.0,2240,22,31 MOORE PARK AVE,NULL,NULL,4,North York,18,32,Mid-Block,NULL,No Control,Clear,Dark,Dry,Non-Fatal Injury,Pedestrian Collisions,D32,36,Newtonbrook West (36),"{'type': 'Point', 'coordinates': (-79.42169, 43.793245)}"
1027277,2008,00:00.0,1432,14,DIXON RD,ISLINGTON AVE,NULL,1,Etobicoke York,NULL,23,Intersection,At Intersection,Traffic Signal,Clear,Daylight,Dry,Non-Fatal Injury,Rear End,D23,6,Kingsview Village-The Westway (6),"{'type': 'Point', 'coordinates': (-79.54669, 43.697045)}"
1062414,2008,00:00.0,630,6,LAWRENCE AVE W,CALEDONIA RD,NULL,1,North York,8,NULL,Mid-Block,NULL,No Control,Clear,Daylight,Dry,Non-Fatal Injury,Sideswipe,D13,31,Yorkdale-Glen Park (31),"{'type': 'Point', 'coordinates': (-79.46719, 43.711345)}"
1032843,2008,00:00.0,2210,22,3111 DANFORTH Ave,NULL,NULL,1,Scarborough,20,41,Mid-Block,NULL,No Control,Clear,Dark,Dry,Non-Fatal Injury,Pedestrian Collisions,D41,121,Oakridge (121),"{'type': 'Point', 'coordinates': (-79.28589, 43.691745)}"
1031943,2008,00:00.0,10,0,CARLAW AVE,EASTERN AVE,NULL,1,Toronto and East York,14,55,Intersection,At Intersection,Traffic Signal,Clear,Dark,Dry,Non-Fatal Injury,Angle,D55,70,South Riverdale (70),"{'type': 'Point', 'coordinates': (-79.33899, 43.658345)}"
1024196,2008,00:00.0,600,6,STEVENSON RD,PAMELA CRT,NULL,4,Etobicoke York,1,23,Mid-Block,NULL,No Control,Clear,Dark,Dry,Non-Fatal Injury,Pedestrian Collisions,D23,2,Mount Olive-Silverstone-Jamestown (2),"{'type': 'Point', 'coordinates': (-79.59299, 43.743345)}"
1053515,2008,00:00.0,700,7,EGLINTON AVE W,AVENUE RD,NULL,1,North York,NULL,53,Intersection,NULL,No Control,Clear,Daylight,Dry,Non-Fatal Injury,Rear End,D53,100,Yonge-Eglinton (100),"{'type': 'Point', 'coordinates': (-79.40829, 43.704645)}"
1037389,2008,00:00.0,1216,12,DUFFERIN ST,ROGERS RD,NULL,1,Toronto and East York,NULL,13,Intersection,At Intersection,Traffic Signal,Clear,Daylight,Dry,Non-Fatal Injury,Pedestrian Collisions,D13,107,Oakwood Village (107),"{'type': 'Point', 'coordinates': (-79.44609, 43.685545)}"
1034287,2008,00:00.0,1849,18,EGLINTON AVE W,SCARLETT RD,NULL,1,Etobicoke York,2,NULL,Intersection,At Intersection,Traffic Signal,Clear,Daylight,Dry,Non-Fatal Injury,Rear End,D22,8,Humber Heights-Westmount (8),"{'type': 'Point', 'coordinates': (-79.51149, 43.683945)}"
1033099,2008,00:00.0,2209,22,KINGSTON RD,GRADWELL DR,NULL,1,Scarborough,20,43,Intersection,NULL,No Control,Rain,Dark,Wet,Non-Fatal Injury,Rear End,D43,123,Cliffcrest (123),"{'type': 'Point', 'coordinates': (-79.23809, 43.720145)}"
1033112,2008,00:00.0,244,2,OSSINGTON AVE,COLLEGE ST,NULL,1,Toronto and East York,NULL,14,Intersection,NULL,Traffic Signal,Rain,Dark,Wet,Fatal,Pedestrian Collisions,D14,81,Trinity-Bellwoods (81),"{'type': 'Point', 'coordinates': (-79.422687, 43.654345)}"
1034749,2008,00:00.0,1110,11,LAMBTON AVE,WESTON RD,NULL,3,Etobicoke York,5,12,Intersection,At Intersection,Traffic Signal,Clear,Daylight,Dry,Non-Fatal Injury,Rear End,D12,111,Rockcliffe-Smythe (111),"{'type': 'Point', 'coordinates': (-79.48399, 43.684245)}"
1034751,2008,00:00.0,1430,14,KENNEDY RD,401 C E KENNEDY N RAMP RD E,NULL,1,Scarborough,21,41,Intersection,NULL,Traffic Signal,Clear,Daylight,Dry,Non-Fatal Injury,Angle,D41,126,Dorset Park (126),"{'type': 'Point', 'coordinates': (-79.28389, 43.773145)}"
1033146,2008,00:00.0,1509,15,PAPE AVE,BAIN AVE,NULL,3,Toronto and East York,14,55,Intersection,At Intersection,Stop Sign,Clear,Daylight,Dry,Non-Fatal Injury,Pedestrian Collisions,D55,69,Blake-Jones (69),"{'type': 'Point', 'coordinates': (-79.34239, 43.672945)}"
1034552,2008,00:00.0,2321,23,FINCH AVE W,WESTMORE DR,NULL,1,Etobicoke York,1,23,Intersection,NULL,Traffic Signal,Clear,Dark,Dry,Non-Fatal Injury,Rear End,D23,1,West Humber-Clairville (1),"{'type': 'Point', 'coordinates': (-79.60099, 43.73464500000001)}"
1033337,2008,00:00.0,1630,16,PARLIAMENT ST,WELLESLEY ST E,NULL,3,Toronto and East York,13,51,Intersection,At Intersection,Traffic Signal,Clear,Daylight,Dry,Non-Fatal Injury,Pedestrian Collisions,D51,71,Cabbagetown-South St.James Town (71),"{'type': 'Point', 'coordinates': (-79.36959, 43.668145)}"
1037550,2008,00:00.0,2100,21,SHEPPARD Aven E,WASHBURN Way,NULL,1,Scarborough,23,42,Mid-Block,NULL,No Control,Clear,Dark,Dry,Non-Fatal Injury,Pedestrian Collisions,D42,132,Malvern (132),"{'type': 'Point', 'coordinates': (-79.22509, 43.796645000000005)}"
1033770,2008,00:00.0,2225,22,STEELES AVE W,YONGE ST,NULL,1,North York,18,32,Intersection,At Intersection,Traffic Signal,Clear,Daylight,Dry,Non-Fatal Injury,Rear End,D32,50,Newtonbrook East (50),"{'type': 'Point', 'coordinates': (-79.42009, 43.797945000000006)}"
1036361,2008,00:00.0,1405,14,YONGE ST,CARLTON ST,NULL,1,Toronto and East York,NULL,NULL,Intersection,At Intersection,Traffic Signal,Clear,Daylight,Dry,Non-Fatal Injury,Pedestrian Collisions,D51,75,Church-Yonge Corridor (75),"{'type': 'Point', 'coordinates': (-79.38309000000001, 43.661345)}"
1036484,2008,00:00.0,1240,12,CARLAW AVE,VICTOR AVE,NULL,3,Toronto and East York,14,55,Intersection,At Intersection,No Control,Clear,Daylight,Dry,Non-Fatal Injury,Pedestrian Collisions,D55,68,North Riverdale (68),"{'type': 'Point', 'coordinates': (-79.34339, 43.669145)}"
1037585,2008,00:00.0,1307,13,KINGSTON Road,OLD KINGSTON Road,NULL,3,Scarborough,25,43,Intersection,At Intersection,No Control,Clear,Daylight,Dry,Non-Fatal Injury,Turning Movement,D43,133,Centennial Scarborough (133),"{'type': 'Point', 'coordinates': (-79.16919, 43.784045)}"
1036978,2008,00:00.0,805,8,BLOOR ST W,OLD MILL TER,NULL,1,Etobicoke York,3,22,Intersection,NULL,Traffic Signal,Clear,Daylight,Dry,Non-Fatal Injury,Cyclist Collisions,D22,15,Kingsway South (15),"{'type': 'Point', 'coordinates': (-79.49539, 43.64964500000001)}"
1036983,2008,00:00.0,845,8,ISLINGTON AVE,RATHBURN RD,NULL,1,Etobicoke York,2,22,Intersection,NULL,Traffic Signal,Clear,Daylight,Dry,Non-Fatal Injury,Turning Movement,D22,9,Edenbridge-Humber Valley (9),"{'type': 'Point', 'coordinates': (-79.53119, 43.662445)}"
1034570,2008,00:00.0,1111,11,PORT UNION RD,RAVINE PARK CRES,NULL,3,Scarborough,25,43,Intersection,At Intersection,Stop Sign,Clear,Daylight,Dry,Non-Fatal Injury,Turning Movement,D43,131,Rouge (131),"{'type': 'Point', 'coordinates': (-79.140193, 43.788043)}"