ACCNUM,YEAR,DATE,TIME,HOUR,STREET1,STREET2,OFFSET,ROAD_CLASS,DISTRICT,WARDNUM,DIVISION,LOCCOORD,ACCLOC,TRAFFCTL,VISIBILITY,LIGHT,RDSFCOND,ACCLASS,IMPACTYPE,POLICE_DIVISION,HOOD_ID,NEIGHBOURHOOD,geometry
1070690,2008,00:00.0,1915,19,ELLESMERE RD,DEEP DENE DR,NULL,3,Scarborough,25,43,Intersection,At Intersection,Stop Sign,Clear,Dark,Other,Non-Fatal Injury,Pedestrian Collisions,D43,134,Highland Creek (134),"{'type': 'Point', 'coordinates': (-79.17029, 43.790845)}"
1075796,2008,00:00.0,920,9,BLOOR ST W,BROCK AVE,NULL,1,Toronto and East York,9,11,NULL,NULL,No Control,Clear,Daylight,Dry,Non-Fatal Injury,Pedestrian Collisions,D11,93,Dovercourt-Wallace Emerson-Junction (93),"{'type': 'Point', 'coordinates': (-79.43869, 43.659245)}"
1074830,2008,00:00.0,1445,14,ROGERS Road,SCOTT Road,NULL,3,Etobicoke York,5,12,Intersection,NULL,No Control,Clear,Daylight,Dry,Non-Fatal Injury,SMV Unattended Vehicle,D12,110,Keelesdale-Eglinton West (110),"{'type': 'Point', 'coordinates': (-79.46909, 43.682345)}"
1071508,2008,00:00.0,840,8,THE WEST MALL,RATHBURN RD,NULL,3,Etobicoke York,2,22,Intersection,At Intersection,Traffic Signal,Clear,Daylight,Dry,Non-Fatal Injury,Pedestrian Collisions,D22,11,Eringate-Centennial-West Deane (11),"{'type': 'Point', 'coordinates': (-79.57249, 43.653045)}"
1122296,2009,00:00.0,1647,16,WOODBINE AVE,MILVERTON BLVD,NULL,1,Toronto and East York,19,54,Intersection,At Intersection,Pedestrian Crossover,Clear,Daylight,Dry,Non-Fatal Injury,Pedestrian Collisions,D54,60,Woodbine-Lumsden (60),"{'type': 'Point', 'coordinates': (-79.31429000000001, 43.689045)}"
1075887,2008,00:00.0,1930,19,BARKWIN DR,ISLINGTON AVE,NULL,1,Etobicoke York,1,23,Intersection,At Intersection,Stop Sign,Clear,Dark,Dry,Non-Fatal Injury,Cyclist Collisions,D23,3,Thistletown-Beaumond Heights (3),"{'type': 'Point', 'coordinates': (-79.56569, 43.738145)}"
1116082,2009,00:00.0,350,3,VICTORIA PARK AVE,LAWRENCE AVE E,NULL,1,North York,NULL,NULL,Intersection,NULL,Traffic Signal,Rain,Dark,Wet,Non-Fatal Injury,SMV Other,D41,119,Wexford/Maryvale (119),"{'type': 'Point', 'coordinates': (-79.30979, 43.742145)}"
1122274,2009,00:00.0,731,7,MARTIN GROVE RD,BETHRIDGE RD,NULL,1,Etobicoke York,1,23,Mid-Block,NULL,No Control,Clear,Daylight,Dry,Non-Fatal Injury,Approaching,D23,1,West Humber-Clairville (1),"{'type': 'Point', 'coordinates': (-79.58039000000001, 43.71224500000001)}"
1117988,2009,00:00.0,2300,23,WARDEN AVE,ELLESMERE RD,NULL,1,Scarborough,21,41,Intersection,At Intersection,Traffic Signal,Rain,Dark,Wet,Non-Fatal Injury,Pedestrian Collisions,D41,119,Wexford/Maryvale (119),"{'type': 'Point', 'coordinates': (-79.30079, 43.761145)}"
1122468,2009,00:00.0,1230,12,WINCOTT DR,SHEFFLEY CRES,NULL,2,Etobicoke York,2,23,Mid-Block,NULL,No Control,Clear,Daylight,Dry,Non-Fatal Injury,Cyclist Collisions,D23,7,Willowridge-Martingrove-Richview (7),"{'type': 'Point', 'coordinates': (-79.54919, 43.686445)}"
1122576,2009,00:00.0,725,7,JOHN ST,WELLINGTON ST W,NULL,3,Toronto and East York,10,52,Intersection,At Intersection,Traffic Signal,Clear,Daylight,Dry,Non-Fatal Injury,Angle,D52,77,Waterfront Communities-The Island (77),"{'type': 'Point', 'coordinates': (-79.38919, 43.645245)}"
7001617319,2017,00:00.0,2217,22,JARVIS ST,DUNDAS ST E,45 m South of,1,Toronto and East York,13,51,Mid-Block,Non Intersection,No Control,Clear,"Dark, artificial",Dry,Non-Fatal Injury,Pedestrian Collisions,D51,73,Moss Park (73),"{'type': 'Point', 'coordinates': (-79.374393, 43.656638)}"
7001621842,2017,00:00.0,1538,15,EGLINTON AVE E,BIMBROK RD,NULL,1,Scarborough,NULL,41,Intersection,At Intersection,No Control,Clear,Daylight,Dry,Non-Fatal Injury,Turning Movement,D41,124,Kennedy Park (124),"{'type': 'Point', 'coordinates': (-79.252017, 43.735778)}"
7001628368,2017,00:00.0,1505,15,BALLIOL ST,BAYVIEW AVE,NULL,1,North York,15,53,Intersection,At Intersection,Stop Sign,Clear,Daylight,Dry,Non-Fatal Injury,Cyclist Collisions,D53,56,Leaside-Bennington (56),"{'type': 'Point', 'coordinates': (-79.373752, 43.701991)}"
7001633721,2017,00:00.0,1221,12,MC CAUL ST,QUEEN ST W,NULL,1,Toronto and East York,10,52,Intersection,At Intersection,Traffic Controller,Clear,Daylight,Dry,Non-Fatal Injury,Turning Movement,D52,77,Waterfront Communities-The Island (77),"{'type': 'Point', 'coordinates': (-79.389713, 43.650122)}"
7001651562,2017,00:00.0,844,8,COSBURN AVE,LESMOUNT AVE,NULL,3,Toronto and East York,14,54,Intersection,At Intersection,No Control,Clear,Daylight,Dry,Non-Fatal Injury,Cyclist Collisions,D54,59,Danforth East York (59),"{'type': 'Point', 'coordinates': (-79.340617, 43.691332)}"
7001653729,2017,00:00.0,1426,14,BIRCHMOUNT RD,WINTERMUTE BLVD,88 m North of,1,Scarborough,22,42,Mid-Block,Non Intersection,No Control,Clear,Daylight,Dry,Non-Fatal Injury,Approaching,D42,116,Steeles (116),"{'type': 'Point', 'coordinates': (-79.314929, 43.81713400000001)}"
7001656927,2017,00:00.0,105,1,BLOOR ST W,BRUNSWICK AVE,NULL,1,Toronto and East York,11,14,Intersection,At Intersection,Traffic Signal,Clear,"Dark, artificial",Dry,Non-Fatal Injury,Cyclist Collisions,D14,95,Annex (95),"{'type': 'Point', 'coordinates': (-79.407436, 43.665908)}"
7001667796,2017,00:00.0,1601,16,DON MILLS RD,GATEWAY BLVD,NULL,1,North York,16,54,Intersection,At Intersection,Traffic Signal,Clear,Daylight,Dry,Non-Fatal Injury,Turning Movement,D54,44,Flemingdon Park (44),"{'type': 'Point', 'coordinates': (-79.336337, 43.714392)}"
7001671435,2017,00:00.0,652,6,STEELES AVE W,HIGHWAY 27  N,200 m East of,1,Etobicoke York,1,23,Mid-Block,Non Intersection,No Control,Clear,Daylight,Dry,Fatal,Turning Movement,D23,1,West Humber-Clairville (1),"{'type': 'Point', 'coordinates': (-79.61288, 43.755641)}"
7001690052,2017,00:00.0,2358,23,LAKE SHORE BLVD W,REMEMBRANCE DR,NULL,1,Toronto and East York,10,14,Intersection,At Intersection,Traffic Signal,Clear,"Dark, artificial",Dry,Non-Fatal Injury,Cyclist Collisions,D14,82,Niagara (82),"{'type': 'Point', 'coordinates': (-79.41974200000001, 43.630351)}"
7001696237,2017,00:00.0,2019,20,LAKE SHORE BLVD W,BRITISH COLUMBIA RD,1 m West of,1,Toronto and East York,4,14,Intersection,At Intersection,Traffic Signal,Clear,"Dark, artificial",Dry,Non-Fatal Injury,Cyclist Collisions,D14,85,South Parkdale (85),"{'type': 'Point', 'coordinates': (-79.42914100000002, 43.631358)}"
7001709828,2017,00:00.0,1953,19,BROADVIEW AVE,NEALON AVE,NULL,3,Toronto and East York,14,54,Intersection,At Intersection,No Control,Clear,Dark,Dry,Fatal,Pedestrian Collisions,D54,57,Broadview North (57),"{'type': 'Point', 'coordinates': (-79.357181, 43.682852)}"
7001722344,2017,00:00.0,1632,16,SCARLETT  RD,EAST DR,NULL,3,Etobicoke York,5,12,Intersection,At Intersection,Traffic Signal,Clear,Daylight,Dry,Non-Fatal Injury,Turning Movement,D12,111,Rockcliffe-Smythe (111),"{'type': 'Point', 'coordinates': (-79.505992, 43.676768)}"
7001725049,2017,00:00.0,50,0,ROCKCLIFFE BLVD,WOOLNER AVE,150 m North of,2,Etobicoke York,5,12,Mid-Block,Non Intersection,No Control,Clear,"Dark, artificial",Dry,Non-Fatal Injury,SMV Other,D12,111,Rockcliffe-Smythe (111),"{'type': 'Point', 'coordinates': (-79.488162, 43.674117)}"
7001774140,2017,00:00.0,1311,13,ROGERS  RD,MCROBERTS AVE,99 m East of,3,Etobicoke York,9,13,Mid-Block,Non Intersection,No Control,Clear,Daylight,Dry,Non-Fatal Injury,Rear End,D13,109,Caledonia-Fairbank (109),"{'type': 'Point', 'coordinates': (-79.455447, 43.683287)}"
7001731321,2017,00:00.0,0,0,YONGE ST,CENTRE AVE,80 m South of,1,North York,18,32,Mid-Block,Non Intersection,No Control,Clear,"Dark, artificial",Dry,Non-Fatal Injury,Pedestrian Collisions,D32,50,Newtonbrook East (50),"{'type': 'Point', 'coordinates': (-79.418277, 43.790942)}"
7001733942,2017,00:00.0,1255,12,DUFFERIN ST,HOPEWELL AVE,1 m South of,1,North York,8,13,Intersection,At Intersection,Stop Sign,Clear,Daylight,Dry,Non-Fatal Injury,Cyclist Collisions,D13,108,Briar Hill-Belgravia (108),"{'type': 'Point', 'coordinates': (-79.451267, 43.698622)}"
7001742051,2017,00:00.0,1652,16,EGLINTON  AVE W,CHILTERN HILL RD,10 m West of,1,North York,NULL,13,Intersection,Intersection Related,Stop Sign,Clear,Daylight,Dry,Non-Fatal Injury,Pedestrian Collisions,D13,106,Humewood-Cedarvale (106),"{'type': 'Point', 'coordinates': (-79.427722, 43.700457)}"
7001744141,2017,00:00.0,2330,23,4673 JANE ST,NULL,6 m North of,1,Etobicoke York,7,31,Mid-Block,Non Intersection,No Control,Clear,"Dark, artificial",Dry,Non-Fatal Injury,Pedestrian Collisions,D31,24,Black Creek (24),"{'type': 'Point', 'coordinates': (-79.52064100000001, 43.770049)}"
7001748240,2017,00:00.0,1505,15,BURNHAMTHORPE RD,SATURN RD,NULL,1,Etobicoke York,2,22,Intersection,At Intersection,Traffic Signal,Clear,Daylight,Dry,Non-Fatal Injury,Turning Movement,D22,13,Etobicoke West Mall (13),"{'type': 'Point', 'coordinates': (-79.575847, 43.642485)}"
7001757365,2017,00:00.0,2125,21,WARDEN AVE,CONTINENTAL PL,NULL,1,Scarborough,21,41,Intersection,At Intersection,No Control,Clear,Dark,Dry,Fatal,Pedestrian Collisions,D41,119,Wexford/Maryvale (119),"{'type': 'Point', 'coordinates': (-79.301257, 43.763491)}"
7001762491,2017,00:00.0,1630,16,BIRCHMOUNT RD,ZENITH DR,NULL,3,Scarborough,20,41,Intersection,Intersection Related,No Control,Clear,Daylight,Dry,Fatal,Pedestrian Collisions,D41,120,Clairlea-Birchmount (120),"{'type': 'Point', 'coordinates': (-79.269771, 43.711009)}"
7001234920,2017,00:00.0,1250,12,DON MILLS RD,MCNICOLL AVE,NULL,1,North York,17,33,Intersection,At Intersection,Traffic Signal,Clear,Daylight,Dry,Non-Fatal Injury,Turning Movement,D33,48,Hillcrest Village (48),"{'type': 'Point', 'coordinates': (-79.35409900000002, 43.799536)}"
7001764156,2017,00:00.0,2135,21,4322 MCCOWAN RD,NULL,30 m South of,1,Scarborough,23,42,Mid-Block,Non Intersection,No Control,Clear,"Dark, artificial",Dry,Fatal,Pedestrian Collisions,D42,130,Milliken (130),"{'type': 'Point', 'coordinates': (-79.274997, 43.829547)}"
7001771267,2017,00:00.0,2325,23,YONGE ST,ORCHARD VIEW BLVD,21 m North of,1,North York,NULL,53,Intersection,Non Intersection,Traffic Signal,Rain,Dark,Wet,Non-Fatal Injury,Pedestrian Collisions,D53,104,Mount Pleasant West (104),"{'type': 'Point', 'coordinates': (-79.398631, 43.708125)}"
7001781044,2017,00:00.0,1615,16,DAVENPORT RD,DOVERCOURT ROAD,NULL,3,Toronto and East York,9,13,Intersection,At Intersection,No Control,Clear,Daylight,Dry,Non-Fatal Injury,Cyclist Collisions,D13,92,Corso Italia-Davenport (92),"{'type': 'Point', 'coordinates': (-79.434612, 43.674288)}"
7001781629,2017,00:00.0,1815,18,BLOOR ST W,SPADINA AVE,NULL,1,Toronto and East York,11,NULL,Intersection,At Intersection,Traffic Signal,Clear,Daylight,Dry,Non-Fatal Injury,Cyclist Collisions,D14,79,University (79),"{'type': 'Point', 'coordinates': (-79.403827, 43.66658300000001)}"
7001784038,2017,00:00.0,645,6,WHITMORE AVE,DUFFERIN ST,NULL,1,North York,8,13,Intersection,At Intersection,Traffic Signal,Clear,Daylight,Dry,Non-Fatal Injury,Pedestrian Collisions,D13,108,Briar Hill-Belgravia (108),"{'type': 'Point', 'coordinates': (-79.451099, 43.697844)}"
7001786322,2017,00:00.0,1327,13,SEWELLS RD,STEELES AVE E,NULL,3,Scarborough,25,42,Intersection,At Intersection,Stop Sign,Clear,Daylight,Dry,Non-Fatal Injury,Turning Movement,D42,131,Rouge (131),"{'type': 'Point', 'coordinates': (-79.209255, 43.846129)}"
7001788522,2017,00:00.0,1915,19,QUEEN ST E,BROADVIEW AVE,25 m East of,1,Toronto and East York,14,55,Mid-Block,Intersection Related,No Control,Clear,"Dark, artificial",Dry,Non-Fatal Injury,SMV Unattended Vehicle,D55,70,South Riverdale (70),"{'type': 'Point', 'coordinates': (-79.349811, 43.658805)}"
7001788556,2017,00:00.0,1925,19,STEELES AVE E,LAURELEAF RD S,NULL,1,North York,17,33,Intersection,At Intersection,Traffic Signal,Clear,"Dark, artificial",Dry,Non-Fatal Injury,Pedestrian Collisions,D33,49,Bayview Woods-Steeles (49),"{'type': 'Point', 'coordinates': (-79.385745, 43.805499)}"
7001174505,2017,00:00.0,306,3,JANE ST,LAWRENCE AVE W,8 m North of,1,Etobicoke York,5,12,Intersection,At Intersection,Traffic Signal,Clear,"Dark, artificial",Dry,Non-Fatal Injury,Rear End,D12,30,Brookhaven-Amesbury (30),"{'type': 'Point', 'coordinates': (-79.503795, 43.702807)}"
7001179140,2017,00:00.0,2240,22,THE WEST MALL,HOLIDAY DR,90 m North of,3,Etobicoke York,2,22,Mid-Block,Non Intersection,No Control,Clear,"Dark, artificial",Dry,Non-Fatal Injury,Pedestrian Collisions,D22,13,Etobicoke West Mall (13),"{'type': 'Point', 'coordinates': (-79.568996, 43.650077)}"
7001297222,2017,00:00.0,1659,16,ELLESMERE RD,KENNEDY RD,NULL,1,Scarborough,21,41,Intersection,At Intersection,Traffic Signal,Clear,Daylight,Dry,Non-Fatal Injury,Other,D41,126,Dorset Park (126),"{'type': 'Point', 'coordinates': (-79.28104, 43.765731)}"
7001187926,2017,00:00.0,1312,13,ST CLAIR AVE W,AVENUE RD,NULL,1,Toronto and East York,12,53,Intersection,At Intersection,Traffic Signal,Clear,Daylight,Dry,Non-Fatal Injury,Cyclist Collisions,D53,97,Yonge-St.Clair (97),"{'type': 'Point', 'coordinates': (-79.40145400000002, 43.686568)}"
7001207044,2017,00:00.0,835,8,DIXON  RD,SKYWAY  AVE,NULL,1,Etobicoke York,1,23,Intersection,At Intersection,Traffic Signal,Clear,Daylight,Dry,Non-Fatal Injury,Cyclist Collisions,D23,1,West Humber-Clairville (1),"{'type': 'Point', 'coordinates': (-79.58678, 43.687876)}"
7001209887,2017,00:00.0,1547,15,DANFORTH AVE,MAIN ST,90 m West of,1,Toronto and East York,19,NULL,Mid-Block,At/Near Private Drive,No Control,Clear,Daylight,Dry,Non-Fatal Injury,Cyclist Collisions,D55,62,East End-Danforth (62),"{'type': 'Point', 'coordinates': (-79.302562, 43.687918)}"
7001212407,2017,00:00.0,2300,23,HIGHWAY 27  N,QUEENS PLATE DR,NULL,1,Etobicoke York,1,23,Intersection,At Intersection,Traffic Signal,Clear,Dark,Dry,Non-Fatal Injury,Turning Movement,D23,1,West Humber-Clairville (1),"{'type': 'Point', 'coordinates': (-79.598026, 43.72275)}"
7001224557,2017,00:00.0,1900,19,KIPLING  AVE,CLEMENT RD,NULL,1,Etobicoke York,2,23,Intersection,At Intersection,Traffic Signal,Clear,Daylight,Dry,Non-Fatal Injury,Turning Movement,D23,7,Willowridge-Martingrove-Richview (7),"{'type': 'Point', 'coordinates': (-79.552768, 43.681307)}"
7001224899,2017,00:00.0,2007,20,BAYVIEW AVE,BLOOR W BAYVIEW N RAMP,240 m North of,1,Toronto and East York,11,53,Mid-Block,Non Intersection,No Control,Clear,Daylight,Dry,Fatal,Turning Movement,D53,56,Leaside-Bennington (56),"{'type': 'Point', 'coordinates': (-79.36806, 43.680995)}"
7001234625,2017,00:00.0,1200,12,LYNVALLEY CRES,VICTORIA PARK AVE,NULL,1,North York,NULL,NULL,Intersection,At Intersection,Traffic Signal,Clear,"Daylight, artificial",Dry,Non-Fatal Injury,Pedestrian Collisions,D41,119,Wexford/Maryvale (119),"{'type': 'Point', 'coordinates': (-79.311778, 43.747889)}"
7001250133,2017,00:00.0,1612,16,BROADVIEW AVE,DUNDAS ST E,120 m South of,3,Toronto and East York,14,55,Mid-Block,Non Intersection,No Control,Rain,Daylight,Wet,Non-Fatal Injury,SMV Other,D55,70,South Riverdale (70),"{'type': 'Point', 'coordinates': (-79.350917, 43.661425)}"
7001269132,2017,00:00.0,1335,13,538 MCLEVIN AVE,NULL,107 m East of,3,Scarborough,25,42,Mid-Block,At/Near Private Drive,No Control,Clear,Daylight,Dry,Non-Fatal Injury,Pedestrian Collisions,D42,132,Malvern (132),"{'type': 'Point', 'coordinates': (-79.216625, 43.810435)}"
7001274774,2017,00:00.0,1045,10,HIGHWAY 27  N,BELFIELD RD,500 m North of,1,Etobicoke York,1,23,Mid-Block,Non Intersection,No Control,Clear,Daylight,Dry,Non-Fatal Injury,SMV Other,D23,1,West Humber-Clairville (1),"{'type': 'Point', 'coordinates': (-79.58858, 43.702597)}"
7001277580,2017,00:00.0,2033,20,1450 CASTLEFIELD AVE,NULL,20 m West of,2,Etobicoke York,5,12,Mid-Block,Non Intersection,No Control,Clear,Daylight,Dry,Non-Fatal Injury,Sideswipe,D12,112,Beechborough-Greenbrook (112),"{'type': 'Point', 'coordinates': (-79.46696800000001, 43.697581)}"
7001286763,2017,00:00.0,737,7,YONGE ST,CAMERON AVE,40 m North of,1,North York,18,32,Mid-Block,Non Intersection,No Control,Clear,Daylight,Dry,Non-Fatal Injury,Cyclist Collisions,D32,51,Willowdale East (51),"{'type': 'Point', 'coordinates': (-79.40994600000002, 43.757689)}"
7001286988,2017,00:00.0,825,8,VICTORIA PARK AVE,FINCH AVE E,NULL,1,North York,NULL,NULL,Intersection,At Intersection,Traffic Signal,Clear,Daylight,Dry,Non-Fatal Injury,Pedestrian Collisions,D42,117,L'Amoreaux (117),"{'type': 'Point', 'coordinates': (-79.331371, 43.793036)}"
7001287888,2017,00:00.0,1054,10,EGLINTON AVE E,MIDLAND AVE,150 m West of,1,Scarborough,NULL,41,Mid-Block,Non Intersection,No Control,Clear,Daylight,Dry,Fatal,Pedestrian Collisions,D41,124,Kennedy Park (124),"{'type': 'Point', 'coordinates': (-79.260021, 43.734023)}"
7001289449,2017,00:00.0,1504,15,BLOOR ST W,JANE ST,NULL,1,Toronto and East York,4,11,Intersection,At Intersection,Traffic Signal,Clear,Daylight,Dry,Fatal,Rear End,D11,87,High Park-Swansea (87),"{'type': 'Point', 'coordinates': (-79.484439, 43.64926)}"
7001291645,2017,00:00.0,2115,21,BATHURST ST,BRENTHALL AVE,20 m  of,1,North York,NULL,32,Intersection,At Intersection,Stop Sign,Clear,"Daylight, artificial",Dry,Non-Fatal Injury,Turning Movement,D32,36,Newtonbrook West (36),"{'type': 'Point', 'coordinates': (-79.443141, 43.774478)}"
7001296811,2017,00:00.0,1548,15,SPADINA RD,MACPHERSON AVE,7 m East of,3,Toronto and East York,12,NULL,Intersection,At Intersection,No Control,Clear,Daylight,Dry,Non-Fatal Injury,Turning Movement,D53,96,Casa Loma (96),"{'type': 'Point', 'coordinates': (-79.407451, 43.675795)}"
7001300231,2017,00:00.0,624,6,BREMNER BLVD,SPADINA AVE,NULL,1,Toronto and East York,10,NULL,Intersection,At Intersection,Traffic Signal,Clear,Daylight,Dry,Non-Fatal Injury,Pedestrian Collisions,D52,77,Waterfront Communities-The Island (77),"{'type': 'Point', 'coordinates': (-79.392963, 43.64049)}"
7001318680,2017,00:00.0,2134,21,ALBION RD,ISLINGTON AVE,NULL,1,Etobicoke York,1,23,Intersection,At Intersection,Traffic Signal,Rain,"Dark, artificial",Wet,Non-Fatal Injury,Turning Movement,D23,3,Thistletown-Beaumond Heights (3),"{'type': 'Point', 'coordinates': (-79.565257, 43.737166)}"
7001319124,2017,00:00.0,2305,23,SCARBOROUGH GOLF CLUB RD,LAWRENCE AVE E,95 m South of,3,Scarborough,24,43,Mid-Block,Non Intersection,No Control,Clear,"Dark, artificial",Dry,Fatal,Pedestrian Collisions,D43,137,Woburn (137),"{'type': 'Point', 'coordinates': (-79.215762, 43.760802)}"
7001320711,2017,00:00.0,620,6,114 TORYORK  DR,NULL,20 m East of,2,Etobicoke York,7,31,Mid-Block,Non Intersection,No Control,Clear,Dawn,Dry,Non-Fatal Injury,SMV Other,D31,21,Humber Summit (21),"{'type': 'Point', 'coordinates': (-79.551357, 43.756503)}"
7001357624,2017,00:00.0,1830,18,YONGE ST,BOGERT AVE,7 m North of,1,North York,18,32,Intersection,At Intersection,No Control,Clear,Daylight,Dry,Non-Fatal Injury,Sideswipe,D32,51,Willowdale East (51),"{'type': 'Point', 'coordinates': (-79.410709, 43.760642000000004)}"
7001340005,2017,00:00.0,746,7,LAWRENCE AVE E,CARNFORTH RD,20 m East of,1,North York,16,33,Intersection,At Intersection,Traffic Signal,Clear,Daylight,Dry,Non-Fatal Injury,Rear End,D33,43,Victoria Village (43),"{'type': 'Point', 'coordinates': (-79.314204, 43.741427)}"
7001343625,2017,00:00.0,1751,17,DUNDAS ST W,CARLYLE ST,NULL,1,Toronto and East York,NULL,14,Intersection,At Intersection,No Control,Clear,Daylight,Dry,Non-Fatal Injury,Cyclist Collisions,D14,78,Kensington-Chinatown (78),"{'type': 'Point', 'coordinates': (-79.404804, 43.652083)}"
7001344660,2017,00:00.0,2100,21,EGLINTON AVE E,VICTORIA PARK AVE,NULL,1,North York,NULL,NULL,Intersection,At Intersection,Traffic Signal,Rain,"Dark, artificial",Wet,Non-Fatal Injury,Pedestrian Collisions,D41,120,Clairlea-Birchmount (120),"{'type': 'Point', 'coordinates': (-79.302608, 43.72465)}"
7001349582,2017,00:00.0,1540,15,QUEEN ST W,YONGE  ST,11 m West of,1,Toronto and East York,13,NULL,Intersection,At Intersection,Traffic Signal,Clear,Daylight,Dry,Non-Fatal Injury,Other,D51,75,Church-Yonge Corridor (75),"{'type': 'Point', 'coordinates': (-79.379222, 43.652369)}"
7001366288,2017,00:00.0,237,2,DUNDAS ST W,KEELE ST,NULL,1,Toronto and East York,4,11,Intersection,At Intersection,Traffic Signal,Clear,Dark,Dry,Non-Fatal Injury,Angle,D11,90,Junction Area (90),"{'type': 'Point', 'coordinates': (-79.464519, 43.665332)}"
7001372110,2017,00:00.0,139,1,BATHURST ST,FINCH AVE W,NULL,1,NULL,NULL,32,Intersection,At Intersection,Traffic Signal,Clear,"Daylight, artificial",Dry,Non-Fatal Injury,Angle,D32,37,Willowdale West (37),"{'type': 'Point', 'coordinates': (-79.442966, 43.773787)}"
8001478093,2018,00:00.0,1420,14,EGLINTON AVE W,SCARLETT RD,NULL,1,Etobicoke York,2,NULL,Intersection,At Intersection,Traffic Signal,Clear,Daylight,Dry,Non-Fatal Injury,Pedestrian Collisions,D22,8,Humber Heights-Westmount (8),"{'type': 'Point', 'coordinates': (-79.511417, 43.68389)}"
8000432892,2018,00:00.0,2240,22,STEELES AVE E,FOUNDERS RD,185 m East of,1,Etobicoke York,7,31,Mid-Block,Non Intersection,No Control,Clear,"Dark, artificial",Dry,Non-Fatal Injury,Pedestrian Collisions,D31,27,York University Heights (27),"{'type': 'Point', 'coordinates': (-79.502116, 43.779681)}"
7003228725,2017,00:00.0,1651,16,MARTIN GROVE RD,BETHRIDGE RD,NULL,1,Etobicoke York,1,23,Intersection,At Intersection,Traffic Signal,Clear,"Dark, artificial",Dry,Non-Fatal Injury,Angle,D23,1,West Humber-Clairville (1),"{'type': 'Point', 'coordinates': (-79.578197, 43.707476)}"
8000243481,2018,00:00.0,313,3,SPADINA AVE,QUEEN ST W,NULL,1,Toronto and East York,10,NULL,Intersection,At Intersection,Traffic Signal,Clear,"Dark, artificial",Slush,Non-Fatal Injury,Pedestrian Collisions,D52,77,Waterfront Communities-The Island (77),"{'type': 'Point', 'coordinates': (-79.396343, 43.648692000000004)}"
8001647335,2018,00:00.0,2218,22,2592 FINCH AVE W,NULL,100 m East of,1,Etobicoke York,7,31,Mid-Block,Non Intersection,No Control,Clear,"Dark, artificial",Dry,Non-Fatal Injury,Angle,D31,22,Humbermede (22),"{'type': 'Point', 'coordinates': (-79.56158000000002, 43.747855)}"
8001481293,2018,00:00.0,26,0,DUFFERIN ST,GIBSON ST,60 m South of,1,Etobicoke York,NULL,13,Mid-Block,Non Intersection,No Control,Clear,"Dark, artificial",Dry,Non-Fatal Injury,Approaching,D13,107,Oakwood Village (107),"{'type': 'Point', 'coordinates': (-79.447826, 43.689715)}"
8001484332,2018,00:00.0,1430,14,CHUDLEIGH RD,HARVIE AVE,NULL,4,Etobicoke York,9,13,Intersection,At Intersection,Stop Sign,Clear,Daylight,Dry,Non-Fatal Injury,Cyclist Collisions,D13,109,Caledonia-Fairbank (109),"{'type': 'Point', 'coordinates': (-79.45487500000002, 43.688647)}"
8001489549,2018,00:00.0,1039,10,PETHERHILL  AVE,WILSON AVE,85 m South of,4,North York,6,31,Mid-Block,Non Intersection,No Control,Clear,Daylight,Dry,Non-Fatal Injury,SMV Unattended Vehicle,D31,26,Downsview-Roding-CFB (26),"{'type': 'Point', 'coordinates': (-79.490886, 43.723311)}"
8001494074,2018,00:00.0,2301,23,NINTH ST,TENTH ST,NULL,4,Etobicoke York,3,22,Intersection,Intersection Related,No Control,Clear,Dark,Dry,Non-Fatal Injury,Pedestrian Collisions,D22,18,New Toronto (18),"{'type': 'Point', 'coordinates': (-79.507938, 43.601058)}"
8001512528,2018,00:00.0,1555,15,LESLIE ST,EGLINTON AVE E,NULL,1,North York,NULL,33,Intersection,Intersection Related,Stop Sign,Clear,Daylight,Dry,Fatal,Turning Movement,D33,42,Banbury-Don Mills (42),"{'type': 'Point', 'coordinates': (-79.35038300000001, 43.718589)}"
8001498021,2018,00:00.0,1443,14,KNOB HILL DR,OAK ST,120 m North of,2,Etobicoke York,5,12,Mid-Block,Non Intersection,No Control,Clear,Daylight,Dry,Non-Fatal Injury,Turning Movement,D12,113,Weston (113),"{'type': 'Point', 'coordinates': (-79.532375, 43.709212)}"
8001004322,2018,00:00.0,1235,12,SHEPPARD AVE E,GATEFORTH DR,49 m West of,1,Scarborough,23,42,Mid-Block,Non Intersection,No Control,Clear,Daylight,Dry,Non-Fatal Injury,Rear End,D42,132,Malvern (132),"{'type': 'Point', 'coordinates': (-79.231105, 43.79534000000001)}"