ACCNUM,YEAR,DATE,TIME,HOUR,STREET1,STREET2,OFFSET,ROAD_CLASS,DISTRICT,WARDNUM,DIVISION,LOCCOORD,ACCLOC,TRAFFCTL,VISIBILITY,LIGHT,RDSFCOND,ACCLASS,IMPACTYPE,POLICE_DIVISION,HOOD_ID,NEIGHBOURHOOD,geometry
8001506875,2018,00:00.0,1914,19,DUFFERIN ST,DUFFERIN PARK AVE,100 m South of,1,Toronto and East York,9,NULL,Mid-Block,Non Intersection,No Control,Clear,Daylight,Dry,Non-Fatal Injury,SMV Other,D14,83,Dufferin Grove (83),"{'type': 'Point', 'coordinates': (-79.43394800000002, 43.656199)}"
8001518550,2018,00:00.0,1410,14,QUEEN ST W,SIMCOE ST,12 m East of,1,Toronto and East York,10,52,Intersection,Intersection Related,No Control,Clear,Daylight,Wet,Non-Fatal Injury,SMV Other,D52,76,Bay Street Corridor (76),"{'type': 'Point', 'coordinates': (-79.387477, 43.650599)}"
8001522708,2018,00:00.0,223,2,315 UNWIN AVE,NULL,365 m East of REGATTA ROAD,4,Toronto and East York,14,55,Mid-Block,Non Intersection,No Control,Clear,"Dark, artificial",Wet,Non-Fatal Injury,Pedestrian Collisions,D51,70,South Riverdale (70),"{'type': 'Point', 'coordinates': (-79.340259, 43.642554)}"
8001529236,2018,00:00.0,459,4,DANFORTH AVE,ROSEHEATH AVE,NULL,1,Toronto and East York,19,NULL,Intersection,At Intersection,No Control,Clear,"Dark, artificial",Dry,Non-Fatal Injury,Turning Movement,D55,64,Woodbine Corridor (64),"{'type': 'Point', 'coordinates': (-79.318187, 43.684451)}"
8001531985,2018,00:00.0,1543,15,DUNDAS ST W,AUGUSTA AVE,NULL,1,Toronto and East York,NULL,14,Intersection,Intersection Related,No Control,Clear,Daylight,Dry,Non-Fatal Injury,Cyclist Collisions,D14,78,Kensington-Chinatown (78),"{'type': 'Point', 'coordinates': (-79.401103, 43.652201000000005)}"
8001571012,2018,00:00.0,1112,11,5825 YONGE ST,NULL,NULL,1,North York,18,32,Mid-Block,At/Near Private Drive,No Control,Clear,Daylight,Dry,Non-Fatal Injury,Other,D32,50,Newtonbrook East (50),"{'type': 'Point', 'coordinates': (-79.417026, 43.785807)}"
8001538973,2018,00:00.0,1616,16,THE WESTWAY,WINCOTT DR,NULL,3,Etobicoke York,2,23,Intersection,At Intersection,Traffic Signal,Clear,Daylight,Dry,Non-Fatal Injury,Angle,D23,7,Willowridge-Martingrove-Richview (7),"{'type': 'Point', 'coordinates': (-79.549732, 43.687316)}"
8001540104,2018,00:00.0,1918,19,O CONNOR DR,WOODMOUNT AVE,NULL,1,Toronto and East York,19,54,Intersection,Intersection Related,No Control,Clear,Daylight,Dry,Non-Fatal Injury,Pedestrian Collisions,D54,58,Old East York (58),"{'type': 'Point', 'coordinates': (-79.321353, 43.699412)}"
8001542376,2018,00:00.0,630,6,KEELE STREET,STEELES AVENUE WEST,NULL,1,North York,NULL,31,Intersection,At Intersection,Traffic Signal,Clear,"Dawn, artificial",Dry,Non-Fatal Injury,Pedestrian Collisions,D31,27,York University Heights (27),"{'type': 'Point', 'coordinates': (-79.494472, 43.781569000000005)}"
8001547811,2018,00:00.0,2300,23,BLOOR ST W,MADISON AVE,NULL,1,Toronto and East York,11,NULL,Intersection,At Intersection,No Control,Clear,"Dark, artificial",Dry,Non-Fatal Injury,Turning Movement,D52,79,University (79),"{'type': 'Point', 'coordinates': (-79.402667, 43.666831)}"
8001547856,2018,00:00.0,2311,23,109 DOWNSVIEW  AVE,NULL,NULL,4,North York,6,31,Mid-Block,Non Intersection,No Control,Rain,"Dark, artificial",Wet,Non-Fatal Injury,SMV Other,D31,26,Downsview-Roding-CFB (26),"{'type': 'Point', 'coordinates': (-79.500263, 43.72)}"
8001556477,2018,00:00.0,909,9,WARWICK AVE,CHILTERN HILL RD,25 m East of,4,Toronto and East York,12,13,Mid-Block,Non Intersection,No Control,Clear,Daylight,Dry,Non-Fatal Injury,Rear End,D13,106,Humewood-Cedarvale (106),"{'type': 'Point', 'coordinates': (-79.425861, 43.695166)}"
8001558608,2018,00:00.0,1455,14,FIRGROVE CRES,JANE ST,13 m East of,1,North York,7,31,Intersection,At Intersection,Traffic Signal,Clear,Daylight,Dry,Non-Fatal Injury,Pedestrian Collisions,D31,25,Glenfield-Jane Heights (25),"{'type': 'Point', 'coordinates': (-79.517047, 43.754775)}"
8001561276,2018,00:00.0,2235,22,ISLINGTON AVE,EVANS AVE,31 m West of,1,Etobicoke York,3,22,Intersection,At Intersection,Traffic Signal,Clear,"Dark, artificial",Dry,Non-Fatal Injury,Turning Movement,D22,17,Mimico (17),"{'type': 'Point', 'coordinates': (-79.51128700000001, 43.618323000000004)}"
8001565696,2018,00:00.0,1520,15,4331 KINGSTON RD,NULL,5 m South of,1,Scarborough,24,43,Mid-Block,Non Intersection,No Control,Clear,Daylight,Dry,Non-Fatal Injury,Pedestrian Collisions,D43,136,West Hill (136),"{'type': 'Point', 'coordinates': (-79.192264, 43.764628)}"
8001570901,2018,00:00.0,1100,11,DIXON RD,MARTIN GROVE RD,NULL,1,Etobicoke York,NULL,23,Intersection,At Intersection,Traffic Signal,Clear,Daylight,Dry,Non-Fatal Injury,Turning Movement,D23,1,West Humber-Clairville (1),"{'type': 'Point', 'coordinates': (-79.570796, 43.691519)}"
8001574808,2018,00:00.0,2300,23,CHURCH ST,CROSS ST,NULL,2,Etobicoke York,5,12,Intersection,At Intersection,No Control,Clear,"Dark, artificial",Dry,Non-Fatal Injury,Cyclist Collisions,D12,113,Weston (113),"{'type': 'Point', 'coordinates': (-79.523952, 43.703757)}"
8001595104,2018,00:00.0,2341,23,KEELE ST,GLENLAKE AVE,81 m North of,1,Scarborough,4,11,Mid-Block,Non Intersection,No Control,Clear,"Dark, artificial",Dry,Non-Fatal Injury,Pedestrian Collisions,D11,88,High Park North (88),"{'type': 'Point', 'coordinates': (-79.461795, 43.658988)}"
8001595420,2018,00:00.0,115,1,PHARMACY AVE,DORINE CRES,37 m North of,3,Scarborough,20,41,Mid-Block,Non Intersection,No Control,Clear,"Dark, artificial",Dry,Non-Fatal Injury,SMV Other,D41,120,Clairlea-Birchmount (120),"{'type': 'Point', 'coordinates': (-79.292262, 43.713065)}"
8001600081,2018,00:00.0,1725,17,ISLINGTON AVE,AYLESBURY RD,NULL,1,Etobicoke York,2,22,Intersection,At Intersection,No Control,Clear,Daylight,Dry,Non-Fatal Injury,Pedestrian Collisions,D22,9,Edenbridge-Humber Valley (9),"{'type': 'Point', 'coordinates': (-79.532916, 43.666323)}"
8001610788,2018,00:00.0,852,8,330 KINGSTON RD,NULL,NULL,1,Scarborough,19,55,Mid-Block,Non Intersection,No Control,Clear,Daylight,Dry,Non-Fatal Injury,Rear End,D55,63,The Beaches (63),"{'type': 'Point', 'coordinates': (-79.306918, 43.674697)}"
8001610872,2018,00:00.0,911,9,EGLINTON AVE W,ROYAL YORK RD,NULL,1,Etobicoke York,2,NULL,Intersection,At Intersection,Traffic Signal,Clear,Daylight,Dry,Non-Fatal Injury,Turning Movement,D22,9,Edenbridge-Humber Valley (9),"{'type': 'Point', 'coordinates': (-79.526561, 43.68226500000001)}"
8001616700,2018,00:00.0,319,3,KEELE ST,DOVEHOUSE AV,59 m North of,1,North York,6,31,Mid-Block,Non Intersection,No Control,Clear,"Dark, artificial",Dry,Non-Fatal Injury,Approaching,D31,27,York University Heights (27),"{'type': 'Point', 'coordinates': (-79.487598, 43.749606)}"
8001625092,2018,00:00.0,1346,13,DUPONT ST,LANSDOWNE AVE,NULL,1,Toronto and East York,9,11,Intersection,At Intersection,Traffic Signal,Clear,Daylight,Dry,Non-Fatal Injury,Turning Movement,D11,93,Dovercourt-Wallace Emerson-Junction (93),"{'type': 'Point', 'coordinates': (-79.446422, 43.666651)}"
8001626185,2018,00:00.0,1712,17,MARKHAM RD,STEELES AVE E,8 m South of,1,Scarborough,23,42,Intersection,Intersection Related,No Control,Clear,"Daylight, artificial",Wet,Non-Fatal Injury,Rear End,D42,131,Rouge (131),"{'type': 'Point', 'coordinates': (-79.251148, 43.836528)}"
8001631452,2018,00:00.0,1522,15,AVENUE RD,CHAPLIN CRES,NULL,1,Scarborough,12,53,Intersection,At Intersection,Traffic Signal,Clear,Daylight,Dry,Non-Fatal Injury,Angle,D53,100,Yonge-Eglinton (100),"{'type': 'Point', 'coordinates': (-79.406116, 43.698706)}"
8001632520,2018,00:00.0,1902,19,SHEPPARD AVE E,WATER TOWER GT,300 m East of,1,Scarborough,25,42,Mid-Block,Non Intersection,No Control,Clear,Daylight,Dry,Non-Fatal Injury,SMV Other,D42,131,Rouge (131),"{'type': 'Point', 'coordinates': (-79.191318, 43.803816)}"
8001644149,2018,00:00.0,1405,14,TWENTY SIXTH ST,LABURNHAM AVE,17 meters south,4,Etobicoke York,3,22,Mid-Block,Non Intersection,No Control,Clear,Daylight,Dry,Fatal,Pedestrian Collisions,D22,19,Long Branch (19),"{'type': 'Point', 'coordinates': (-79.525653, 43.599353)}"
8000757049,2018,00:00.0,2300,23,STEELES AVE W,ROSSDEAN DR,NULL,1,Etobicoke York,7,31,Intersection,At Intersection,Traffic Signal,Rain,"Dark, artificial",Wet,Non-Fatal Injury,Pedestrian Collisions,D31,21,Humber Summit (21),"{'type': 'Point', 'coordinates': (-79.540614, 43.771422)}"
8001644533,2018,00:00.0,1500,15,OLD WESTON RD,JUNCTION RD,NULL,2,Etobicoke York,NULL,11,Intersection,Intersection Related,No Control,Clear,Daylight,Dry,Non-Fatal Injury,Pedestrian Collisions,D11,91,Weston-Pellam Park (91),"{'type': 'Point', 'coordinates': (-79.461681, 43.66873)}"
7002025111,2017,00:00.0,1838,18,TRETHEWEY DR,IRVING RD,20 m North of,3,Etobicoke York,5,12,Intersection,Non Intersection,No Control,Clear,"Dark, artificial",Dry,Non-Fatal Injury,Cyclist Collisions,D12,112,Beechborough-Greenbrook (112),"{'type': 'Point', 'coordinates': (-79.477252, 43.692324)}"
8001223082,2018,00:00.0,830,8,WESTON RD,KING ST,60 m East of,3,Etobicoke York,5,12,Mid-Block,Non Intersection,No Control,Clear,Daylight,Dry,Non-Fatal Injury,Pedestrian Collisions,D12,113,Weston (113),"{'type': 'Point', 'coordinates': (-79.520068, 43.701152)}"
7002025580,2017,00:00.0,2009,20,KEELE ST,STEELES AVE W,NULL,1,Etobicoke York,NULL,31,Intersection,At Intersection,Traffic Signal,Clear,"Dark, artificial",Dry,Non-Fatal Injury,Turning Movement,D31,27,York University Heights (27),"{'type': 'Point', 'coordinates': (-79.494464, 43.781508)}"
7001794171,2017,00:00.0,1623,16,SENTINEL RD,ASSINIBOINE RD,15 m South of,3,Etobicoke York,7,31,Intersection,At Intersection,No Control,Clear,Daylight,Dry,Fatal,Pedestrian Collisions,D31,27,York University Heights (27),"{'type': 'Point', 'coordinates': (-79.501659, 43.768195)}"
8001649781,2018,00:00.0,1027,10,POST RD,BAYVIEW AVE,60 m East of,2,North York,15,33,Mid-Block,At/Near Private Drive,No Control,Clear,Daylight,Dry,Non-Fatal Injury,Rear End,D33,41,Bridle Path-Sunnybrook-York Mills (41),"{'type': 'Point', 'coordinates': (-79.381061, 43.736422)}"
8000438104,2018,00:00.0,1745,17,WESTON RD,DENISON RD W,3 m East of,3,Etobicoke York,5,12,Intersection,At Intersection,Traffic Signal,Clear,Daylight,Dry,Non-Fatal Injury,Turning Movement,D12,113,Weston (113),"{'type': 'Point', 'coordinates': (-79.50815900000002, 43.696166)}"
8001221845,2018,00:00.0,1030,10,917 QUEEN ST W,NULL,NULL,1,Toronto and East York,10,14,Mid-Block,Non Intersection,No Control,Clear,Daylight,Dry,Non-Fatal Injury,Cyclist Collisions,D14,82,Niagara (82),"{'type': 'Point', 'coordinates': (-79.41237200000002, 43.645442)}"
7003233329,2017,00:00.0,1139,11,COLLEGE ST,OSSINGTON AVE,NULL,1,Toronto and East York,NULL,14,Intersection,At Intersection,Traffic Signal,Other,Daylight,Other,Fatal,Cyclist Collisions,D14,81,Trinity-Bellwoods (81),"{'type': 'Point', 'coordinates': (-79.422664, 43.654326000000005)}"
7002034653,2017,00:00.0,900,9,YONGE ST,CHURCH AVE,NULL,1,North York,18,32,Intersection,At Intersection,Traffic Signal,Clear,Daylight,Wet,Non-Fatal Injury,Pedestrian Collisions,D32,51,Willowdale East (51),"{'type': 'Point', 'coordinates': (-79.413989, 43.773707)}"
8001650518,2018,00:00.0,1225,12,DUPONT ST,DUFFERIN ST,100 m West of,1,Toronto and East York,9,11,Mid-Block,Non Intersection,No Control,Clear,Daylight,Dry,Non-Fatal Injury,Turning Movement,D11,93,Dovercourt-Wallace Emerson-Junction (93),"{'type': 'Point', 'coordinates': (-79.440257, 43.668357)}"
7001798069,2017,00:00.0,830,8,KENNEDY RD,FOXRIDGE DR,NULL,1,Scarborough,20,41,Intersection,At Intersection,No Control,Clear,Daylight,Dry,Non-Fatal Injury,Cyclist Collisions,D41,124,Kennedy Park (124),"{'type': 'Point', 'coordinates': (-79.264446, 43.724085)}"
8001005899,2018,00:00.0,1730,17,YONGE ST,FRANKLIN AVE,10 m East of,1,North York,18,32,Intersection,Intersection Related,No Control,Clear,Daylight,Dry,Non-Fatal Injury,SMV Other,D32,51,Willowdale East (51),"{'type': 'Point', 'coordinates': (-79.409595, 43.756415)}"
8000443959,2018,00:00.0,1555,15,COXWELL AVE,EASTWOOD RD,107 m North of,3,Scarborough,NULL,55,Mid-Block,Non Intersection,No Control,Clear,Daylight,Dry,Non-Fatal Injury,Pedestrian Collisions,D55,64,Woodbine Corridor (64),"{'type': 'Point', 'coordinates': (-79.319652, 43.673754)}"
8001007364,2018,00:00.0,2238,22,DANFORTH AVE,GLEDHILL AVE,NULL,1,Toronto and East York,19,NULL,Intersection,At Intersection,Traffic Signal,Clear,Dark,Dry,Non-Fatal Injury,Pedestrian Collisions,D55,62,East End-Danforth (62),"{'type': 'Point', 'coordinates': (-79.308528, 43.686572)}"
7003236001,2017,00:00.0,1845,18,PASSMORE AVE,MAYBROOK DR,NULL,2,Scarborough,23,42,Mid-Block,Non Intersection,No Control,Other,Daylight,Other,Fatal,Pedestrian Collisions,D42,130,Milliken (130),"{'type': 'Point', 'coordinates': (-79.262767, 43.827811)}"
8000781512,2018,00:00.0,1905,19,DANFORTH AVE,BIRCHMOUNT RD,180 m East of,3,Scarborough,20,41,Mid-Block,Non Intersection,No Control,Clear,Daylight,Dry,Non-Fatal Injury,Rear End,D41,122,Birchcliffe-Cliffside (122),"{'type': 'Point', 'coordinates': (-79.261806, 43.697734)}"
8000244860,2018,00:00.0,943,9,HALLAM ST,OSSINGTON AVE,NULL,3,Toronto and East York,NULL,14,Intersection,At Intersection,Traffic Signal,Clear,Daylight,Wet,Non-Fatal Injury,Pedestrian Collisions,D14,93,Dovercourt-Wallace Emerson-Junction (93),"{'type': 'Point', 'coordinates': (-79.428111, 43.66788)}"
8000460505,2018,00:00.0,1130,11,DUNDAS ST W,HURON ST,20 m West of,1,North York,NULL,52,Intersection,Intersection Related,No Control,Clear,Daylight,Dry,Non-Fatal Injury,Pedestrian Collisions,D52,78,Kensington-Chinatown (78),"{'type': 'Point', 'coordinates': (-79.396121, 43.653273)}"
7002038270,2017,00:00.0,1850,18,O CONNOR DR,PAPE AVE,NULL,1,Toronto and East York,14,54,Intersection,At Intersection,Traffic Signal,Clear,"Dark, artificial",Dry,Non-Fatal Injury,Pedestrian Collisions,D54,58,Old East York (58),"{'type': 'Point', 'coordinates': (-79.350253, 43.693171)}"
7002039286,2017,00:00.0,2233,22,WARDEN AVE,WAYNE AVE,147 M North,1,Scarborough,21,41,Mid-Block,Non Intersection,No Control,Clear,"Dark, artificial",Dry,Fatal,Pedestrian Collisions,D41,119,Wexford/Maryvale (119),"{'type': 'Point', 'coordinates': (-79.292102, 43.738906)}"
7002045766,2017,00:00.0,138,1,BROCK AVE,SEAFORTH  AVE,21 m North of,2,Toronto and East York,4,11,Intersection,At Intersection,No Control,Clear,"Dark, artificial",Dry,Non-Fatal Injury,Pedestrian Collisions,D11,86,Roncesvalles (86),"{'type': 'Point', 'coordinates': (-79.433177, 43.64363)}"
7002059893,2017,00:00.0,1054,10,STEELES AVE E,SHADLOCK ST,20 m East of,1,Scarborough,23,42,Intersection,At Intersection,Traffic Signal,Clear,Daylight,Dry,Non-Fatal Injury,Rear End,D42,130,Milliken (130),"{'type': 'Point', 'coordinates': (-79.261112, 43.834231)}"
7003011875,2017,00:00.0,2100,21,MURRAY ROSS PKWY,SENTINEL RD,NULL,3,Etobicoke York,7,31,Intersection,At Intersection,Traffic Signal,Clear,"Dark, artificial",Dry,Non-Fatal Injury,Pedestrian Collisions,D31,27,York University Heights (27),"{'type': 'Point', 'coordinates': (-79.501285, 43.764743)}"
7003008719,2017,00:00.0,1120,11,FINCH AVE E,RAVEL RD,NULL,1,North York,17,33,Intersection,At Intersection,No Control,Clear,Daylight,Dry,Non-Fatal Injury,Pedestrian Collisions,D33,47,Don Valley Village (47),"{'type': 'Point', 'coordinates': (-79.365299, 43.79027)}"
7003025582,2017,00:00.0,145,1,MARKHAM RD,HIGHWAY 401 C E,NULL,1,Scarborough,24,43,Intersection,At Intersection,Traffic Signal,Rain,"Dark, artificial",Wet,Non-Fatal Injury,Turning Movement,D43,137,Woburn (137),"{'type': 'Point', 'coordinates': (-79.234683, 43.78385)}"
7003035301,2017,00:00.0,1809,18,MORNINGSIDE AVE,CASEBRIDGE CRT,10 m North of,1,Scarborough,25,42,Intersection,At Intersection,Traffic Signal,Clear,"Dark, artificial",Dry,Non-Fatal Injury,Turning Movement,D42,131,Rouge (131),"{'type': 'Point', 'coordinates': (-79.20268600000001, 43.808863)}"
7003059433,2017,00:00.0,840,8,VEROBEACH BLVD,INDRIO RD,NULL,4,Etobicoke York,7,31,Intersection,At Intersection,Stop Sign,Clear,Daylight,Dry,Non-Fatal Injury,Pedestrian Collisions,D31,22,Humbermede (22),"{'type': 'Point', 'coordinates': (-79.542117, 43.73778)}"
7003043829,2017,00:00.0,2319,23,LAKE SHORE BLVD W,LOWER SIMCOE ST,NULL,8,Toronto and East York,10,52,Intersection,At Intersection,Traffic Signal,Clear,"Dark, artificial",Dry,Non-Fatal Injury,Pedestrian Collisions,D52,77,Waterfront Communities-The Island (77),"{'type': 'Point', 'coordinates': (-79.383151, 43.640258)}"
178057130,2017,00:00.0,1110,11,BAYVIEW AVE,LAWRENCE AVE E,NULL,1,North York,15,NULL,Mid-Block,Non Intersection,No Control,Clear,Daylight,Dry,Non-Fatal Injury,SMV Other,D53,41,Bridle Path-Sunnybrook-York Mills (41),"{'type': 'Point', 'coordinates': (-79.381397, 43.730132)}"
7003133766,2017,00:00.0,557,5,DUFFERIN ST,COLLEGE ST,NULL,1,Toronto and East York,9,NULL,Intersection,At Intersection,Traffic Signal,Rain,"Dark, artificial",Wet,Non-Fatal Injury,Angle,D14,84,Little Portugal (84),"{'type': 'Point', 'coordinates': (-79.432521, 43.652495)}"
7003055739,2017,00:00.0,1630,16,MILNER  AVE,EXECUTIVE CRT,18 m East of,3,Scarborough,23,42,Intersection,Intersection Related,No Control,Clear,Dusk,Dry,Non-Fatal Injury,Pedestrian Collisions,D42,128,Agincourt South-Malvern West (128),"{'type': 'Point', 'coordinates': (-79.242137, 43.786635)}"
7003056643,2017,00:00.0,1856,18,KINGSTON RD,BALSAM AVE,NULL,1,Toronto and East York,19,55,Intersection,At Intersection,No Control,Clear,Dark,Dry,Non-Fatal Injury,Cyclist Collisions,D55,63,The Beaches (63),"{'type': 'Point', 'coordinates': (-79.289165, 43.680293)}"
7003060621,2017,00:00.0,1148,11,SHEPPARD AVE E,VICTORIA PARK AVE,NULL,1,Scarborough,22,42,Mid-Block,Non Intersection,No Control,Clear,Daylight,Dry,Fatal,Pedestrian Collisions,D42,118,Tam O'Shanter-Sullivan (118),"{'type': 'Point', 'coordinates': (-79.322238, 43.775355)}"
7003071478,2017,00:00.0,2351,23,DUNDAS ST W,THE EAST MALL,NULL,1,Etobicoke York,3,22,Mid-Block,Non Intersection,No Control,Clear,"Dark, artificial",Dry,Non-Fatal Injury,Cyclist Collisions,D22,14,Islington-City Centre West (14),"{'type': 'Point', 'coordinates': (-79.553577, 43.629279)}"
7003072414,2017,00:00.0,327,3,MARKHAM  RD,MCNICOLL AVE,NULL,1,Scarborough,23,42,Intersection,At Intersection,Traffic Signal,Clear,"Dark, artificial",Dry,Non-Fatal Injury,Turning Movement,D42,131,Rouge (131),"{'type': 'Point', 'coordinates': (-79.247775, 43.823924)}"
7003085452,2017,00:00.0,558,5,FINCH  AVE W,NORFINCH  DR,NULL,1,Etobicoke York,7,31,Intersection,At Intersection,Traffic Signal,Clear,"Dark, artificial",Dry,Non-Fatal Injury,Turning Movement,D31,25,Glenfield-Jane Heights (25),"{'type': 'Point', 'coordinates': (-79.524242, 43.755858)}"
7003087545,2017,00:00.0,1212,12,EDITH DR,ORCHARD VIEW BLVD,NULL,2,North York,8,53,Intersection,At Intersection,Stop Sign,Clear,Daylight,Dry,Fatal,Pedestrian Collisions,D53,100,Yonge-Eglinton (100),"{'type': 'Point', 'coordinates': (-79.40327000000002, 43.707171)}"
7003088501,2017,00:00.0,1431,14,KIPLING AVE,BIRMINGHAM ST,NULL,1,Etobicoke York,3,22,Intersection,At Intersection,Traffic Signal,Clear,Daylight,Dry,Non-Fatal Injury,Pedestrian Collisions,D22,18,New Toronto (18),"{'type': 'Point', 'coordinates': (-79.517978, 43.600611)}"
7003103184,2017,00:00.0,1709,17,WARDEN  AVE,BAMBURGH  CRCL,NULL,1,Scarborough,22,42,Intersection,At Intersection,Traffic Signal,Rain,Dusk,Wet,Non-Fatal Injury,Cyclist Collisions,D42,116,Steeles (116),"{'type': 'Point', 'coordinates': (-79.323375, 43.811564)}"
7003103720,2017,00:00.0,1825,18,LAWRENCE  AVE W,GLENMOUNT AVE,NULL,1,North York,8,NULL,Intersection,At Intersection,Traffic Signal,Clear,"Dark, artificial",Dry,Non-Fatal Injury,Pedestrian Collisions,D13,32,Englemount-Lawrence (32),"{'type': 'Point', 'coordinates': (-79.432933, 43.718421)}"
7003112978,2017,00:00.0,2330,23,BIRCHMOUNT RD,MERRYFIELD DR,NULL,1,Scarborough,21,41,Intersection,At Intersection,No Control,Clear,Dark,Dry,Fatal,Pedestrian Collisions,D41,126,Dorset Park (126),"{'type': 'Point', 'coordinates': (-79.28660100000002, 43.751868)}"
7003122371,2017,00:00.0,1253,12,PRICE ST,YONGE ST,75 m East,4,Toronto and East York,11,53,Mid-Block,Non Intersection,No Control,Clear,Daylight,Dry,Fatal,Pedestrian Collisions,D53,98,Rosedale-Moore Park (98),"{'type': 'Point', 'coordinates': (-79.389858, 43.679961)}"
7003136062,2017,00:00.0,1232,12,SHEPPARD AVE E,LESLIE ST,31 m East of,1,North York,17,33,Intersection,At Intersection,Traffic Signal,Clear,Daylight,Dry,Non-Fatal Injury,Pedestrian Collisions,D33,53,Henry Farm (53),"{'type': 'Point', 'coordinates': (-79.364093, 43.771571)}"
7003137830,2017,00:00.0,1646,16,BIRCHMOUNT RD,SHEPPARD AVE E,200 m North of,1,Scarborough,22,42,Mid-Block,At/Near Private Drive,Traffic Signal,Clear,"Dark, artificial",Dry,Non-Fatal Injury,Turning Movement,D42,118,Tam O'Shanter-Sullivan (118),"{'type': 'Point', 'coordinates': (-79.298908, 43.782557)}"
7003148024,2017,00:00.0,700,7,WESTON RD,TORYORK  DR,NULL,1,Etobicoke York,7,31,Intersection,At Intersection,Traffic Signal,Clear,Dawn,Dry,Non-Fatal Injury,Pedestrian Collisions,D31,21,Humber Summit (21),"{'type': 'Point', 'coordinates': (-79.542667, 43.753264)}"
7003147948,2017,00:00.0,705,7,PARLIAMENT ST,HOWARD ST,37 m South of,3,Toronto and East York,13,51,Mid-Block,Non Intersection,No Control,Clear,"Dark, artificial",Dry,Non-Fatal Injury,Pedestrian Collisions,D51,71,Cabbagetown-South St.James Town (71),"{'type': 'Point', 'coordinates': (-79.370654, 43.670878)}"
7003173302,2017,00:00.0,854,8,4975 DUNDAS ST W,NULL,92 m East of,1,Etobicoke York,3,22,Mid-Block,At/Near Private Drive,No Control,Clear,Daylight,Dry,Non-Fatal Injury,Pedestrian Collisions,D22,14,Islington-City Centre West (14),"{'type': 'Point', 'coordinates': (-79.529735, 43.647547)}"
7003197919,2017,00:00.0,2307,23,ST CLAIR  AVE W,MONDOVI  GT,41 m West of,1,Etobicoke York,5,NULL,Mid-Block,Non Intersection,No Control,Clear,"Dark, artificial",Wet,Non-Fatal Injury,Pedestrian Collisions,D11,90,Junction Area (90),"{'type': 'Point', 'coordinates': (-79.475673, 43.670657000000006)}"
7003199347,2017,00:00.0,757,7,BAMBURGH CRCL,FUNDY BAY  BLVD,50 m East of,2,Scarborough,22,42,Mid-Block,Non Intersection,No Control,Clear,Daylight,Wet,Non-Fatal Injury,Cyclist Collisions,D42,116,Steeles (116),"{'type': 'Point', 'coordinates': (-79.321346, 43.812712)}"
7003200949,2017,00:00.0,1237,12,CHURCH ST,WELLINGTON ST E,NULL,3,Toronto and East York,13,51,Intersection,At Intersection,Traffic Signal,Other,Daylight,Other,Fatal,Pedestrian Collisions,D51,77,Waterfront Communities-The Island (77),"{'type': 'Point', 'coordinates': (-79.373821, 43.648543)}"
7003202275,2017,00:00.0,1605,16,COSBURN  AVE,LOGAN AVE,8 m East of,3,Toronto and East York,14,54,Intersection,At Intersection,Pedestrian Crossover,Snow,"Dusk, artificial",Loose Snow,Non-Fatal Injury,Pedestrian Collisions,D54,57,Broadview North (57),"{'type': 'Point', 'coordinates': (-79.353275, 43.688479)}"
7003203834,2017,00:00.0,2005,20,ADELAIDE ST W,YORK ST,NULL,1,Toronto and East York,10,52,Intersection,At Intersection,Traffic Signal,Clear,"Dark, artificial",Wet,Non-Fatal Injury,Pedestrian Collisions,D52,76,Bay Street Corridor (76),"{'type': 'Point', 'coordinates': (-79.384067, 43.649115)}"
7003211588,2017,00:00.0,41,0,KINGSTON RD,GUILDWOOD PKWY,NULL,1,Scarborough,24,43,Intersection,At Intersection,Traffic Signal,Other,Dark,Other,Fatal,SMV Other,D43,140,Guildwood (140),"{'type': 'Point', 'coordinates': (-79.20592, 43.749583)}"
7003222099,2017,00:00.0,1735,17,EGLINTON AVE W,WESTON RD,NULL,1,Etobicoke York,5,12,Mid-Block,Non Intersection,No Control,Clear,Daylight,Wet,Fatal,Pedestrian Collisions,D12,115,Mount Dennis (115),"{'type': 'Point', 'coordinates': (-79.495136, 43.685427)}"
7003223464,2017,00:00.0,2151,21,FINCH AVE W,SIGNET  DR,NULL,1,Etobicoke York,7,31,Intersection,At Intersection,Traffic Signal,Clear,"Dark, artificial",Dry,Non-Fatal Injury,Pedestrian Collisions,D31,22,Humbermede (22),"{'type': 'Point', 'coordinates': (-79.53622, 43.753218)}"