ACCNUM,YEAR,DATE,TIME,HOUR,STREET1,STREET2,OFFSET,ROAD_CLASS,DISTRICT,WARDNUM,DIVISION,LOCCOORD,ACCLOC,TRAFFCTL,VISIBILITY,LIGHT,RDSFCOND,ACCLASS,IMPACTYPE,POLICE_DIVISION,HOOD_ID,NEIGHBOURHOOD,geometry
7003224827,2017,00:00.0,603,6,COXWELL AVE,QUEEN ST E,NULL,3,Toronto and East York,NULL,55,Intersection,At Intersection,Traffic Signal,Clear,Dark,Wet,Non-Fatal Injury,Pedestrian Collisions,D55,65,Greenwood-Coxwell (65),"{'type': 'Point', 'coordinates': (-79.316562, 43.666285)}"
8000471582,2018,00:00.0,226,2,COLLEGE ST,HURON ST,NULL,1,Toronto and East York,11,52,Intersection,At Intersection,Traffic Signal,Clear,"Dark, artificial",Dry,Fatal,Pedestrian Collisions,D52,78,Kensington-Chinatown (78),"{'type': 'Point', 'coordinates': (-79.398158, 43.658187)}"
7003241293,2017,00:00.0,1528,15,KINGSTON RD,WARDEN AVE,NULL,1,Scarborough,20,41,Intersection,At Intersection,Traffic Signal,Other,Daylight,Other,Fatal,Pedestrian Collisions,D41,122,Birchcliffe-Cliffside (122),"{'type': 'Point', 'coordinates': (-79.270885, 43.687686)}"
8001028038,2018,00:00.0,2257,22,KINGSTON RD,RIDGEMOOR AVE,44 m West of,1,Scarborough,20,41,Mid-Block,Non Intersection,Traffic Controller,Clear,"Daylight, artificial",Dry,Non-Fatal Injury,Rear End,D41,122,Birchcliffe-Cliffside (122),"{'type': 'Point', 'coordinates': (-79.251529, 43.705832)}"
8000787702,2018,00:00.0,1616,16,KINGSTON RD,RYLANDER BLVD,NULL,1,Scarborough,25,42,Intersection,At Intersection,Traffic Signal,Clear,Daylight,Dry,Non-Fatal Injury,Turning Movement,D42,133,Centennial Scarborough (133),"{'type': 'Point', 'coordinates': (-79.149135, 43.796981)}"
8000252171,2018,00:00.0,1125,11,LOWER JARVIS ST,FRONT ST E,74 m South of,1,Toronto and East York,13,51,Mid-Block,Non Intersection,No Control,Snow,Daylight,Loose Snow,Non-Fatal Injury,Pedestrian Collisions,D51,77,Waterfront Communities-The Island (77),"{'type': 'Point', 'coordinates': (-79.37112, 43.648657)}"
8000477164,2018,00:00.0,2150,21,DOVERCOURT RD,DUPONT ST,NULL,1,Etobicoke York,9,14,Intersection,At Intersection,Traffic Signal,Clear,"Dark, artificial",Dry,Non-Fatal Injury,Pedestrian Collisions,D14,93,Dovercourt-Wallace Emerson-Junction (93),"{'type': 'Point', 'coordinates': (-79.432719, 43.669631)}"
8008069034,2018,00:00.0,2354,23,DIXON RD,27 S DIXON W RAMP,NULL,1,Etobicoke York,1,23,Mid-Block,Overpass or Bridge,No Control,NULL,Dark,NULL,Fatal,Pedestrian Collisions,D23,1,West Humber-Clairville (1),"{'type': 'Point', 'coordinates': (-79.58398700000001, 43.688479)}"
8001034649,2018,00:00.0,2128,21,BLACKTHORN AVE,ST CLAIR AVE W,33 m North of,4,Etobicoke York,9,12,Mid-Block,Non Intersection,No Control,Clear,"Dark, artificial",Dry,Non-Fatal Injury,Cyclist Collisions,D12,91,Weston-Pellam Park (91),"{'type': 'Point', 'coordinates': (-79.458789, 43.674731)}"
8000806863,2018,00:00.0,407,4,LAWRENCE AVE E,KENNEDY RD,NULL,1,Scarborough,21,41,Intersection,At Intersection,Traffic Signal,Clear,"Dark, artificial",Dry,Non-Fatal Injury,Angle,D41,126,Dorset Park (126),"{'type': 'Point', 'coordinates': (-79.274898, 43.749427)}"
8000256570,2018,00:00.0,34,0,BATHURST ST,DUNDAS ST W,25 m South of,1,Toronto and East York,NULL,14,Intersection,Intersection Related,No Control,Drifting Snow,"Dark, artificial",Wet,Non-Fatal Injury,Pedestrian Collisions,D14,78,Kensington-Chinatown (78),"{'type': 'Point', 'coordinates': (-79.405978, 43.652239)}"
7003278373,2017,00:00.0,1138,11,DUNDAS ST W,CORDOVA AVE,NULL,1,Etobicoke York,3,22,Intersection,At Intersection,Traffic Signal,Clear,Daylight,Wet,Non-Fatal Injury,Pedestrian Collisions,D22,14,Islington-City Centre West (14),"{'type': 'Point', 'coordinates': (-79.528705, 43.648699)}"
8000479172,2018,00:00.0,907,9,RUNNYMEDE RD,DEFOREST RD,NULL,2,Etobicoke York,4,11,Intersection,At Intersection,Stop Sign,Clear,"Daylight, artificial",Dry,Non-Fatal Injury,Pedestrian Collisions,D11,87,High Park-Swansea (87),"{'type': 'Point', 'coordinates': (-79.475353, 43.648688)}"
8000810853,2018,00:00.0,1803,18,KEELE ST,COLVILLE RD,77 m South of,1,Etobicoke York,5,12,Mid-Block,Non Intersection,Stop Sign,Clear,Daylight,Dry,Non-Fatal Injury,Pedestrian Collisions,D12,30,Brookhaven-Amesbury (30),"{'type': 'Point', 'coordinates': (-79.477847, 43.707888)}"
8000812418,2018,00:00.0,2215,22,MARKHAM RD,ELLESMERE RD,7 m West of,1,Scarborough,24,43,Intersection,At Intersection,Traffic Signal,Clear,"Dark, artificial",Dry,Non-Fatal Injury,Turning Movement,D43,137,Woburn (137),"{'type': 'Point', 'coordinates': (-79.231723, 43.776362)}"
8000824301,2018,00:00.0,1746,17,DANFORTH AVE,WOODINGTON AVE,1 m West of,1,Toronto and East York,19,NULL,Intersection,At Intersection,Traffic Signal,Clear,Daylight,Dry,Non-Fatal Injury,Pedestrian Collisions,D55,64,Woodbine Corridor (64),"{'type': 'Point', 'coordinates': (-79.32085, 43.683871)}"
8000825405,2018,00:00.0,2050,20,JARVIS ST,RICHMOND ST E,30 m North of,1,Toronto and East York,13,51,Intersection,Intersection Related,No Control,Clear,"Dark, artificial",Dry,Non-Fatal Injury,Pedestrian Collisions,D51,73,Moss Park (73),"{'type': 'Point', 'coordinates': (-79.372791, 43.652632)}"
8000832716,2018,00:00.0,2140,21,YONGE ST,ANNDALE DR,NULL,1,North York,18,32,Intersection,At Intersection,Traffic Signal,Clear,"Dark, artificial",Dry,Non-Fatal Injury,Sideswipe,D32,51,Willowdale East (51),"{'type': 'Point', 'coordinates': (-79.41051, 43.759902)}"
8000842221,2018,00:00.0,955,9,111 BOND ST,NULL,75 m North of,4,Toronto and East York,13,51,Mid-Block,Non Intersection,No Control,Clear,Daylight,Dry,Non-Fatal Injury,Pedestrian Collisions,D51,75,Church-Yonge Corridor (75),"{'type': 'Point', 'coordinates': (-79.378581, 43.656859)}"
8000845725,2018,00:00.0,1845,18,EASTERN AVE,COXWELL AVE,NULL,3,Toronto and East York,NULL,55,Intersection,At Intersection,Traffic Signal,Clear,Daylight,Dry,Non-Fatal Injury,Turning Movement,D55,63,The Beaches (63),"{'type': 'Point', 'coordinates': (-79.31618, 43.665419)}"
8000847454,2018,00:00.0,209,2,2955 KIPLING AVE,NULL,23 m North of,4,Etobicoke York,1,23,Mid-Block,At/Near Private Drive,No Control,Clear,Dark,Dry,Non-Fatal Injury,SMV Other,D23,2,Mount Olive-Silverstone-Jamestown (2),"{'type': 'Point', 'coordinates': (-79.590122, 43.760138)}"
8000874551,2018,00:00.0,935,9,YONGE ST,LAWRENCE AVE E,NULL,1,North York,NULL,NULL,Intersection,At Intersection,Traffic Signal,NULL,Daylight,NULL,Fatal,Pedestrian Collisions,D53,103,Lawrence Park South (103),"{'type': 'Point', 'coordinates': (-79.402156, 43.725032)}"
8000877104,2018,00:00.0,1558,15,LAKE SHORE BV W,COLBORNE LODGE DR,NULL,1,Toronto and East York,4,11,Intersection,At Intersection,Traffic Signal,Clear,Daylight,Dry,Fatal,Cyclist Collisions,D11,85,South Parkdale (85),"{'type': 'Point', 'coordinates': (-79.458881, 43.637709)}"
8000879667,2018,00:00.0,55,0,QUEEN ST E,JARVIS ST,NULL,1,Toronto and East York,13,51,Intersection,At Intersection,Traffic Signal,Clear,"Dark, artificial",Dry,Non-Fatal Injury,Cyclist Collisions,D51,73,Moss Park (73),"{'type': 'Point', 'coordinates': (-79.373218, 43.653655)}"
8000880741,2018,00:00.0,800,8,JONES AVE,DUNDAS ST E,NULL,3,Toronto and East York,14,55,Intersection,At Intersection,Traffic Signal,Clear,Daylight,Dry,Fatal,Cyclist Collisions,D55,70,South Riverdale (70),"{'type': 'Point', 'coordinates': (-79.334277, 43.666098)}"
8000903951,2018,00:00.0,1550,15,STANLEY  AVE,VICTOR AVE,18 m West of,4,Etobicoke York,3,22,Intersection,At/Near Private Drive,No Control,Clear,Daylight,Dry,Non-Fatal Injury,Pedestrian Collisions,D22,17,Mimico (17),"{'type': 'Point', 'coordinates': (-79.49023, 43.615843)}"
8000909501,2018,00:00.0,1434,14,TAPSCOTT RD,FINCH AVE E,297 m South of,3,Scarborough,23,42,Mid-Block,Non Intersection,No Control,Clear,Daylight,Dry,Non-Fatal Injury,SMV Other,D42,132,Malvern (132),"{'type': 'Point', 'coordinates': (-79.235965, 43.811671)}"
8000911603,2018,00:00.0,2117,21,WINTERMUTE BLVD,SANDYHOOK SQ,NULL,2,Scarborough,22,42,Intersection,At Intersection,No Control,Clear,"Dusk, artificial",Dry,Non-Fatal Injury,Pedestrian Collisions,D42,116,Steeles (116),"{'type': 'Point', 'coordinates': (-79.322177, 43.818057)}"
8000912175,2018,00:00.0,2307,23,WILSON AVE,401 C W WILSON AV RAMP,NULL,1,Etobicoke York,6,32,Mid-Block,Non Intersection,No Control,Clear,"Dark, artificial",Dry,Fatal,Approaching,D32,33,Clanton Park (33),"{'type': 'Point', 'coordinates': (-79.438586, 43.736342)}"
8000916945,2018,00:00.0,2020,20,STEELES AVE W,HIGHWAY 27  N,50 m West of,1,North York,1,23,Mid-Block,Non Intersection,No Control,Clear,"Dark, artificial",Dry,Non-Fatal Injury,Rear End,D23,1,West Humber-Clairville (1),"{'type': 'Point', 'coordinates': (-79.61552, 43.755068)}"
8000921444,2018,00:00.0,1325,13,4800 LESLIE ST,NULL,60 m West of,1,North York,17,33,Mid-Block,Non Intersection,No Control,Clear,"Daylight, artificial",Dry,Non-Fatal Injury,Pedestrian Collisions,D33,47,Don Valley Village (47),"{'type': 'Point', 'coordinates': (-79.365611, 43.779692)}"
8000922403,2018,00:00.0,1552,15,DUNDAS ST W,CHELSEA AVE,73 m North of,3,Toronto and East York,4,11,Mid-Block,Non Intersection,No Control,Clear,Daylight,Dry,Non-Fatal Injury,Cyclist Collisions,D11,88,High Park North (88),"{'type': 'Point', 'coordinates': (-79.453182, 43.658751)}"
8000931824,2018,00:00.0,2325,23,KINGSTON RD,DANFORTH AVE,8 m South of,1,Scarborough,20,41,Mid-Block,Non Intersection,No Control,Clear,"Dark, artificial",Dry,Non-Fatal Injury,SMV Other,D41,122,Birchcliffe-Cliffside (122),"{'type': 'Point', 'coordinates': (-79.254146, 43.702361)}"
8000954337,2018,00:00.0,1010,10,BENSON AVE,CHRISTIE ST,10 m West of,3,Toronto and East York,12,13,Intersection,Intersection Related,No Control,Clear,Daylight,Dry,Non-Fatal Injury,Pedestrian Collisions,D13,94,Wychwood (94),"{'type': 'Point', 'coordinates': (-79.425021, 43.680037)}"
8000956490,2018,00:00.0,1700,17,YONGE ST,ISABELLA ST,NULL,1,Toronto and East York,13,NULL,Intersection,At Intersection,No Control,Clear,Daylight,Dry,Non-Fatal Injury,Turning Movement,D51,75,Church-Yonge Corridor (75),"{'type': 'Point', 'coordinates': (-79.385654, 43.667491)}"
8000957140,2018,00:00.0,1907,19,STAINES RD,HEPATICA ST,NULL,4,Scarborough,23,42,Intersection,At Intersection,Stop Sign,Clear,Daylight,Dry,Non-Fatal Injury,Pedestrian Collisions,D42,131,Rouge (131),"{'type': 'Point', 'coordinates': (-79.229938, 43.834822)}"
8000967424,2018,00:00.0,934,9,STEELES AVE E,KENNEDY RD,NULL,1,Scarborough,22,42,Intersection,Intersection Related,No Control,Clear,Daylight,Dry,Fatal,Other,D42,130,Milliken (130),"{'type': 'Point', 'coordinates': (-79.307048, 43.823569)}"
8000970456,2018,00:00.0,1700,17,QUEENS QUAY E,DOCKSIDE  DR,NULL,3,Toronto and East York,10,51,Intersection,At Intersection,Traffic Signal,Clear,Daylight,Dry,Non-Fatal Injury,Cyclist Collisions,D51,77,Waterfront Communities-The Island (77),"{'type': 'Point', 'coordinates': (-79.365421, 43.645056)}"
8000973371,2018,00:00.0,329,3,MARTIN GROVE RD,VULCAN ST,NULL,1,Etobicoke York,1,23,Intersection,At Intersection,Traffic Signal,NULL,Dark,NULL,Fatal,Turning Movement,D23,1,West Humber-Clairville (1),"{'type': 'Point', 'coordinates': (-79.577121, 43.705172)}"
8000979295,2018,00:00.0,2103,21,WOODBINE AVE,MERRILL AVE E,NULL,1,Toronto and East York,19,55,Intersection,At Intersection,No Control,Clear,"Dark, artificial",Dry,Non-Fatal Injury,Cyclist Collisions,D55,62,East End-Danforth (62),"{'type': 'Point', 'coordinates': (-79.311801, 43.683352000000006)}"
8000981318,2018,00:00.0,755,7,BLOOR ST W,SOUTH KINGSWAY,NULL,1,Etobicoke York,4,11,Intersection,At Intersection,Traffic Signal,Clear,Daylight,Dry,Non-Fatal Injury,Pedestrian Collisions,D11,87,High Park-Swansea (87),"{'type': 'Point', 'coordinates': (-79.485713, 43.648242)}"
8000986648,2018,00:00.0,2054,20,LAWRENCE AVE E,MORNINGSIDE AVE,NULL,3,Scarborough,NULL,43,Intersection,Intersection Related,No Control,Clear,Daylight,Wet,Non-Fatal Injury,Pedestrian Collisions,D43,136,West Hill (136),"{'type': 'Point', 'coordinates': (-79.186191, 43.768336)}"
8001000021,2018,00:00.0,1845,18,BADEN ST,LAKEVIEW AVE,8 m East of,4,North York,9,14,Intersection,Intersection Related,Stop Sign,Clear,Daylight,Dry,Non-Fatal Injury,Pedestrian Collisions,D14,81,Trinity-Bellwoods (81),"{'type': 'Point', 'coordinates': (-79.422855, 43.649581)}"
8001000138,2018,00:00.0,1903,19,LAKE SHORE BLVD W,BRITISH COLUMBIA RD,NULL,1,North York,10,14,Mid-Block,Non Intersection,No Control,Clear,Daylight,Dry,Fatal,Approaching,D14,82,Niagara (82),"{'type': 'Point', 'coordinates': (-79.427158, 43.630515)}"
8001058392,2018,00:00.0,1500,15,DUFFERIN ST,BRIAR HILL AVE,NULL,1,North York,8,13,Intersection,Intersection Related,Traffic Signal,Clear,Daylight,Dry,Fatal,Pedestrian Collisions,D13,108,Briar Hill-Belgravia (108),"{'type': 'Point', 'coordinates': (-79.452075, 43.702281)}"
8000264811,2018,00:00.0,1225,12,JANE ST,JOHN ST,NULL,1,Etobicoke York,5,12,Intersection,At Intersection,Traffic Signal,Rain,Daylight,Wet,Non-Fatal Injury,Other,D12,28,Rustic (28),"{'type': 'Point', 'coordinates': (-79.504787, 43.706576)}"
8001650785,2018,00:00.0,1310,13,ANTHONY RD,NAJIB ABBOUD LANE,NULL,4,North York,6,32,Mid-Block,Non Intersection,No Control,Clear,Daylight,Dry,Non-Fatal Injury,Cyclist Collisions,D32,26,Downsview-Roding-CFB (26),"{'type': 'Point', 'coordinates': (-79.459316, 43.730696)}"
7003279287,2017,00:00.0,1418,14,KING  ST W,COWAN AVE,4 m East of,1,Toronto and East York,4,14,Intersection,At Intersection,No Control,Clear,Daylight,Dry,Non-Fatal Injury,Pedestrian Collisions,D14,85,South Parkdale (85),"{'type': 'Point', 'coordinates': (-79.43182700000001, 43.637950000000004)}"
7001799357,2017,00:00.0,1147,11,BLOOR ST W,SPADINA RD,NULL,1,Toronto and East York,11,NULL,Intersection,At Intersection,Traffic Signal,Clear,Daylight,Dry,Non-Fatal Injury,Cyclist Collisions,D14,79,University (79),"{'type': 'Point', 'coordinates': (-79.403827, 43.66658300000001)}"
8001226350,2018,00:00.0,2235,22,RENFORTH DR,HWY 401 WB ON RAMP AVE,NULL,1,Etobicoke York,1,23,Intersection,At Intersection,Traffic Signal,Clear,"Dark, artificial",Dry,Non-Fatal Injury,Turning Movement,D23,1,West Humber-Clairville (1),"{'type': 'Point', 'coordinates': (-79.591533, 43.669337)}"
8000498049,2018,00:00.0,1032,10,GEORGE ST,DUNDAS ST E,NULL,1,Toronto and East York,13,51,Intersection,At Intersection,Stop Sign,Clear,Daylight,Dry,Non-Fatal Injury,Pedestrian Collisions,D51,73,Moss Park (73),"{'type': 'Point', 'coordinates': (-79.373416, 43.657229)}"
8001058650,2018,00:00.0,1537,15,MCROBERTS AVE,INNES AVE,NULL,4,Etobicoke York,9,13,Intersection,At Intersection,Stop Sign,Clear,Daylight,Dry,Non-Fatal Injury,Pedestrian Collisions,D13,92,Corso Italia-Davenport (92),"{'type': 'Point', 'coordinates': (-79.455852, 43.681243)}"
8001059223,2018,00:00.0,1700,17,ROYAL YORK  RD,DARTMOUTH  CRES,NULL,3,Etobicoke York,3,22,Mid-Block,Non Intersection,No Control,Clear,Daylight,Dry,Non-Fatal Injury,Cyclist Collisions,D22,17,Mimico (17),"{'type': 'Point', 'coordinates': (-79.493869, 43.605387)}"
8001064286,2018,00:00.0,1204,12,ST GEORGE ST,BLOOR ST W,NULL,1,Toronto and East York,11,NULL,Intersection,At Intersection,Traffic Signal,Clear,Daylight,Dry,Fatal,Cyclist Collisions,D52,79,University (79),"{'type': 'Point', 'coordinates': (-79.399799, 43.667445)}"
8001067265,2018,00:00.0,1945,19,LAWRENCE AVE E,GALLOWAY RD,87 m East of,1,Scarborough,24,43,Mid-Block,Non Intersection,No Control,Clear,Daylight,Dry,Non-Fatal Injury,Pedestrian Collisions,D43,136,West Hill (136),"{'type': 'Point', 'coordinates': (-79.19559, 43.766261)}"
8001071783,2018,00:00.0,1241,12,CRESCENT RD,MOUNT PLEASANT RD,2 m East of,1,Toronto and East York,11,53,Mid-Block,Overpass or Bridge,No Control,Clear,Daylight,Dry,Non-Fatal Injury,Other,D53,98,Rosedale-Moore Park (98),"{'type': 'Point', 'coordinates': (-79.38055, 43.678218)}"
8001076637,2018,00:00.0,154,1,430 ROYAL YORK RD,NULL,25 m South of,3,Etobicoke York,3,22,Intersection,Intersection Related,No Control,Clear,"Dark, artificial",Dry,Non-Fatal Injury,Pedestrian Collisions,D22,17,Mimico (17),"{'type': 'Point', 'coordinates': (-79.500232, 43.620658)}"
8001077165,2018,00:00.0,558,5,ST CLAIR AVE E,DANFORTH RD,NULL,1,Scarborough,20,41,Intersection,At Intersection,Traffic Signal,Clear,Daylight,Dry,Fatal,Turning Movement,D41,120,Clairlea-Birchmount (120),"{'type': 'Point', 'coordinates': (-79.259883, 43.716773)}"
8001078053,2018,00:00.0,905,9,CAMERON AVE,YONGE ST,NULL,1,North York,18,32,Intersection,At Intersection,Stop Sign,Clear,Daylight,Dry,Non-Fatal Injury,Pedestrian Collisions,D32,51,Willowdale East (51),"{'type': 'Point', 'coordinates': (-79.409839, 43.757266)}"
8001081100,2018,00:00.0,1645,16,EGLINTON AVE W,JANE ST,NULL,1,Etobicoke York,5,12,Intersection,At Intersection,Traffic Signal,Clear,Daylight,Dry,Non-Fatal Injury,Turning Movement,D12,115,Mount Dennis (115),"{'type': 'Point', 'coordinates': (-79.498782, 43.684405)}"
8001089353,2018,00:00.0,1928,19,5951 STEELES AVE E,NULL,3 m West of,1,Scarborough,23,42,Intersection,At Intersection,Traffic Signal,Clear,Daylight,Dry,Non-Fatal Injury,Pedestrian Collisions,D42,130,Milliken (130),"{'type': 'Point', 'coordinates': (-79.25706, 43.835181)}"
8001095116,2018,00:00.0,1550,15,LEA AVE,LAIRD DR,30 m West of,1,North York,15,53,Intersection,Intersection Related,No Control,Clear,Daylight,Dry,Non-Fatal Injury,Cyclist Collisions,D53,55,Thorncliffe Park (55),"{'type': 'Point', 'coordinates': (-79.361781, 43.706046)}"
8001102397,2018,00:00.0,1810,18,285 OAKWOOD AVE,NULL,50 m North of,3,Etobicoke York,9,13,Mid-Block,Non Intersection,No Control,Clear,Daylight,Dry,Non-Fatal Injury,Turning Movement,D13,107,Oakwood Village (107),"{'type': 'Point', 'coordinates': (-79.437656, 43.684481)}"
8001105642,2018,00:00.0,844,8,KIPLING  AVE,BLOOR ST W,50 m North of,1,Etobicoke York,NULL,22,Mid-Block,Non Intersection,No Control,Clear,Daylight,Dry,Non-Fatal Injury,Approaching,D22,14,Islington-City Centre West (14),"{'type': 'Point', 'coordinates': (-79.535548, 43.642253)}"
9000685425,2019,00:00.0,1000,10,DON MILLS RD,KERN RD,NULL,1,North York,16,33,Intersection,At Intersection,No Control,Clear,Daylight,Dry,Non-Fatal Injury,Turning Movement,D33,42,Banbury-Don Mills (42),"{'type': 'Point', 'coordinates': (-79.346835, 43.750014)}"
8001108986,2018,00:00.0,1720,17,26 HOMEWOOD AVE,NULL,8 m North of,4,North York,18,32,Mid-Block,At/Near Private Drive,No Control,Clear,Daylight,Dry,Non-Fatal Injury,SMV Other,D32,36,Newtonbrook West (36),"{'type': 'Point', 'coordinates': (-79.419864, 43.790763)}"
8001113536,2018,00:00.0,1105,11,STEELES AVE W,HIGHWAY 400  S,NULL,1,North York,7,31,Mid-Block,Non Intersection,No Control,Clear,Daylight,Dry,Non-Fatal Injury,Rear End,D31,21,Humber Summit (21),"{'type': 'Point', 'coordinates': (-79.538364, 43.77186100000001)}"
8001115863,2018,00:00.0,1700,17,MADAWASKA AVE,WILLOWDALE AVE,NULL,3,North York,18,32,Intersection,At Intersection,Stop Sign,Clear,Daylight,Dry,Non-Fatal Injury,Angle,D32,50,Newtonbrook East (50),"{'type': 'Point', 'coordinates': (-79.412708, 43.795069)}"
8001115979,2018,00:00.0,1717,17,ANNETTE ST,QUEBEC AVE,NULL,3,Etobicoke York,4,11,Intersection,At Intersection,Stop Sign,Clear,Daylight,Dry,Non-Fatal Injury,Angle,D11,90,Junction Area (90),"{'type': 'Point', 'coordinates': (-79.470783, 43.66247)}"
8001118177,2018,00:00.0,12,0,HIGHWAY 27  N,ALBION RD,158 m South of,1,Etobicoke York,1,23,Mid-Block,Non Intersection,No Control,Clear,"Dark, artificial",Dry,Non-Fatal Injury,Pedestrian Collisions,D23,1,West Humber-Clairville (1),"{'type': 'Point', 'coordinates': (-79.60696, 43.742911)}"
8001122394,2018,00:00.0,1535,15,3930 LAWRENCE AVE E,NULL,3 m South of,1,Scarborough,24,43,Intersection,At/Near Private Drive,No Control,Clear,Daylight,Dry,Non-Fatal Injury,Pedestrian Collisions,D43,137,Woburn (137),"{'type': 'Point', 'coordinates': (-79.2056, 43.763980000000004)}"
8001135358,2018,00:00.0,1240,12,1196 WILSON AVE,NULL,1 m West of,1,North York,6,31,Mid-Block,At/Near Private Drive,No Control,Clear,Daylight,Dry,Non-Fatal Injury,Turning Movement,D31,26,Downsview-Roding-CFB (26),"{'type': 'Point', 'coordinates': (-79.488612, 43.725081)}"
8001139262,2018,00:00.0,2314,23,RICHMOND ST E,PARLIAMENT ST,NULL,1,Toronto and East York,13,51,Intersection,At Intersection,Traffic Signal,Rain,"Dark, artificial",Wet,Non-Fatal Injury,Angle,D51,73,Moss Park (73),"{'type': 'Point', 'coordinates': (-79.363986, 43.654486)}"
8001139580,2018,00:00.0,15,0,MORNINGSIDE AVE,MILNER AVE,NULL,1,Scarborough,25,42,Intersection,At Intersection,Traffic Signal,Clear,Dark,Wet,Non-Fatal Injury,Turning Movement,D42,131,Rouge (131),"{'type': 'Point', 'coordinates': (-79.199046, 43.800208)}"
8001139682,2018,00:00.0,36,0,MARKHAM RD,BRIMORTON DR,NULL,1,Scarborough,24,43,Intersection,Intersection Related,Traffic Signal,Rain,"Dark, artificial",Wet,Non-Fatal Injury,SMV Other,D43,137,Woburn (137),"{'type': 'Point', 'coordinates': (-79.230647, 43.773425)}"
8001140010,2018,00:00.0,205,2,FINCH AVE W,TOBERMORY DR,NULL,1,North York,7,31,Intersection,At Intersection,Traffic Signal,Rain,"Dark, artificial",Wet,Non-Fatal Injury,Pedestrian Collisions,D31,25,Glenfield-Jane Heights (25),"{'type': 'Point', 'coordinates': (-79.507884, 43.75921100000001)}"
8001142339,2018,00:00.0,1259,12,EGLINTON AVE W,CASTLE KNOCK RD,NULL,1,North York,NULL,53,Intersection,At Intersection,Traffic Signal,Rain,Daylight,Wet,Fatal,Pedestrian Collisions,D53,101,Forest Hill South (101),"{'type': 'Point', 'coordinates': (-79.411601, 43.703868)}"
8001149979,2018,00:00.0,1740,17,WELLINGTON ST E,YONGE ST,NULL,1,Toronto and East York,13,NULL,Intersection,At Intersection,Traffic Signal,Clear,"Daylight, artificial",Dry,Non-Fatal Injury,Pedestrian Collisions,D51,75,Church-Yonge Corridor (75),"{'type': 'Point', 'coordinates': (-79.37733, 43.647772)}"
8001165906,2018,00:00.0,100,1,DUFFERIN ST,JANE OSLER BLVD,15 m North of,1,North York,8,32,Intersection,Intersection Related,No Control,Clear,"Dark, artificial",Dry,Non-Fatal Injury,Pedestrian Collisions,D32,31,Yorkdale-Glen Park (31),"{'type': 'Point', 'coordinates': (-79.457042, 43.724677)}"
8001174329,2018,00:00.0,1024,10,BAYVIEW S 401 C W RAMP,BAYVIEW AVE,20 m South of,9,North York,NULL,NULL,Mid-Block,Non Intersection,No Control,Clear,Daylight,Dry,Non-Fatal Injury,Pedestrian Collisions,D32,51,Willowdale East (51),"{'type': 'Point', 'coordinates': (-79.387958, 43.76364)}"
8001177346,2018,00:00.0,1803,18,MOUNT PLEASANT RD,CRESCENT RD,11 m South of,1,Toronto and East York,11,53,Intersection,Intersection Related,Traffic Controller,Clear,Daylight,Dry,Non-Fatal Injury,SMV Other,D53,98,Rosedale-Moore Park (98),"{'type': 'Point', 'coordinates': (-79.38066400000001, 43.678252)}"
8001178233,2018,00:00.0,2020,20,811 DANFORTH AVE,NULL,NULL,1,Toronto East York,14,NULL,Mid-Block,At/Near Private Drive,No Control,Clear,Daylight,Dry,Non-Fatal Injury,Cyclist Collisions,D55,69,Blake-Jones (69),"{'type': 'Point', 'coordinates': (-79.34106, 43.679625)}"
8001178927,2018,00:00.0,2234,22,VICTORIA PARK AVE,FARMCREST  DR,1 m North of,1,North York,NULL,NULL,Intersection,Intersection Related,No Control,Clear,"Dark, artificial",Dry,Non-Fatal Injury,Cyclist Collisions,D42,118,Tam O'Shanter-Sullivan (118),"{'type': 'Point', 'coordinates': (-79.321101, 43.771048)}"
8001179636,2018,00:00.0,123,1,STEELES AVE W,KIPLING AVE,NULL,1,Etobicoke York,1,23,Intersection,At Intersection,Traffic Signal,Clear,"Dark, artificial",Dry,Fatal,Pedestrian Collisions,D23,2,Mount Olive-Silverstone-Jamestown (2),"{'type': 'Point', 'coordinates': (-79.589862, 43.759535)}"
8001185934,2018,00:00.0,2215,22,PACIFIC AVE,DUNDAS ST W,3 m North of,1,Etobicoke York,4,11,Intersection,At Intersection,Traffic Signal,Clear,"Dark, artificial",Dry,Non-Fatal Injury,Pedestrian Collisions,D11,90,Junction Area (90),"{'type': 'Point', 'coordinates': (-79.468578, 43.665389)}"
8001217493,2018,00:00.0,1720,17,DANFORTH RD,CARSLAKE CRES,10 m South of,1,Scarborough,21,43,Intersection,Intersection Related,No Control,Clear,Daylight,Dry,Non-Fatal Injury,Approaching,D43,127,Bendale (127),"{'type': 'Point', 'coordinates': (-79.244525, 43.746295)}"