ACCNUM,YEAR,DATE,TIME,HOUR,STREET1,STREET2,OFFSET,ROAD_CLASS,DISTRICT,WARDNUM,DIVISION,LOCCOORD,ACCLOC,TRAFFCTL,VISIBILITY,LIGHT,RDSFCOND,ACCLASS,IMPACTYPE,POLICE_DIVISION,HOOD_ID,NEIGHBOURHOOD,geometry
8001218664,2018,00:00.0,2043,20,RAVENCLIFF CRES,BATTERSWOOD DR,40 m West of,4,Scarborough,22,42,Mid-Block,Non Intersection,No Control,Clear,"Daylight, artificial",Wet,Non-Fatal Injury,Other,D42,118,Tam O'Shanter-Sullivan (118),"{'type': 'Point', 'coordinates': (-79.317661, 43.778926)}"
8000265152,2018,00:00.0,1330,13,YONGE ST,MCGLASHAN RD,16 m North of,1,North York,NULL,32,Intersection,At Intersection,No Control,Freezing Rain,Daylight,Slush,Non-Fatal Injury,SMV Other,D32,41,Bridle Path-Sunnybrook-York Mills (41),"{'type': 'Point', 'coordinates': (-79.406207, 43.741786)}"
7003285352,2017,00:00.0,1515,15,ST CLAIR AVE E,KENNEDY  RD,2 m East of,1,Scarborough,20,41,Intersection,At Intersection,Traffic Signal,Snow,Daylight,Loose Snow,Non-Fatal Injury,Other,D41,120,Clairlea-Birchmount (120),"{'type': 'Point', 'coordinates': (-79.261302, 43.716452000000004)}"
8002359893,2018,00:00.0,2130,21,COSBURN AVE,WOODMOUNT AVE,NULL,3,Toronto and East York,19,54,Intersection,At Intersection,Stop Sign,Clear,"Dark, artificial",Wet,Non-Fatal Injury,Angle,D54,59,Danforth East York (59),"{'type': 'Point', 'coordinates': (-79.319873, 43.695811)}"
8000501010,2018,00:00.0,1741,17,RENFORTH DR,EGLINTON AVE W,10 m South of,3,Etobicoke York,2,NULL,Intersection,Intersection Related,No Control,Clear,Daylight,Dry,Non-Fatal Injury,Rear End,D22,11,Eringate-Centennial-West Deane (11),"{'type': 'Point', 'coordinates': (-79.587627, 43.66603)}"
8001655857,2018,00:00.0,729,7,DON MILLS RD,SHEPPARD AVE E,NULL,1,North York,17,33,Intersection,At Intersection,Traffic Signal,Clear,Daylight,Dry,Non-Fatal Injury,Pedestrian Collisions,D33,53,Henry Farm (53),"{'type': 'Point', 'coordinates': (-79.347003, 43.775035)}"
8000275432,2018,00:00.0,247,2,DUFFERIN ST,BANK ST,16 m South of,3,Toronto East York,9,NULL,Intersection,Intersection Related,No Control,Clear,"Dark, artificial",Dry,Non-Fatal Injury,SMV Unattended Vehicle,D14,84,Little Portugal (84),"{'type': 'Point', 'coordinates': (-79.430675, 43.647639)}"
8000286363,2018,00:00.0,1545,15,KIPLING AVE,MOUNT OLIVE DR,NULL,1,Etobicoke York,1,23,Intersection,At Intersection,Traffic Signal,Clear,Daylight,Dry,Non-Fatal Injury,Pedestrian Collisions,D23,2,Mount Olive-Silverstone-Jamestown (2),"{'type': 'Point', 'coordinates': (-79.583759, 43.746745)}"
8000300733,2018,00:00.0,1800,18,DON MILLS RD,BARBER GREENE RD,NULL,1,North York,16,33,Intersection,At Intersection,Traffic Signal,Clear,"Dark, artificial",Dry,Non-Fatal Injury,Turning Movement,D33,42,Banbury-Don Mills (42),"{'type': 'Point', 'coordinates': (-79.340823, 43.72758400000001)}"
8000301907,2018,00:00.0,2130,21,LAKE SHORE BLVD W,ROYAL YORK RD,150 m West of,1,Etobicoke York,3,22,Mid-Block,Non Intersection,No Control,Clear,"Dark, artificial",Dry,Non-Fatal Injury,SMV Other,D22,17,Mimico (17),"{'type': 'Point', 'coordinates': (-79.493121, 43.603579)}"
8000303628,2018,00:00.0,2319,23,3230 BAYVIEW AVE,NULL,NULL,1,North York,NULL,NULL,Mid-Block,Non Intersection,No Control,NULL,Dark,NULL,Fatal,SMV Other,D33,49,Bayview Woods-Steeles (49),"{'type': 'Point', 'coordinates': (-79.392772, 43.788287)}"
8000311536,2018,00:00.0,1442,14,401 C E WESTON RD RAMP,WESTON RD,NULL,1,Etobicoke York,5,12,Intersection,At Intersection,Traffic Signal,Clear,Daylight,Dry,Non-Fatal Injury,Turning Movement,D12,23,Pelmo Park-Humberlea (23),"{'type': 'Point', 'coordinates': (-79.535419, 43.711795)}"
8000312731,2018,00:00.0,1827,18,YONGE ST,ROSELAWN AVE,11 m South of,1,North York,NULL,53,Intersection,Intersection Related,No Control,Clear,"Dusk, artificial",Dry,Non-Fatal Injury,Pedestrian Collisions,D53,104,Mount Pleasant West (104),"{'type': 'Point', 'coordinates': (-79.39924900000001, 43.710841)}"
8000315155,2018,00:00.0,602,6,704 BRIMORTON DR,NULL,99 m West of,2,Scarborough,24,43,Mid-Block,Non Intersection,No Control,Clear,"Dark, artificial",Dry,Non-Fatal Injury,SMV Other,D43,137,Woburn (137),"{'type': 'Point', 'coordinates': (-79.227756, 43.774909)}"
8000315190,2018,00:00.0,617,6,537 FINCH AVE W,NULL,11 m East of,1,North York,6,32,Mid-Block,Non Intersection,No Control,Clear,"Dark, artificial",Dry,Non-Fatal Injury,Approaching,D32,35,Westminster-Branson (35),"{'type': 'Point', 'coordinates': (-79.44759700000002, 43.772914)}"
8000324261,2018,00:00.0,1640,16,QUEEN ST E,ONTARIO ST,NULL,1,North York,13,51,Intersection,At Intersection,Pedestrian Crossover,Clear,"Dusk, artificial",Wet,Non-Fatal Injury,Pedestrian Collisions,D51,73,Moss Park (73),"{'type': 'Point', 'coordinates': (-79.367168, 43.654944)}"
8000324266,2018,00:00.0,1645,16,BATHURST ST,ELLERSLIE AVE,NULL,1,North York,NULL,32,Intersection,At Intersection,Traffic Signal,Rain,Daylight,Wet,Fatal,Pedestrian Collisions,D32,37,Willowdale West (37),"{'type': 'Point', 'coordinates': (-79.440891, 43.765391)}"
8000332004,2018,00:00.0,1838,18,37 WILLIAM KITCHEN RD,NULL,NULL,2,Scarborough,21,41,Mid-Block,Non Intersection,No Control,Clear,"Dark, artificial",Dry,Fatal,Pedestrian Collisions,D41,126,Dorset Park (126),"{'type': 'Point', 'coordinates': (-79.282741, 43.773322)}"
8000337135,2018,00:00.0,1430,14,AVENUE RD,BRIAR HILL AVE,NULL,1,North York,8,53,Intersection,At Intersection,Stop Sign,Clear,Daylight,Dry,Non-Fatal Injury,Angle,D53,100,Yonge-Eglinton (100),"{'type': 'Point', 'coordinates': (-79.411449, 43.711116)}"
8000340465,2018,00:00.0,118,1,931 PROGRESS AVE,NULL,5 m West of,3,Scarborough,24,43,Intersection,Intersection Related,Traffic Signal,Clear,"Dark, artificial",Dry,Non-Fatal Injury,SMV Other,D43,137,Woburn (137),"{'type': 'Point', 'coordinates': (-79.231838, 43.783801)}"
8000341044,2018,00:00.0,612,6,EGLINTON AVE W,SCARLETT RD,NULL,1,Etobicoke York,2,NULL,Intersection,Intersection Related,Traffic Signal,Clear,Dark,Dry,Non-Fatal Injury,Pedestrian Collisions,D22,8,Humber Heights-Westmount (8),"{'type': 'Point', 'coordinates': (-79.511417, 43.68389)}"
8000348646,2018,00:00.0,849,8,ROYAL YORK RD,STRATH HUMBER CRT,15 m South of,3,Etobicoke York,2,22,Intersection,At Intersection,No Control,Clear,Daylight,Dry,Non-Fatal Injury,Pedestrian Collisions,D22,9,Edenbridge-Humber Valley (9),"{'type': 'Point', 'coordinates': (-79.517551, 43.661315)}"
8000352220,2018,00:00.0,1950,19,ROYAL YORK RD,BLOOR ST W,NULL,1,Etobicoke York,3,22,Intersection,At Intersection,Traffic Signal,Clear,Dark,Dry,Non-Fatal Injury,Pedestrian Collisions,D22,16,Stonegate-Queensway (16),"{'type': 'Point', 'coordinates': (-79.511325, 43.647292)}"
8000361053,2018,00:00.0,842,8,COLLIER ST,CHURCH ST,NULL,4,Toronto and East York,11,53,Intersection,At Intersection,Stop Sign,Clear,Daylight,Dry,Non-Fatal Injury,SMV Unattended Vehicle,D53,98,Rosedale-Moore Park (98),"{'type': 'Point', 'coordinates': (-79.386119, 43.672366)}"
8000370625,2018,00:00.0,1530,15,CANONGATE TRL,OCKWELL MANOR  DR,NULL,2,Scarborough,22,42,Intersection,At Intersection,No Control,Clear,Daylight,Dry,Fatal,Pedestrian Collisions,D42,116,Steeles (116),"{'type': 'Point', 'coordinates': (-79.306857, 43.818522)}"
8000372713,2018,00:00.0,2128,21,ALBION RD,CARRIER DR,50 m East of,1,Etobicoke York,1,23,Mid-Block,Non Intersection,No Control,Clear,"Dark, artificial",Dry,Non-Fatal Injury,Rear End,D23,1,West Humber-Clairville (1),"{'type': 'Point', 'coordinates': (-79.613452, 43.745268)}"
8000379612,2018,00:00.0,2117,21,FINCH AVE W,HUMBERLINE DR,NULL,1,Etobicoke York,1,23,Intersection,At Intersection,Traffic Signal,Clear,"Dusk, artificial",Dry,Non-Fatal Injury,Pedestrian Collisions,D23,1,West Humber-Clairville (1),"{'type': 'Point', 'coordinates': (-79.617831, 43.734969)}"
8000388134,2018,00:00.0,649,6,DON VALLEY PARKWAY  S,LAWRENCE AVE E,200 m South of,8,North York,16,33,Mid-Block,Non Intersection,No Control,Clear,Daylight,Wet,Non-Fatal Injury,Rear End,D33,42,Banbury-Don Mills (42),"{'type': 'Point', 'coordinates': (-79.332217, 43.737506)}"
8000390730,2018,00:00.0,1435,14,2083 LAWRENCE AVE W,NULL,NULL,1,Etobicoke York,5,12,Mid-Block,Non Intersection,No Control,Clear,Daylight,Dry,Non-Fatal Injury,Pedestrian Collisions,D12,113,Weston (113),"{'type': 'Point', 'coordinates': (-79.517535, 43.699755)}"
8000392366,2018,00:00.0,1914,19,GREENCEDAR CRCT,DAPHNE RD,NULL,2,Scarborough,24,43,Intersection,At Intersection,No Control,Other,Dark,Other,Fatal,Pedestrian Collisions,D43,137,Woburn (137),"{'type': 'Point', 'coordinates': (-79.22932, 43.75682700000001)}"
8000395977,2018,00:00.0,1111,11,WELLINGTON ST W,YORK ST,52 m East of,3,Toronto and East York,10,52,Mid-Block,Non Intersection,No Control,Clear,Daylight,Dry,Non-Fatal Injury,Turning Movement,D52,76,Bay Street Corridor (76),"{'type': 'Point', 'coordinates': (-79.382236, 43.646697)}"
8000397220,2018,00:00.0,1515,15,BATHURST ST,STEELES AVE W,10 m South of,1,North York,NULL,32,Intersection,Intersection Related,Traffic Signal,Clear,Daylight,Dry,Non-Fatal Injury,Angle,D32,36,Newtonbrook West (36),"{'type': 'Point', 'coordinates': (-79.445712, 43.792338)}"
8000407023,2018,00:00.0,820,8,DUFFERIN ST,CASTLEFIELD AVE,28 m North of,1,North York,8,13,Intersection,Intersection Related,Traffic Signal,Clear,Daylight,Dry,Non-Fatal Injury,Pedestrian Collisions,D13,108,Briar Hill-Belgravia (108),"{'type': 'Point', 'coordinates': (-79.451724, 43.700686)}"
8000409756,2018,00:00.0,1505,15,BATHURST ST,DEWBOURNE AVE,45 m  of,1,Toronto and East York,12,13,Mid-Block,Non Intersection,No Control,Clear,Daylight,Dry,Non-Fatal Injury,Rear End,D13,101,Forest Hill South (101),"{'type': 'Point', 'coordinates': (-79.424472, 43.698359)}"
8000409848,2018,00:00.0,1525,15,EGLINTON AVE W,KIPLING AVE,192 m West of,1,Etobicoke York,2,NULL,Mid-Block,Non Intersection,No Control,Clear,Daylight,Dry,Non-Fatal Injury,Approaching,D22,7,Willowridge-Martingrove-Richview (7),"{'type': 'Point', 'coordinates': (-79.553142, 43.676662)}"
7003291964,2017,00:00.0,1745,17,3825 SHEPPARD AVE E,NULL,140 m East of,1,Scarborough,22,42,Mid-Block,Non Intersection,No Control,Clear,"Daylight, artificial",Wet,Non-Fatal Injury,Pedestrian Collisions,D42,118,Tam O'Shanter-Sullivan (118),"{'type': 'Point', 'coordinates': (-79.291751, 43.782408)}"
8001252382,2018,00:00.0,2148,21,LN W HURON N BERNARD,BERNARD AVE,620 HURON ST,7,Scarborough,11,53,Mid-Block,Laneway,No Control,Clear,"Dark, artificial",Dry,Non-Fatal Injury,Pedestrian Collisions,D53,95,Annex (95),"{'type': 'Point', 'coordinates': (-79.404529, 43.673171)}"
7001803207,2017,00:00.0,2308,23,900 YORK MILLS RD,NULL,NULL,1,North York,16,33,Mid-Block,Non Intersection,No Control,Clear,Dark,Dry,Fatal,Pedestrian Collisions,D33,42,Banbury-Don Mills (42),"{'type': 'Point', 'coordinates': (-79.34798, 43.755549)}"
8001667999,2018,00:00.0,2317,23,QUEEN ST E,GRANT ST,30 m East of,3,Toronto and East York,14,55,Intersection,At Intersection,No Control,Clear,"Dark, artificial",Dry,Non-Fatal Injury,Pedestrian Collisions,D55,70,South Riverdale (70),"{'type': 'Point', 'coordinates': (-79.34846, 43.659117)}"
8000000539,2018,00:00.0,125,1,BAYVIEW AVE,POTTERY RD,403 m N of,1,North York,NULL,53,Mid-Block,Non Intersection,No Control,Clear,"Dark, artificial",Dry,Fatal,SMV Other,D53,56,Leaside-Bennington (56),"{'type': 'Point', 'coordinates': (-79.36198700000001, 43.692008)}"
8000000595,2018,00:00.0,137,1,NEILSON RD,401 C W NEILSON RAMP RD,NULL,3,Scarborough,NULL,42,Intersection,At Intersection,Traffic Signal,Clear,"Dark, artificial",Dry,Non-Fatal Injury,Angle,D42,132,Malvern (132),"{'type': 'Point', 'coordinates': (-79.216319, 43.795016)}"
8000009665,2018,00:00.0,1718,17,BRIMLEY RD,HEATHER RD,NULL,1,Scarborough,23,42,Intersection,Intersection Related,No Control,Clear,"Dusk, artificial",Dry,Fatal,Pedestrian Collisions,D42,129,Agincourt North (129),"{'type': 'Point', 'coordinates': (-79.269923, 43.790507)}"
8000010377,2018,00:00.0,1900,19,FINCH AVE E,TRUDY RD,70 m East of,1,North York,17,33,Mid-Block,Non Intersection,No Control,Clear,"Dark, artificial",Dry,Non-Fatal Injury,Approaching,D33,47,Don Valley Village (47),"{'type': 'Point', 'coordinates': (-79.362178, 43.790946)}"
8000026643,2018,00:00.0,1145,11,SHEPPARD ST,ADELAIDE ST W,NULL,1,Toronto and East York,10,52,Intersection,At Intersection,Traffic Signal,Other,Daylight,Other,Fatal,Pedestrian Collisions,D52,76,Bay Street Corridor (76),"{'type': 'Point', 'coordinates': (-79.38209100000002, 43.649542)}"
8000027630,2018,00:00.0,1412,14,AVENUE RD,DUNBLAINE AVE,NULL,1,North York,8,32,Intersection,At Intersection,Traffic Controller,Clear,Daylight,Dry,Non-Fatal Injury,Pedestrian Collisions,D32,39,Bedford Park-Nortown (39),"{'type': 'Point', 'coordinates': (-79.420062, 43.73585)}"
8000027863,2018,00:00.0,1455,14,SUNRISE AVE,BERMONDSEY RD,408 m East of,2,North York,NULL,54,Mid-Block,At/Near Private Drive,No Control,Clear,Daylight,Dry,Non-Fatal Injury,Turning Movement,D54,43,Victoria Village (43),"{'type': 'Point', 'coordinates': (-79.308299, 43.718005)}"
8000040229,2018,00:00.0,1816,18,EGLINTON AVE W,ROYAL YORK RD,NULL,1,Etobicoke York,2,NULL,Mid-Block,Non Intersection,Traffic Signal,Other,Daylight,Other,Fatal,Approaching,D22,9,Edenbridge-Humber Valley (9),"{'type': 'Point', 'coordinates': (-79.52972, 43.68162)}"
8000041197,2018,00:00.0,2151,21,STEELES AVE E,EASTVALE  DR,E of,1,Scarborough,23,42,Intersection,Intersection Related,No Control,Other,Dark,Other,Fatal,Pedestrian Collisions,D42,131,Rouge (131),"{'type': 'Point', 'coordinates': (-79.245151, 43.837935)}"
8000053420,2018,00:00.0,1817,18,EGLINTON AVE E,ROSEMOUNT DR,W of,1,Scarborough,NULL,41,Mid-Block,Non Intersection,No Control,Clear,Dark,Wet,Fatal,Pedestrian Collisions,D41,125,Ionview (125),"{'type': 'Point', 'coordinates': (-79.275096, 43.730475)}"
8000063695,2018,00:00.0,923,9,YONGE ST,RANLEIGH AVE,NULL,1,North York,NULL,32,Intersection,At Intersection,Traffic Signal,Clear,Daylight,Wet,Non-Fatal Injury,Pedestrian Collisions,D32,105,Lawrence Park North (105),"{'type': 'Point', 'coordinates': (-79.402904, 43.727763)}"
8000066808,2018,00:00.0,1727,17,YONGE ST,EGLINTON AVE E,NULL,1,Toronto and East York,NULL,53,Intersection,At Intersection,Traffic Signal,Rain,"Dark, artificial",Wet,Non-Fatal Injury,Pedestrian Collisions,D53,104,Mount Pleasant West (104),"{'type': 'Point', 'coordinates': (-79.398326, 43.70666000000001)}"
8000066887,2018,00:00.0,1740,17,BRIDLETOWNE CRCL,FINCH AVE E,NULL,1,Scarborough,22,42,Intersection,At Intersection,Traffic Signal,Clear,"Dark, artificial",Dry,Non-Fatal Injury,Pedestrian Collisions,D42,117,L'Amoreaux (117),"{'type': 'Point', 'coordinates': (-79.31927, 43.795779)}"
8000074113,2018,00:00.0,1901,19,MCCOWAN RD,ELLESMERE RD,NULL,1,Scarborough,NULL,43,Intersection,At Intersection,Traffic Signal,Freezing Rain,"Dark, artificial",Ice,Non-Fatal Injury,SMV Other,D43,137,Woburn (137),"{'type': 'Point', 'coordinates': (-79.25146, 43.772071)}"
8000083490,2018,00:00.0,1059,10,THE QUEENSWAY,ALDGATE AVE,100 m West of,1,Etobicoke York,3,22,Mid-Block,Non Intersection,No Control,Clear,Daylight,Dry,Non-Fatal Injury,Approaching,D22,16,Stonegate-Queensway (16),"{'type': 'Point', 'coordinates': (-79.487575, 43.629561)}"
8000090859,2018,00:00.0,1520,15,23 IANHALL RD,NULL,NULL,4,North York,6,31,Mid-Block,Non Intersection,No Control,Snow,Daylight,Loose Snow,Fatal,Pedestrian Collisions,D31,26,Downsview-Roding-CFB (26),"{'type': 'Point', 'coordinates': (-79.488223, 43.727904)}"
8000091274,2018,00:00.0,1623,16,YONGE ST,MELINDA ST,17 m North of,1,Toronto and East York,13,NULL,Intersection,Intersection Related,No Control,Snow,Daylight,Loose Snow,Non-Fatal Injury,Pedestrian Collisions,D51,75,Church-Yonge Corridor (75),"{'type': 'Point', 'coordinates': (-79.377605, 43.648451)}"
8000118334,2018,00:00.0,1800,18,FINCH AVE E,DUDLEY AVE,NULL,1,North York,18,32,Intersection,At Intersection,Stop Sign,Clear,"Dark, artificial",Dry,Non-Fatal Injury,Angle,D32,51,Willowdale East (51),"{'type': 'Point', 'coordinates': (-79.409679, 43.780986)}"
8000125710,2018,00:00.0,2105,21,MORNINGSIDE AVE,CINEMART DR,35 m South of,1,Scarborough,25,42,Mid-Block,Non Intersection,No Control,Clear,"Dark, artificial",Dry,Non-Fatal Injury,Pedestrian Collisions,D42,131,Rouge (131),"{'type': 'Point', 'coordinates': (-79.197437, 43.797301)}"
8000134975,2018,00:00.0,1130,11,THURMAN  RD,STEELES  AVE W,NULL,1,North York,6,32,Intersection,At Intersection,Traffic Signal,Rain,Daylight,Wet,Non-Fatal Injury,Cyclist Collisions,D32,35,Westminster-Branson (35),"{'type': 'Point', 'coordinates': (-79.452991, 43.79074)}"
8000136344,2018,00:00.0,1525,15,HANNA RD,SUTHERLAND DR,NULL,4,North York,15,53,Intersection,At Intersection,Stop Sign,Rain,Daylight,Wet,Non-Fatal Injury,Cyclist Collisions,D53,56,Leaside-Bennington (56),"{'type': 'Point', 'coordinates': (-79.365566, 43.701487)}"
8000139002,2018,00:00.0,2316,23,483 DUNDAS ST W,NULL,NULL,1,Toronto and East York,NULL,52,Mid-Block,Non Intersection,No Control,Rain,"Dark, artificial",Wet,Non-Fatal Injury,Pedestrian Collisions,D52,78,Kensington-Chinatown (78),"{'type': 'Point', 'coordinates': (-79.397411, 43.652999)}"
8000147254,2018,00:00.0,725,7,QUEEN ST W,NIAGARA ST,6 m West of,1,Toronto and East York,10,14,Intersection,At Intersection,Traffic Signal,Clear,Daylight,Dry,Non-Fatal Injury,Pedestrian Collisions,D14,82,Niagara (82),"{'type': 'Point', 'coordinates': (-79.409908, 43.645922)}"
8000148881,2018,00:00.0,1150,11,WARDEN AVE,BAMBURGH CRCL,195 m South,1,Scarborough,22,42,Mid-Block,Non Intersection,Traffic Signal,Clear,Daylight,Dry,Fatal,Pedestrian Collisions,D42,116,Steeles (116),"{'type': 'Point', 'coordinates': (-79.324542, 43.81428)}"
8000162835,2018,00:00.0,1430,14,QUEENS QUAY W,YORK ST,60 m West of,3,Toronto and East York,10,52,Mid-Block,Non Intersection,No Control,Clear,Daylight,Dry,Non-Fatal Injury,Pedestrian Collisions,D52,77,Waterfront Communities-The Island (77),"{'type': 'Point', 'coordinates': (-79.381091, 43.639701)}"
8000165108,2018,00:00.0,2055,20,TAPSCOTT RD,MCLEVIN AVE,65 m East of,3,Scarborough,23,42,Mid-Block,Non Intersection,No Control,Clear,"Dark, artificial",Dry,Non-Fatal Injury,Approaching,D42,132,Malvern (132),"{'type': 'Point', 'coordinates': (-79.22578, 43.804679)}"
8000166254,2018,00:00.0,116,1,EGLINTON AVE E,VICTORIA PARK AVE,NULL,1,North York,NULL,NULL,Intersection,At Intersection,Traffic Signal,Clear,"Dark, artificial",Dry,Non-Fatal Injury,Turning Movement,D41,120,Clairlea-Birchmount (120),"{'type': 'Point', 'coordinates': (-79.302608, 43.72465)}"
8000172626,2018,00:00.0,140,1,BATHURST ST,RIDGE HILL DR,NULL,1,Toronto and East York,8,NULL,Intersection,At Intersection,Traffic Signal,Clear,"Dark, artificial",Dry,Non-Fatal Injury,Pedestrian Collisions,D53,102,Forest Hill North (102),"{'type': 'Point', 'coordinates': (-79.425868, 43.703265)}"
8000206699,2018,00:00.0,943,9,FINCH AVE W,ARDWICK BLVD,NULL,1,Etobicoke York,7,31,Intersection,At Intersection,Traffic Signal,Clear,Daylight,Dry,Fatal,Pedestrian Collisions,D31,22,Humbermede (22),"{'type': 'Point', 'coordinates': (-79.562267, 43.747714)}"
8000212340,2018,00:00.0,403,4,PARLIAMENT ST,CARLTON ST,20 m North of,3,Toronto and East York,13,51,Intersection,At Intersection,Traffic Signal,Clear,"Dark, artificial",Dry,Non-Fatal Injury,Pedestrian Collisions,D51,71,Cabbagetown-South St.James Town (71),"{'type': 'Point', 'coordinates': (-79.367954, 43.664225)}"
8000214982,2018,00:00.0,1525,15,8 HERTFORD AVE,NULL,30 m North of,4,Etobicoke York,5,12,Mid-Block,Non Intersection,No Control,Clear,"Daylight, artificial",Dry,Non-Fatal Injury,Cyclist Collisions,D12,110,Keelesdale-Eglinton West (110),"{'type': 'Point', 'coordinates': (-79.477329, 43.6887)}"
8000231465,2018,00:00.0,913,9,CARL HALL RD,CHESSWOOD DR,300 m South of,4,North York,6,32,Mid-Block,Non Intersection,No Control,Clear,Daylight,Wet,Non-Fatal Injury,Approaching,D32,26,Downsview-Roding-CFB (26),"{'type': 'Point', 'coordinates': (-79.468807, 43.7485)}"
8000509644,2018,00:00.0,232,2,KEELE ST,WANDLE AVE,45 m North of,1,North York,6,31,Mid-Block,Non Intersection,No Control,Clear,"Dark, artificial",Dry,Non-Fatal Injury,Sideswipe,D31,26,Downsview-Roding-CFB (26),"{'type': 'Point', 'coordinates': (-79.483257, 43.731776)}"
7001803830,2017,00:00.0,331,3,YONGE ST,LAWRENCE AVE W,100 m North of,1,North York,NULL,NULL,Mid-Block,Non Intersection,No Control,Clear,Dark,Dry,Fatal,Pedestrian Collisions,D32,105,Lawrence Park North (105),"{'type': 'Point', 'coordinates': (-79.40224, 43.725344)}"
8001668494,2018,00:00.0,105,1,1035 SHEPPARD AVE W,NULL,20 m West of,1,North York,6,32,Intersection,Intersection Related,No Control,Clear,"Dark, artificial",Dry,Non-Fatal Injury,Pedestrian Collisions,D32,26,Downsview-Roding-CFB (26),"{'type': 'Point', 'coordinates': (-79.462726, 43.750262)}"
8000510129,2018,00:00.0,331,3,F G GARDINER XY  W,ROYAL YORK RD,NULL,NULL,Etobicoke York,3,22,Mid-Block,Non Intersection,No Control,Clear,"Dark, artificial",Dry,Fatal,Rear End,D22,17,Mimico (17),"{'type': 'Point', 'coordinates': (-79.499957, 43.623107)}"
8001252744,2018,00:00.0,2302,23,LAWRENCE AVE E,KENNEDY RD,NULL,1,Scarborough,21,41,Intersection,At Intersection,Traffic Signal,Clear,"Dark, artificial",Dry,Non-Fatal Injury,Pedestrian Collisions,D41,126,Dorset Park (126),"{'type': 'Point', 'coordinates': (-79.274898, 43.749427)}"
8001672359,2018,00:00.0,1823,18,MARKHAM RD,MCNICOLL AVE,75 m North of,1,Scarborough,23,42,Mid-Block,Non Intersection,No Control,Clear,Daylight,Dry,Non-Fatal Injury,Pedestrian Collisions,D42,131,Rouge (131),"{'type': 'Point', 'coordinates': (-79.248309, 43.825041)}"
8001677447,2018,00:00.0,1455,14,THE QUEENSWAY,LOMA RD,NULL,1,Etobicoke York,3,22,Intersection,At Intersection,Stop Sign,Rain,Daylight,Wet,Non-Fatal Injury,Pedestrian Collisions,D22,16,Stonegate-Queensway (16),"{'type': 'Point', 'coordinates': (-79.508815, 43.62490300000001)}"
8001679287,2018,00:00.0,1957,19,MIDDLEFIELD RD,MCNICOLL AVE,1 m North of,3,Scarborough,23,42,Intersection,At Intersection,Traffic Signal,Rain,"Dusk, artificial",Wet,Non-Fatal Injury,Cyclist Collisions,D42,130,Milliken (130),"{'type': 'Point', 'coordinates': (-79.262058, 43.820048)}"
8001683748,2018,00:00.0,1339,13,RONCESVALLES AVE,MARION ST,7 m North of,3,Toronto and East York,4,11,Intersection,Intersection Related,No Control,Clear,Daylight,Dry,Non-Fatal Injury,Other,D11,86,Roncesvalles (86),"{'type': 'Point', 'coordinates': (-79.446986, 43.64107)}"
8001685122,2018,00:00.0,1708,17,LAKE SHORE BLVD W,SIXTH ST,NULL,1,Etobicoke York,3,22,Intersection,Non Intersection,No Control,Clear,Daylight,Dry,Fatal,Pedestrian Collisions,D22,18,New Toronto (18),"{'type': 'Point', 'coordinates': (-79.504077, 43.600909)}"
8001686841,2018,00:00.0,2200,22,DUNDAS ST W,BEVERLEY ST,NULL,1,Toronto and East York,NULL,52,Intersection,At Intersection,Traffic Signal,Clear,"Dark, artificial",Dry,Non-Fatal Injury,Angle,D52,78,Kensington-Chinatown (78),"{'type': 'Point', 'coordinates': (-79.393817, 43.65375)}"
8001689735,2018,00:00.0,1115,11,LAWRENCE AVE E,THE DONWAY  W,NULL,1,North York,16,33,Intersection,At Intersection,Traffic Signal,Clear,Daylight,Dry,Non-Fatal Injury,Pedestrian Collisions,D33,42,Banbury-Don Mills (42),"{'type': 'Point', 'coordinates': (-79.346507, 43.736434)}"
8001690114,2018,00:00.0,1205,12,DUFFERIN ST,ROGERS RD,NULL,1,North York,NULL,13,Intersection,At Intersection,Traffic Signal,Clear,Daylight,Dry,Non-Fatal Injury,Pedestrian Collisions,D13,107,Oakwood Village (107),"{'type': 'Point', 'coordinates': (-79.446079, 43.685496)}"
8001693998,2018,00:00.0,2300,23,MCCOWAN RD,TOWN CENTRE CRT,NULL,1,Scarborough,NULL,43,Intersection,At Intersection,Traffic Signal,Clear,"Dark, artificial",Dry,Non-Fatal Injury,Pedestrian Collisions,D43,137,Woburn (137),"{'type': 'Point', 'coordinates': (-79.2522, 43.774501)}"