ACCNUM,YEAR,DATE,TIME,HOUR,STREET1,STREET2,OFFSET,ROAD_CLASS,DISTRICT,WARDNUM,DIVISION,LOCCOORD,ACCLOC,TRAFFCTL,VISIBILITY,LIGHT,RDSFCOND,ACCLASS,IMPACTYPE,POLICE_DIVISION,HOOD_ID,NEIGHBOURHOOD,geometry
8001708273,2018,00:00.0,50,0,DUFFERIN ST,LAPPIN AVE,8 m East of,1,Toronto and East York,9,NULL,Intersection,Intersection Related,No Control,Clear,"Dark, artificial",Dry,Non-Fatal Injury,Cyclist Collisions,D11,93,Dovercourt-Wallace Emerson-Junction (93),"{'type': 'Point', 'coordinates': (-79.43822, 43.666342)}"
8001708692,2018,00:00.0,240,2,PARKSIDE DR,INDIAN VALLEY CRES,34 meters south,1,Toronto and East York,4,11,Mid-Block,Non Intersection,No Control,Clear,Dark,Dry,Fatal,Approaching,D11,87,High Park-Swansea (87),"{'type': 'Point', 'coordinates': (-79.45827, 43.650427)}"
8001903113,2018,00:00.0,940,9,555 ST CLAIR AVE W,NULL,2 m South of,1,Toronto and East York,12,13,Mid-Block,Non Intersection,No Control,Rain,Daylight,Wet,Non-Fatal Injury,Pedestrian Collisions,D13,94,Wychwood (94),"{'type': 'Point', 'coordinates': (-79.421001, 43.682524)}"
8001711357,2018,00:00.0,1400,14,ST CLAIR AVE W,NORTHCLIFFE BLVD,NULL,1,North York,9,13,Intersection,At Intersection,Traffic Signal,Clear,Daylight,Dry,Non-Fatal Injury,Pedestrian Collisions,D13,92,Corso Italia-Davenport (92),"{'type': 'Point', 'coordinates': (-79.440814, 43.678363)}"
8001712147,2018,00:00.0,1625,16,DIXON RD,KIPLING AVE,200 m East of,1,Etobicoke York,NULL,23,Mid-Block,At/Near Private Drive,No Control,Clear,Daylight,Dry,Non-Fatal Injury,Turning Movement,D23,6,Kingsview Village-The Westway (6),"{'type': 'Point', 'coordinates': (-79.556766, 43.694594)}"
8001713771,2018,00:00.0,2130,21,JARVIS ST,QUEEN ST E,100 m North of,1,Scarborough,13,51,Mid-Block,Non Intersection,No Control,Clear,"Dark, artificial",Dry,Non-Fatal Injury,Turning Movement,D51,73,Moss Park (73),"{'type': 'Point', 'coordinates': (-79.373607, 43.65462)}"
8001715339,2018,00:00.0,408,4,LAWSON RD,ST MAGNUS DR,60 m West of,2,Scarborough,25,43,Mid-Block,Non Intersection,No Control,Clear,"Dark, artificial",Dry,Non-Fatal Injury,SMV Other,D43,133,Centennial Scarborough (133),"{'type': 'Point', 'coordinates': (-79.15002, 43.787551)}"
8001716162,2018,00:00.0,936,9,WILLOWDALE AVE,BISHOP AVE,10 m North of,3,North York,18,32,Intersection,At Intersection,Traffic Signal,Clear,Daylight,Dry,Non-Fatal Injury,Angle,D32,50,Newtonbrook East (50),"{'type': 'Point', 'coordinates': (-79.407832, 43.78337)}"
8001717185,2018,00:00.0,1329,13,DUNDAS ST W,ST JOHNS PL,52 m West of,1,Etobicoke York,4,11,Mid-Block,Non Intersection,No Control,Clear,Daylight,Dry,Non-Fatal Injury,Pedestrian Collisions,D11,90,Junction Area (90),"{'type': 'Point', 'coordinates': (-79.476634, 43.665461)}"
8001722145,2018,00:00.0,1001,10,STEELES AVE W,KEELE ST,NULL,1,North York,NULL,31,Intersection,At Intersection,Traffic Signal,Clear,Daylight,Dry,Non-Fatal Injury,Cyclist Collisions,D31,27,York University Heights (27),"{'type': 'Point', 'coordinates': (-79.494464, 43.781508)}"
8001722956,2018,00:00.0,1204,12,BAY ST,WELLINGTON ST W,NULL,1,Toronto and East York,NULL,52,Intersection,At Intersection,Traffic Signal,Clear,Daylight,Dry,Non-Fatal Injury,Cyclist Collisions,D52,76,Bay Street Corridor (76),"{'type': 'Point', 'coordinates': (-79.379688, 43.64726100000001)}"
8001732179,2018,00:00.0,1850,18,KEELE ST,AILEEN AVE,NULL,1,Etobicoke York,5,12,Intersection,At Intersection,No Control,Clear,Daylight,Dry,Fatal,Turning Movement,D12,110,Keelesdale-Eglinton West (110),"{'type': 'Point', 'coordinates': (-79.472026, 43.683169)}"
8001736723,2018,00:00.0,1242,12,F G GARDINER XY  E,LOWER JARVIS ST,338 m West of,8,Toronto and East York,10,51,Mid-Block,Non Intersection,No Control,Clear,Daylight,Dry,Non-Fatal Injury,SMV Other,D51,77,Waterfront Communities-The Island (77),"{'type': 'Point', 'coordinates': (-79.3717, 43.645251)}"
8001744519,2018,00:00.0,1600,16,DUFFERIN ST,CASTLEFIELD AVE,NULL,1,North York,8,13,Intersection,At Intersection,Traffic Signal,Clear,Daylight,Dry,Fatal,Pedestrian Collisions,D13,108,Briar Hill-Belgravia (108),"{'type': 'Point', 'coordinates': (-79.451724, 43.700686)}"
8001751421,2018,00:00.0,1600,16,NUTHATCH LANE,DOCTOR O LANE,NULL,7,Toronto and East York,13,51,Intersection,Intersection Related,No Control,Clear,Daylight,Dry,Fatal,Pedestrian Collisions,D51,73,Moss Park (73),"{'type': 'Point', 'coordinates': (-79.369693, 43.663325)}"
8001752003,2018,00:00.0,1723,17,WOODBINE TRACK ACCESS,REXDALE BLVD,150 m South of,4,Etobicoke York,1,23,Mid-Block,Non Intersection,No Control,Rain,Daylight,Wet,Non-Fatal Injury,Turning Movement,D23,1,West Humber-Clairville (1),"{'type': 'Point', 'coordinates': (-79.603442, 43.717654)}"
8001753831,2018,00:00.0,2227,22,2265 MIDLAND AVE,NULL,3 m West of,1,Scarborough,21,41,Mid-Block,Non Intersection,No Control,Clear,Dark,Dry,Non-Fatal Injury,Pedestrian Collisions,D41,127,Bendale (127),"{'type': 'Point', 'coordinates': (-79.274074, 43.775595)}"
8001758272,2018,00:00.0,1635,16,EGLINTON AVE E,MARKHAM RD,100 m East of,1,Scarborough,24,43,Mid-Block,At/Near Private Drive,Stop Sign,Clear,Daylight,Dry,Non-Fatal Injury,Turning Movement,D43,139,Scarborough Village (139),"{'type': 'Point', 'coordinates': (-79.21725, 43.743479)}"
8001758367,2018,00:00.0,1655,16,EGLINTON AVE W,ROYAL YORK RD,400 m East of,1,Etobicoke York,2,NULL,Mid-Block,Non Intersection,Stop Sign,Clear,Daylight,Dry,Non-Fatal Injury,Turning Movement,D22,9,Edenbridge-Humber Valley (9),"{'type': 'Point', 'coordinates': (-79.52064100000001, 43.683287)}"
8001771158,2018,00:00.0,1430,14,YONGE ST,WELLINGTON ST E,NULL,1,North York,13,NULL,Intersection,At Intersection,Traffic Signal,Clear,Daylight,Dry,Non-Fatal Injury,Cyclist Collisions,D51,75,Church-Yonge Corridor (75),"{'type': 'Point', 'coordinates': (-79.37733, 43.647772)}"
8001764546,2018,00:00.0,1735,17,DANFORTH AVE,GREENWOOD AVE,28 m East of,1,Toronto and East York,14,NULL,Intersection,At/Near Private Drive,No Control,Clear,Daylight,Dry,Non-Fatal Injury,Cyclist Collisions,D55,65,Greenwood-Coxwell (65),"{'type': 'Point', 'coordinates': (-79.332347, 43.68141)}"
8001765943,2018,00:00.0,2228,22,CENTENNIAL PARK BLVD,EGLINTON AVE W,NULL,1,Etobicoke York,2,22,Intersection,At Intersection,Traffic Signal,Clear,"Dark, artificial",Dry,Non-Fatal Injury,Cyclist Collisions,D22,11,Eringate-Centennial-West Deane (11),"{'type': 'Point', 'coordinates': (-79.598361, 43.65576)}"
8001780907,2018,00:00.0,709,7,ST CLAIR AVE E,JEANETTE ST,NULL,3,Scarborough,20,41,Intersection,At Intersection,Traffic Signal,Clear,Daylight,Dry,Fatal,Pedestrian Collisions,D41,123,Cliffcrest (123),"{'type': 'Point', 'coordinates': (-79.247051, 43.719565)}"
8001768874,2018,00:00.0,1143,11,DEWHURST BLVD,DANFORTH AVE,NULL,1,Toronto and East York,14,NULL,Intersection,At Intersection,No Control,Clear,Daylight,Dry,Non-Fatal Injury,Rear End,D55,69,Blake-Jones (69),"{'type': 'Point', 'coordinates': (-79.339397, 43.679942)}"
8001780816,2018,00:00.0,645,6,DUNDAS ST W,CHESTNUT ST,NULL,1,Toronto and East York,NULL,52,Intersection,At Intersection,Traffic Signal,Clear,"Dawn, artificial",Dry,Non-Fatal Injury,Pedestrian Collisions,D52,76,Bay Street Corridor (76),"{'type': 'Point', 'coordinates': (-79.38602, 43.655169)}"
8001781427,2018,00:00.0,900,9,MELITA AVE,CHRISTIE ST,NULL,3,Toronto and East York,12,13,Intersection,At Intersection,No Control,Clear,Daylight,Dry,Non-Fatal Injury,Cyclist Collisions,D13,94,Wychwood (94),"{'type': 'Point', 'coordinates': (-79.42258, 43.674388)}"
8001784875,2018,00:00.0,1755,17,BRIMLEY RD,BRIMWOOD BLVD,NULL,1,Scarborough,23,42,Intersection,At Intersection,Traffic Signal,Clear,Daylight,Dry,Non-Fatal Injury,Cyclist Collisions,D42,129,Agincourt North (129),"{'type': 'Point', 'coordinates': (-79.27971200000002, 43.810984000000005)}"
7001806475,2017,00:00.0,1310,13,WARDEN AVE,CIVIC  RD,37 m South of,1,Scarborough,20,41,Mid-Block,Non Intersection,No Control,Clear,Daylight,Dry,Non-Fatal Injury,Pedestrian Collisions,D41,120,Clairlea-Birchmount (120),"{'type': 'Point', 'coordinates': (-79.287074, 43.726473)}"
8000514399,2018,00:00.0,1720,17,LAWRENCE AVE W,BENTON RD,10 m East of,1,Etobicoke York,5,12,Intersection,At Intersection,Traffic Signal,Clear,Daylight,Dry,Non-Fatal Injury,Angle,D12,30,Brookhaven-Amesbury (30),"{'type': 'Point', 'coordinates': (-79.471866, 43.710231)}"
8001264786,2018,00:00.0,1720,17,RATHBURN  RD,RENFORTH DR,NULL,3,Etobicoke York,2,22,Intersection,At Intersection,Traffic Signal,Clear,Daylight,Dry,Non-Fatal Injury,Turning Movement,D22,13,Etobicoke West Mall (13),"{'type': 'Point', 'coordinates': (-79.579456, 43.651335)}"
8000516187,2018,00:00.0,2305,23,QUEENS QUAY W,YORK ST,60 m West of,3,Toronto and East York,10,52,Mid-Block,Non Intersection,No Control,Clear,"Dark, artificial",Dry,Non-Fatal Injury,Pedestrian Collisions,D52,77,Waterfront Communities-The Island (77),"{'type': 'Point', 'coordinates': (-79.381068, 43.639712)}"
8001265172,2018,00:00.0,1820,18,WILSON AVE,AVENUE RD,NULL,1,North York,8,32,Intersection,At Intersection,Traffic Signal,Clear,Daylight,Dry,Non-Fatal Injury,Pedestrian Collisions,D32,39,Bedford Park-Nortown (39),"{'type': 'Point', 'coordinates': (-79.421603, 43.739798)}"
8001275127,2018,00:00.0,740,7,FRITH RD,ROSEGLEN CRES,31.8 m East of,4,Etobicoke York,7,31,Mid-Block,Non Intersection,No Control,Clear,Daylight,Dry,Non-Fatal Injury,Pedestrian Collisions,D31,25,Glenfield-Jane Heights (25),"{'type': 'Point', 'coordinates': (-79.515704, 43.746199)}"
8001280273,2018,00:00.0,2121,21,TRETHEWEY DR,YORKTOWN  DR,NULL,3,Etobicoke York,5,12,Intersection,At Intersection,Stop Sign,Clear,"Dark, artificial",Dry,Non-Fatal Injury,Angle,D12,112,Beechborough-Greenbrook (112),"{'type': 'Point', 'coordinates': (-79.477252, 43.692324)}"
8001284576,2018,00:00.0,1457,14,LAWRENCE AVE W,BENTON RD,NULL,1,Etobicoke York,5,12,Intersection,At Intersection,Traffic Signal,Clear,Daylight,Dry,Non-Fatal Injury,Pedestrian Collisions,D12,30,Brookhaven-Amesbury (30),"{'type': 'Point', 'coordinates': (-79.471866, 43.710231)}"
8001299322,2018,00:00.0,1928,19,DUNDAS ST E,PARLIAMENT ST,NULL,1,Toronto and East York,13,51,Intersection,At Intersection,Traffic Signal,Clear,Daylight,Dry,Non-Fatal Injury,Cyclist Collisions,D51,72,Regent Park (72),"{'type': 'Point', 'coordinates': (-79.365978, 43.659369)}"
8001304642,2018,00:00.0,1506,15,WARDEN AVE,CIVIC RD,1 m West of,1,Scarborough,20,41,Intersection,At Intersection,Stop Sign,Clear,Daylight,Dry,Non-Fatal Injury,Cyclist Collisions,D41,120,Clairlea-Birchmount (120),"{'type': 'Point', 'coordinates': (-79.287242, 43.726866)}"
8001315456,2018,00:00.0,259,2,JOHN ST,STEPHANIE ST,10 m South of,4,Toronto and East York,10,52,Intersection,Intersection Related,No Control,Clear,"Dark, artificial",Dry,Non-Fatal Injury,Pedestrian Collisions,D52,78,Kensington-Chinatown (78),"{'type': 'Point', 'coordinates': (-79.391612, 43.651122)}"
8001315928,2018,00:00.0,711,7,BROADVIEW AVE,TORRENS AVE,NULL,3,Toronto and East York,14,54,Intersection,At Intersection,Pedestrian Crossover,Clear,Daylight,Dry,Non-Fatal Injury,Pedestrian Collisions,D54,57,Broadview North (57),"{'type': 'Point', 'coordinates': (-79.355121, 43.690203)}"
8001330497,2018,00:00.0,529,5,DUPONT ST,OSLER ST,23 m West of,1,Toronto and East York,9,11,Intersection,Intersection Related,No Control,Clear,"Dawn, artificial",Dry,Non-Fatal Injury,SMV Other,D11,93,Dovercourt-Wallace Emerson-Junction (93),"{'type': 'Point', 'coordinates': (-79.456554, 43.664496)}"
8001333226,2018,00:00.0,1548,15,DON MILLS  RD,THE DONWAY W,20 m South of,1,North York,16,33,Intersection,At Intersection,Traffic Signal,Clear,Daylight,Dry,Non-Fatal Injury,Turning Movement,D33,42,Banbury-Don Mills (42),"{'type': 'Point', 'coordinates': (-79.342075, 43.73215)}"
8001340896,2018,00:00.0,2046,20,ELLESMERE RD,SCARBOROUGH GOLF CLUB RD,20 m West of,1,Scarborough,24,43,Intersection,Non Intersection,No Control,Clear,"Dark, artificial",Dry,Non-Fatal Injury,SMV Other,D43,135,Morningside (135),"{'type': 'Point', 'coordinates': (-79.222179, 43.778483)}"
8001352624,2018,00:00.0,1505,15,ELIZABETH ST,GERRARD ST W,NULL,3,Toronto and East York,11,52,Intersection,At Intersection,Traffic Signal,Clear,Daylight,Dry,Non-Fatal Injury,Pedestrian Collisions,D52,76,Bay Street Corridor (76),"{'type': 'Point', 'coordinates': (-79.386379, 43.658103)}"
8001355778,2018,00:00.0,45,0,DORIS AVE,HOLMES AVE,42 m South,3,North York,18,32,Mid-Block,Non Intersection,No Control,Clear,"Dark, artificial",Wet,Fatal,SMV Other,D32,51,Willowdale East (51),"{'type': 'Point', 'coordinates': (-79.413097, 43.777663)}"
8001362922,2018,00:00.0,58,0,EGLINTON AVE W,MARLEE AVE,NULL,1,North York,NULL,13,Intersection,At Intersection,Traffic Signal,Clear,Dark,Dry,Fatal,Pedestrian Collisions,D13,107,Oakwood Village (107),"{'type': 'Point', 'coordinates': (-79.439349, 43.69797)}"
8001367293,2018,00:00.0,1515,15,OSSINGTON  AVE,GEARY AVE,NULL,3,Toronto and East York,NULL,13,Intersection,At Intersection,No Control,Rain,"Daylight, artificial",Wet,Non-Fatal Injury,Cyclist Collisions,D13,94,Wychwood (94),"{'type': 'Point', 'coordinates': (-79.429553, 43.671363)}"
8001384948,2018,00:00.0,330,3,KEELE ST,FINCH AVE W,NULL,1,North York,NULL,31,Intersection,At Intersection,Traffic Signal,Clear,Daylight,Dry,Non-Fatal Injury,Pedestrian Collisions,D31,27,York University Heights (27),"{'type': 'Point', 'coordinates': (-79.491008, 43.76343)}"
8001386062,2018,00:00.0,1029,10,144 NORSEMAN ST,NULL,NULL,2,Etobicoke York,3,22,Mid-Block,Non Intersection,No Control,Clear,Daylight,Dry,Fatal,SMV Other,D22,14,Islington-City Centre West (14),"{'type': 'Point', 'coordinates': (-79.520046, 43.633887)}"
8001389602,2018,00:00.0,2122,21,LAKE SHORE BLVD E,WINNERS CRCL,60 m East of,1,North York,19,55,Mid-Block,Non Intersection,No Control,Clear,Dark,Dry,Non-Fatal Injury,Pedestrian Collisions,D55,70,South Riverdale (70),"{'type': 'Point', 'coordinates': (-79.307765, 43.663756)}"
8001393342,2018,00:00.0,1238,12,100 MCLEVIN AVE,NULL,4 m East of,3,Scarborough,23,42,Mid-Block,At/Near Private Drive,No Control,Clear,Daylight,Dry,Non-Fatal Injury,Turning Movement,D42,132,Malvern (132),"{'type': 'Point', 'coordinates': (-79.236369, 43.800753)}"
8001394045,2018,00:00.0,1427,14,WARDEN AVE,FAIRFAX CRES,NULL,1,Scarborough,20,41,Intersection,At Intersection,Traffic Signal,Clear,Daylight,Dry,Fatal,Pedestrian Collisions,D41,120,Clairlea-Birchmount (120),"{'type': 'Point', 'coordinates': (-79.282733, 43.716109)}"
8001395482,2018,00:00.0,1755,17,STEELES AVE W,YONGE ST,260 m West of,1,North York,18,32,Mid-Block,Non Intersection,No Control,Clear,Daylight,Dry,Non-Fatal Injury,Pedestrian Collisions,D32,36,Newtonbrook West (36),"{'type': 'Point', 'coordinates': (-79.422603, 43.797373)}"
8001397714,2018,00:00.0,150,1,WESTON RD,WRIGHT AVE,50 m South of,3,Etobicoke York,5,12,Mid-Block,At/Near Private Drive,No Control,Clear,"Dark, artificial",Dry,Non-Fatal Injury,SMV Unattended Vehicle,D12,113,Weston (113),"{'type': 'Point', 'coordinates': (-79.510379, 43.697928)}"
8001410781,2018,00:00.0,2100,21,JANE ST,GRANDRAVINE DR,NULL,1,Etobicoke York,7,31,Intersection,Intersection Related,Traffic Signal,Clear,"Dark, artificial",Dry,Non-Fatal Injury,Pedestrian Collisions,D31,25,Glenfield-Jane Heights (25),"{'type': 'Point', 'coordinates': (-79.515086, 43.747023)}"
8001653005,2018,00:00.0,1300,13,BLOOR ST W,OSSINGTON AVE,50 m East of,1,Toronto and East York,11,14,Mid-Block,Non Intersection,No Control,Clear,Daylight,Dry,Non-Fatal Injury,Cyclist Collisions,D14,80,Palmerston-Little Italy (80),"{'type': 'Point', 'coordinates': (-79.425082, 43.661994)}"
8001423637,2018,00:00.0,1653,16,MORECAMBE GT,VICTORIA PARK AVE,NULL,1,Scarborough,NULL,NULL,Intersection,At Intersection,Traffic Signal,Clear,Daylight,Dry,Non-Fatal Injury,Pedestrian Collisions,D42,117,L'Amoreaux (117),"{'type': 'Point', 'coordinates': (-79.333591, 43.79798)}"
8001425154,2018,00:00.0,2127,21,SHEPPARD AVE E,SHAUGHNESSY BLVD,10 m North of,1,North York,17,33,Intersection,At Intersection,Traffic Signal,Clear,"Dark, artificial",Dry,Non-Fatal Injury,Pedestrian Collisions,D33,53,Henry Farm (53),"{'type': 'Point', 'coordinates': (-79.353282, 43.773657)}"
8001429448,2018,00:00.0,1425,14,FINCHDENE SQ,FINCH AVE E,16 m North of,3,Scarborough,23,42,Intersection,At Intersection,Traffic Signal,Clear,Daylight,Dry,Non-Fatal Injury,SMV Other,D42,132,Malvern (132),"{'type': 'Point', 'coordinates': (-79.231464, 43.815356)}"
8001431981,2018,00:00.0,2137,21,123 CALEDONIA  RD,NULL,50 m North of,3,Etobicoke York,9,13,Mid-Block,At/Near Private Drive,No Control,Clear,"Dark, artificial",Dry,Non-Fatal Injury,Pedestrian Collisions,D13,92,Corso Italia-Davenport (92),"{'type': 'Point', 'coordinates': (-79.456218, 43.678824)}"
8001440552,2018,00:00.0,914,9,CLAREMORE AVE,CRAIGLEE DR,NULL,4,Scarborough,20,41,Intersection,At Intersection,Stop Sign,Clear,Daylight,Dry,Fatal,Pedestrian Collisions,D41,122,Birchcliffe-Cliffside (122),"{'type': 'Point', 'coordinates': (-79.254787, 43.706175)}"
8001441387,2018,00:00.0,1207,12,QUEEN ST W,DUNN AVE,NULL,1,Toronto and East York,4,NULL,Intersection,At Intersection,Traffic Signal,Clear,Daylight,Dry,Non-Fatal Injury,Pedestrian Collisions,D14,85,South Parkdale (85),"{'type': 'Point', 'coordinates': (-79.43447400000001, 43.640952)}"
8001446568,2018,00:00.0,900,9,DOVERCOURT RD,BLOOR ST W,NULL,1,Toronto and East York,9,14,Intersection,At Intersection,Traffic Signal,Clear,Daylight,Dry,Non-Fatal Injury,Turning Movement,D14,80,Palmerston-Little Italy (80),"{'type': 'Point', 'coordinates': (-79.429393, 43.66107800000001)}"
8001453091,2018,00:00.0,244,2,QUEEN ST W,BELLWOODS AVE,10 m West of,1,Toronto and East York,10,14,Intersection,Intersection Related,No Control,Rain,"Dark, artificial",Wet,Non-Fatal Injury,Pedestrian Collisions,D14,82,Niagara (82),"{'type': 'Point', 'coordinates': (-79.410747, 43.645774)}"
8001460468,2018,00:00.0,50,0,HIGHWAY 2A  W,HIGHLAND CREEK OVERPASS,600 m East,8,Scarborough,25,43,Mid-Block,Non Intersection,No Control,Clear,Dark,Dry,Fatal,Pedestrian Collisions,D43,133,Centennial Scarborough (133),"{'type': 'Point', 'coordinates': (-79.164645, 43.784983)}"
8001463987,2018,00:00.0,1415,14,REXDALE BLVD,BERGAMOT AVE,NULL,1,Etobicoke York,1,23,Intersection,At Intersection,Traffic Signal,Clear,Daylight,Dry,Non-Fatal Injury,Turning Movement,D23,1,West Humber-Clairville (1),"{'type': 'Point', 'coordinates': (-79.559642, 43.713248)}"
8001469544,2018,00:00.0,1038,10,KINGSTON RD,SOUTHWOOD DR,NULL,1,Toronto and East York,19,55,Intersection,At Intersection,Traffic Signal,Clear,Daylight,Dry,Non-Fatal Injury,Pedestrian Collisions,D55,63,The Beaches (63),"{'type': 'Point', 'coordinates': (-79.297984, 43.678813)}"
8001473575,2018,00:00.0,2055,20,BELLAMY RD N,BRIMORTON DR,NULL,3,Scarborough,24,43,Intersection,At Intersection,Traffic Signal,Clear,Daylight,Dry,Fatal,Angle,D43,137,Woburn (137),"{'type': 'Point', 'coordinates': (-79.239131, 43.767378)}"
188016123,2018,00:00.0,1700,17,BAYVIEW AVE,THE BRIDLE PATH,NULL,1,North York,15,NULL,Mid-Block,Non Intersection,No Control,Clear,Daylight,Dry,Non-Fatal Injury,Pedestrian Collisions,D33,41,Bridle Path-Sunnybrook-York Mills (41),"{'type': 'Point', 'coordinates': (-79.382404, 43.739215)}"
7001806596,2017,00:00.0,1330,13,QUEEN ST W,PORTLAND ST,3 m East of,1,Toronto and East York,10,14,Mid-Block,At Intersection,Traffic Signal,Clear,Daylight,Dry,Non-Fatal Injury,Turning Movement,D14,77,Waterfront Communities-The Island (77),"{'type': 'Point', 'coordinates': (-79.40137000000001, 43.647635)}"
8000535071,2018,00:00.0,1914,19,JANE ST,SHOREHAM DR,70 m South of,1,North York,7,31,Mid-Block,Non Intersection,No Control,Clear,Daylight,Dry,Non-Fatal Injury,Approaching,D31,24,Black Creek (24),"{'type': 'Point', 'coordinates': (-79.520107, 43.767714)}"
1122545,2009,00:00.0,812,8,KINGSTON RD,MAIN ST,NULL,1,Toronto and East York,19,55,Intersection,At Intersection,Traffic Signal,Clear,Daylight,Dry,Non-Fatal Injury,Pedestrian Collisions,D55,63,The Beaches (63),"{'type': 'Point', 'coordinates': (-79.29799, 43.678845)}"
141413547,2014,00:00.0,1310,13,SHEPPARD AVE E,CONSUMERS RD,NULL,1,North York,17,33,Intersection,NULL,Traffic Signal,Snow,Daylight,Loose Snow,Fatal,Rear End,D33,46,Pleasant View (46),"{'type': 'Point', 'coordinates': (-79.331226, 43.775088)}"
1122728,2009,00:00.0,636,6,ISLINGTON AVE,THE WESTWAY,NULL,1,Etobicoke York,2,23,Intersection,At Intersection,Traffic Signal,Clear,Daylight,Dry,Non-Fatal Injury,Angle,D23,6,Kingsview Village-The Westway (6),"{'type': 'Point', 'coordinates': (-79.54289, 43.688645)}"
1122739,2009,00:00.0,703,7,QUEEN ST E,EASTERN AVE,NULL,1,Toronto and East York,19,55,Intersection,At Intersection,Traffic Signal,Clear,Daylight,Dry,Non-Fatal Injury,SMV Other,D55,63,The Beaches (63),"{'type': 'Point', 'coordinates': (-79.31259, 43.667245)}"
1122775,2009,00:00.0,740,7,MERTON ST,PAILTON CRES,NULL,2,Toronto and East York,12,53,Intersection,NULL,No Control,Clear,Daylight,Dry,Non-Fatal Injury,SMV Unattended Vehicle,D53,104,Mount Pleasant West (104),"{'type': 'Point', 'coordinates': (-79.38879, 43.69764500000001)}"
1122738,2009,00:00.0,1310,13,JANE ST,FALSTAFF AVE,NULL,1,Etobicoke York,5,12,Intersection,At Intersection,Traffic Signal,Clear,Daylight,Dry,Non-Fatal Injury,Pedestrian Collisions,D12,28,Rustic (28),"{'type': 'Point', 'coordinates': (-79.50719, 43.715445)}"
1116959,2009,00:00.0,2138,21,LAKE SHORE BLVD E,CHERRY ST,NULL,1,Toronto and East York,NULL,51,Mid-Block,NULL,No Control,Clear,Dark,Dry,Non-Fatal Injury,SMV Other,D51,77,Waterfront Communities-The Island (77),"{'type': 'Point', 'coordinates': (-79.35259, 43.64864500000001)}"
1117084,2009,00:00.0,1240,12,ROSEDALE VALLEY RD,BAYVIEW S ROSEDALE VL RAMP,NULL,3,Toronto and East York,NULL,51,Mid-Block,NULL,No Control,Clear,Daylight,Dry,Non-Fatal Injury,Approaching,D51,71,Cabbagetown-South St.James Town (71),"{'type': 'Point', 'coordinates': (-79.36089, 43.670045)}"
1120053,2009,00:00.0,1010,10,VICTORIA PARK AVE,BIGGIN CRT,NULL,1,North York,NULL,NULL,Intersection,At Intersection,Stop Sign,Clear,Daylight,Dry,Non-Fatal Injury,Turning Movement,D33,119,Wexford/Maryvale (119),"{'type': 'Point', 'coordinates': (-79.30439, 43.728845)}"
1144058,2009,00:00.0,820,8,3 DUFFIELD Rd,NULL,NULL,4,Etobicoke York,2,23,Mid-Block,NULL,No Control,Clear,Daylight,Dry,Non-Fatal Injury,SMV Unattended Vehicle,D23,7,Willowridge-Martingrove-Richview (7),"{'type': 'Point', 'coordinates': (-79.53199, 43.690545)}"
1129232,2009,00:00.0,1216,12,230 ISLAND Rd,NULL,NULL,4,Scarborough,25,43,Mid-Block,NULL,No Control,Clear,Daylight,Dry,Non-Fatal Injury,SMV Other,D43,131,Rouge (131),"{'type': 'Point', 'coordinates': (-79.13299, 43.799345)}"
1122772,2009,00:00.0,1230,12,BAYVIEW AVE,401 C W BAYVIEW RAMP,NULL,1,North York,NULL,NULL,Intersection,At Intersection,Traffic Signal,Clear,Daylight,Dry,Non-Fatal Injury,Pedestrian Collisions,D33,52,Bayview Village (52),"{'type': 'Point', 'coordinates': (-79.38749, 43.764545)}"
1117715,2009,00:00.0,1535,15,2330 KENNEDY RD,NULL,NULL,1,Scarborough,22,42,Mid-Block,NULL,No Control,Clear,Daylight,Dry,Non-Fatal Injury,Pedestrian Collisions,D42,128,Agincourt South-Malvern West (128),"{'type': 'Point', 'coordinates': (-79.28869, 43.784145)}"
1117854,2009,00:00.0,1448,14,179 FALLINGBROOK RD,NULL,NULL,2,Scarborough,20,41,Intersection,NULL,No Control,Clear,Daylight,Dry,Fatal,Pedestrian Collisions,D41,122,Birchcliffe-Cliffside (122),"{'type': 'Point', 'coordinates': (-79.28029, 43.684645)}"
1123411,2009,00:00.0,1540,15,HOVE ST,SHEPPARD AVE W,NULL,4,North York,6,32,Mid-Block,NULL,No Control,Clear,Daylight,Dry,Non-Fatal Injury,Pedestrian Collisions,D32,34,Bathurst Manor (34),"{'type': 'Point', 'coordinates': (-79.44159, 43.755345)}"
1117851,2009,00:00.0,1731,17,3221 DUFFERIN St,NULL,NULL,1,North York,8,32,Mid-Block,NULL,No Control,Clear,Daylight,Dry,Non-Fatal Injury,Cyclist Collisions,D32,31,Yorkdale-Glen Park (31),"{'type': 'Point', 'coordinates': (-79.45589, 43.719245)}"