ACCNUM,YEAR,DATE,TIME,HOUR,STREET1,STREET2,OFFSET,ROAD_CLASS,DISTRICT,WARDNUM,DIVISION,LOCCOORD,ACCLOC,TRAFFCTL,VISIBILITY,LIGHT,RDSFCOND,ACCLASS,IMPACTYPE,POLICE_DIVISION,HOOD_ID,NEIGHBOURHOOD,geometry
1181809,2010,00:00.0,1932,19,WARDEN AVE,HYMUS RD,NULL,1,Scarborough,20,41,Intersection,At Intersection,Stop Sign,Clear,Daylight,Dry,Non-Fatal Injury,Turning Movement,D41,120,Clairlea-Birchmount (120),"{'type': 'Point', 'coordinates': (-79.28419, 43.719545)}"
1182360,2010,00:00.0,1748,17,ST CLAIR Ave W,ST CLARENS Ave,NULL,1,Toronto and East York,9,13,Mid-Block,NULL,No Control,Clear,Daylight,Dry,Non-Fatal Injury,Cyclist Collisions,D13,92,Corso Italia-Davenport (92),"{'type': 'Point', 'coordinates': (-79.44899, 43.676645)}"
1175178,2010,00:00.0,1600,16,DUFFERIN ST,EGLINTON AVE W,NULL,1,North York,NULL,13,Intersection,NULL,Traffic Signal,Clear,Daylight,Dry,Non-Fatal Injury,Rear End,D13,107,Oakwood Village (107),"{'type': 'Point', 'coordinates': (-79.45029, 43.695645)}"
1177549,2010,00:00.0,1730,17,OTONABEE AVE,YONGE ST,NULL,1,North York,18,32,Intersection,At Intersection,Stop Sign,Clear,Daylight,Dry,Non-Fatal Injury,Cyclist Collisions,D32,50,Newtonbrook East (50),"{'type': 'Point', 'coordinates': (-79.41919, 43.794645)}"
1175068,2010,00:00.0,1110,11,LAWRENCE AVE E,MORNINGSIDE AVE,NULL,3,Scarborough,25,43,Mid-Block,At Intersection,No Control,Other,Daylight,Wet,Non-Fatal Injury,Pedestrian Collisions,D43,136,West Hill (136),"{'type': 'Point', 'coordinates': (-79.18509, 43.768645)}"
1182676,2010,00:00.0,1254,12,SHAW St,HARBORD St,NULL,3,Toronto and East York,11,14,Intersection,At Intersection,Traffic Signal,Rain,Daylight,Wet,Non-Fatal Injury,Pedestrian Collisions,D14,80,Palmerston-Little Italy (80),"{'type': 'Point', 'coordinates': (-79.42189, 43.659045000000006)}"
1175069,2010,00:00.0,1415,14,PAPE AVE,GAMBLE AVE,NULL,1,Toronto and East York,14,54,Intersection,NULL,No Control,Rain,Daylight,Wet,Non-Fatal Injury,Pedestrian Collisions,D54,58,Old East York (58),"{'type': 'Point', 'coordinates': (-79.34919, 43.690545)}"
1143343,2009,00:00.0,1920,19,MAGNETIC Driv,ALNESS Stre,NULL,3,North York,6,32,Intersection,At Intersection,Stop Sign,Clear,Dark,Wet,Non-Fatal Injury,Turning Movement,D32,27,York University Heights (27),"{'type': 'Point', 'coordinates': (-79.47929, 43.782545)}"
1200768,2010,00:00.0,910,9,BARTLETT AVE,DUPONT ST,NULL,4,Toronto and East York,9,NULL,Mid-Block,NULL,Traffic Gate,Clear,Daylight,Dry,Non-Fatal Injury,Pedestrian Collisions,D14,93,Dovercourt-Wallace Emerson-Junction (93),"{'type': 'Point', 'coordinates': (-79.43659, 43.669545)}"
1131878,2009,00:00.0,1203,12,WILLIAM R ALLEN RD,SHEPPARD AVE W,NULL,1,North York,6,32,Intersection,NULL,Traffic Signal,Clear,Daylight,Dry,Non-Fatal Injury,Turning Movement,D32,27,York University Heights (27),"{'type': 'Point', 'coordinates': (-79.46339, 43.750245)}"
1130482,2009,00:00.0,45,0,KINGSTON Rd,BIRCHCLIFF Ave,NULL,1,Scarborough,20,41,Mid-Block,NULL,No Control,Clear,Dark,Dry,Non-Fatal Injury,Pedestrian Collisions,D41,122,Birchcliffe-Cliffside (122),"{'type': 'Point', 'coordinates': (-79.26519, 43.691245)}"
1134244,2009,00:00.0,901,9,KEELE ST,STEELES AVE W,NULL,1,Etobicoke York,NULL,31,Intersection,At Intersection,Traffic Signal,Rain,Daylight,Wet,Fatal,Turning Movement,D31,27,York University Heights (27),"{'type': 'Point', 'coordinates': (-79.49449, 43.781545)}"
1159418,2010,00:00.0,1625,16,STEELES Aven E,BIRCHMOUNT Road,NULL,1,Scarborough,22,42,Intersection,At Intersection,Traffic Signal,Clear,Daylight,Dry,Non-Fatal Injury,Turning Movement,D42,116,Steeles (116),"{'type': 'Point', 'coordinates': (-79.31689, 43.821345)}"
1172619,2010,00:00.0,1521,15,18 HURNDALE AVE,NULL,NULL,4,Toronto and East York,14,54,Mid-Block,NULL,No Control,Clear,Daylight,Dry,Non-Fatal Injury,Cyclist Collisions,D54,67,Playter Estates-Danforth (67),"{'type': 'Point', 'coordinates': (-79.35459, 43.677845)}"
1139232,2009,00:00.0,10,0,HIGHWAY 27  N,HUMBER COLLEGE Boul,NULL,1,Etobicoke York,1,23,Intersection,NULL,Traffic Signal,Clear,Dark,Wet,Non-Fatal Injury,Pedestrian Collisions,D23,1,West Humber-Clairville (1),"{'type': 'Point', 'coordinates': (-79.60139, 43.730445)}"
1160348,2010,00:00.0,1605,16,LAKE SHORE Boul W,JAMESON Aven,NULL,1,Toronto and East York,4,14,Mid-Block,NULL,No Control,Clear,Daylight,Dry,Non-Fatal Injury,Turning Movement,D14,85,South Parkdale (85),"{'type': 'Point', 'coordinates': (-79.43439000000001, 43.632045)}"
1160789,2010,00:00.0,515,5,FINCH Aven W,EDITHVALE Driv,NULL,1,North York,18,32,Intersection,At Intersection,Traffic Signal,Snow,Dark,Slush,Non-Fatal Injury,SMV Other,D32,36,Newtonbrook West (36),"{'type': 'Point', 'coordinates': (-79.42709, 43.777245)}"
1154795,2010,00:00.0,2320,23,THE QUEENSWAY,HIGH ST,NULL,1,Etobicoke York,3,22,Mid-Block,NULL,Traffic Signal,Clear,Dark,Dry,Non-Fatal Injury,Pedestrian Collisions,D22,16,Stonegate-Queensway (16),"{'type': 'Point', 'coordinates': (-79.48209, 43.630845)}"
1154990,2010,00:00.0,2300,23,VILLIERS ST,MUNITION ST,NULL,4,Toronto and East York,14,51,Mid-Block,NULL,No Control,Clear,Dark,Dry,Fatal,SMV Unattended Vehicle,D51,70,South Riverdale (70),"{'type': 'Point', 'coordinates': (-79.34989, 43.648545)}"
1161062,2010,00:00.0,746,7,WOODBINE Aven,KINGSTON Road,NULL,1,Toronto and East York,19,55,Intersection,At Intersection,Traffic Signal,Clear,Daylight,Dry,Non-Fatal Injury,Angle,D55,63,The Beaches (63),"{'type': 'Point', 'coordinates': (-79.30789, 43.673945)}"
1161266,2010,00:00.0,1700,17,KINGSTON RD,SHEPPARD AVE E,NULL,1,Scarborough,25,42,Intersection,At Intersection,Traffic Signal,Clear,Daylight,Dry,Non-Fatal Injury,Turning Movement,D42,131,Rouge (131),"{'type': 'Point', 'coordinates': (-79.14622, 43.798911)}"
1161050,2010,00:00.0,2004,20,QUEEN Stre E,LOCKWOOD Road,NULL,3,Toronto and East York,19,55,Mid-Block,NULL,No Control,Clear,Dark,Dry,Non-Fatal Injury,Rear End,D55,63,The Beaches (63),"{'type': 'Point', 'coordinates': (-79.30869, 43.668045)}"
1155407,2010,00:00.0,1605,16,HORNER AVE,EDILOU DR,NULL,3,Etobicoke York,3,22,Intersection,NULL,No Control,Clear,Daylight,Dry,Fatal,Pedestrian Collisions,D22,20,Alderwood (20),"{'type': 'Point', 'coordinates': (-79.53139, 43.604745)}"
1155869,2010,00:00.0,1308,13,SHEPPARD Ave E,BROWNSPRING Rd,NULL,1,Scarborough,23,42,Intersection,At Intersection,No Control,Clear,Daylight,Dry,Non-Fatal Injury,Turning Movement,D42,128,Agincourt South-Malvern West (128),"{'type': 'Point', 'coordinates': (-79.26249, 43.788845)}"
1161474,2010,00:00.0,2210,22,DUFFERIN Stre,EGLINTON Aven W,NULL,1,North York,NULL,13,Intersection,NULL,No Control,Clear,Dark,Dry,Non-Fatal Injury,Pedestrian Collisions,D13,107,Oakwood Village (107),"{'type': 'Point', 'coordinates': (-79.45029, 43.695645)}"
1161585,2010,00:00.0,733,7,MILNER Aven,MCCOWAN Road,NULL,1,Scarborough,23,42,Intersection,At Intersection,Traffic Signal,Clear,Daylight,Dry,Non-Fatal Injury,Pedestrian Collisions,D42,128,Agincourt South-Malvern West (128),"{'type': 'Point', 'coordinates': (-79.25649, 43.785345)}"
1156458,2010,00:00.0,1353,13,YONGE ST,MAITLAND ST,NULL,1,Toronto and East York,13,NULL,Intersection,NULL,No Control,Clear,Daylight,Dry,Non-Fatal Injury,Pedestrian Collisions,D52,75,Church-Yonge Corridor (75),"{'type': 'Point', 'coordinates': (-79.38419, 43.663845)}"
1156744,2010,00:00.0,1504,15,STEELES AVE W,GIHON SPRING DR,NULL,1,Etobicoke York,1,23,Mid-Block,NULL,No Control,Clear,Daylight,Dry,Fatal,Approaching,D23,2,Mount Olive-Silverstone-Jamestown (2),"{'type': 'Point', 'coordinates': (-79.59529, 43.759545)}"
1157272,2010,00:00.0,523,5,ROYAL DR,DON VALLEY PARKWAY  N,NULL,NULL,Toronto and East York,14,55,Mid-Block,NULL,No Control,Clear,Dark,Dry,Fatal,SMV Other,D55,68,North Riverdale (68),"{'type': 'Point', 'coordinates': (-79.35879, 43.672745)}"
1161998,2010,00:00.0,1937,19,MARKHAM Rd,BRIMORTON Dr,NULL,1,Scarborough,24,43,Intersection,At Intersection,Traffic Signal,Rain,Dark,Wet,Non-Fatal Injury,Pedestrian Collisions,D43,137,Woburn (137),"{'type': 'Point', 'coordinates': (-79.23069, 43.773445)}"
1162673,2010,00:00.0,2030,20,BURNHAMTHORPE RD,MARTIN GROVE RD,NULL,1,Etobicoke York,2,22,Intersection,At Intersection,Traffic Signal,Clear,Dark,Dry,Non-Fatal Injury,Turning Movement,D22,14,Islington-City Centre West (14),"{'type': 'Point', 'coordinates': (-79.54899, 43.648845)}"
1162587,2010,00:00.0,838,8,FINCH Aven E,BRIDLETOWNE Circ,NULL,1,Scarborough,22,42,Intersection,At Intersection,Traffic Signal,Clear,Daylight,Dry,Non-Fatal Injury,Pedestrian Collisions,D42,117,L'Amoreaux (117),"{'type': 'Point', 'coordinates': (-79.31229000000002, 43.797445)}"
1158000,2010,00:00.0,955,9,FAYWOOD Boul,BAINBRIDGE Aven,NULL,2,North York,6,32,Intersection,NULL,Pedestrian Crossover,Clear,Daylight,Dry,Non-Fatal Injury,Pedestrian Collisions,D32,33,Clanton Park (33),"{'type': 'Point', 'coordinates': (-79.44969, 43.748045)}"
1158315,2010,00:00.0,400,4,DON VALLEY PARKWAY  N,LEASIDE BDGE,NULL,1,Toronto and East York,14,54,Mid-Block,NULL,No Control,Clear,Dark,Dry,Non-Fatal Injury,Pedestrian Collisions,D54,58,Old East York (58),"{'type': 'Point', 'coordinates': (-79.34939, 43.697845)}"
1158316,2010,00:00.0,402,4,DON VALLEY PARKWAY  N,LEASIDE BDGE,NULL,1,Toronto and East York,14,54,Mid-Block,NULL,No Control,Clear,Dark,Dry,Non-Fatal Injury,Pedestrian Collisions,D54,58,Old East York (58),"{'type': 'Point', 'coordinates': (-79.34969, 43.698045)}"
1163442,2010,00:00.0,845,8,ROYAL YORK Road,NEWCASTLE Stre,NULL,3,Etobicoke York,3,22,Intersection,At Intersection,Traffic Signal,Clear,Daylight,Dry,Non-Fatal Injury,Pedestrian Collisions,D22,17,Mimico (17),"{'type': 'Point', 'coordinates': (-79.49889, 43.617445)}"
1163512,2010,00:00.0,2000,20,CARLINGVIEW Driv,DIXON Road,NULL,1,Etobicoke York,1,23,Intersection,At Intersection,Traffic Signal,Rain,Dark,Wet,Non-Fatal Injury,Pedestrian Collisions,D23,1,West Humber-Clairville (1),"{'type': 'Point', 'coordinates': (-79.59559, 43.686745)}"
1163538,2010,00:00.0,2000,20,RICHVIEW Road,SCARLETT Road,NULL,1,Etobicoke York,2,23,Intersection,At Intersection,Stop Sign,Rain,Dark,Wet,Non-Fatal Injury,Pedestrian Collisions,D23,8,Humber Heights-Westmount (8),"{'type': 'Point', 'coordinates': (-79.51249, 43.685545)}"
1158873,2010,00:00.0,0,0,SHEPPARD Aven E,TWYN RIVERS Driv,NULL,3,Scarborough,25,42,Mid-Block,NULL,No Control,Clear,Dark,Wet,Non-Fatal Injury,SMV Other,D42,131,Rouge (131),"{'type': 'Point', 'coordinates': (-79.16769, 43.809045)}"
1130499,2009,00:00.0,2302,23,DON MILLS RD,OVERLEA BLVD,NULL,1,North York,NULL,54,Intersection,At Intersection,Traffic Signal,Clear,Dark,Dry,Non-Fatal Injury,Pedestrian Collisions,D54,44,Flemingdon Park (44),"{'type': 'Point', 'coordinates': (-79.33439000000001, 43.709945)}"
1168399,2010,00:00.0,2240,22,DUPONT ST,LANSDOWNE AVE,NULL,1,Toronto and East York,9,11,Intersection,At Intersection,Traffic Signal,Rain,Dark,Wet,Non-Fatal Injury,Pedestrian Collisions,D11,93,Dovercourt-Wallace Emerson-Junction (93),"{'type': 'Point', 'coordinates': (-79.44649, 43.666745)}"
1134481,2009,00:00.0,1045,10,YONGE Stre,DAVISVILLE Aven,NULL,3,Toronto and East York,12,53,Mid-Block,At Intersection,No Control,Clear,Daylight,Dry,Non-Fatal Injury,SMV Unattended Vehicle,D53,104,Mount Pleasant West (104),"{'type': 'Point', 'coordinates': (-79.39609, 43.698445)}"
1143058,2009,00:00.0,630,6,1050 ELLESMERE Rd,NULL,NULL,1,Scarborough,21,41,Mid-Block,NULL,No Control,Rain,Dark,Wet,Non-Fatal Injury,Cyclist Collisions,D41,126,Dorset Park (126),"{'type': 'Point', 'coordinates': (-79.27329, 43.767445)}"
1130411,2009,00:00.0,1418,14,ELLESMERE RD,DEWEY DR,NULL,1,Scarborough,21,41,Intersection,At Intersection,Stop Sign,Clear,Daylight,Dry,Fatal,Turning Movement,D41,119,Wexford/Maryvale (119),"{'type': 'Point', 'coordinates': (-79.30449, 43.760345)}"
1139022,2009,00:00.0,1758,17,ST CLAIR Aven E,SELWYN Aven,NULL,1,Toronto and East York,19,54,Intersection,At Intersection,Traffic Signal,Rain,Dark,Wet,Non-Fatal Injury,Pedestrian Collisions,D54,54,O'Connor-Parkview (54),"{'type': 'Point', 'coordinates': (-79.30589, 43.706945)}"
1139055,2009,00:00.0,1823,18,JANE ST,ANNETTE ST,NULL,1,Toronto and East York,4,11,Intersection,NULL,Traffic Signal,Clear,Dark,Wet,Non-Fatal Injury,Turning Movement,D11,89,Runnymede-Bloor West Village (89),"{'type': 'Point', 'coordinates': (-79.48809, 43.658245)}"
1134663,2009,00:00.0,1445,14,GILDER DR,MIDLAND AVE,NULL,1,Scarborough,21,41,Intersection,At Intersection,Traffic Signal,Clear,Daylight,Dry,Fatal,Pedestrian Collisions,D41,138,Eglinton East (138),"{'type': 'Point', 'coordinates': (-79.25879, 43.736045)}"
1135071,2009,00:00.0,1655,16,STEELES Ave W,HIGHWAY 27  N,NULL,1,Etobicoke York,1,23,Mid-Block,NULL,No Control,Clear,Daylight,Dry,Non-Fatal Injury,Approaching,D23,1,West Humber-Clairville (1),"{'type': 'Point', 'coordinates': (-79.61509, 43.755245)}"
1141557,2009,00:00.0,2120,21,ELLESMERE Road,BRIMLEY Road,NULL,1,Scarborough,21,NULL,Intersection,At Intersection,Traffic Signal,Clear,Dark,Dry,Non-Fatal Injury,Pedestrian Collisions,D43,127,Bendale (127),"{'type': 'Point', 'coordinates': (-79.26129, 43.770045)}"
1139402,2009,00:00.0,600,6,3655 KEELE ST,NULL,NULL,1,Etobicoke York,NULL,31,Mid-Block,NULL,No Control,Clear,Dark,Dry,Non-Fatal Injury,Turning Movement,D31,27,York University Heights (27),"{'type': 'Point', 'coordinates': (-79.48839, 43.753045)}"
1140607,2009,00:00.0,1033,10,GROSVENOR ST,BAY ST,NULL,2,Toronto and East York,11,52,Mid-Block,NULL,No Control,Clear,Daylight,Dry,Non-Fatal Injury,Sideswipe,D52,76,Bay Street Corridor (76),"{'type': 'Point', 'coordinates': (-79.38739, 43.662245)}"
1137790,2009,00:00.0,422,4,MOUNT PLEASANT RD,SOUTH DR,NULL,1,Toronto and East York,11,53,Intersection,NULL,No Control,Clear,Dark,Dry,Non-Fatal Injury,SMV Other,D53,98,Rosedale-Moore Park (98),"{'type': 'Point', 'coordinates': (-79.38069, 43.67624500000001)}"
1135192,2009,00:00.0,755,7,STEELES Aven E,BRIMLEY Road,NULL,1,Scarborough,23,42,Intersection,At Intersection,Traffic Signal,Clear,Daylight,Dry,Non-Fatal Injury,Pedestrian Collisions,D42,130,Milliken (130),"{'type': 'Point', 'coordinates': (-79.28719, 43.828245)}"
1137250,2009,00:00.0,845,8,GREENWIN VILLAGE RD,VILLAGE GT,NULL,2,North York,18,32,Intersection,At Intersection,Stop Sign,Clear,Daylight,Dry,Fatal,Pedestrian Collisions,D32,36,Newtonbrook West (36),"{'type': 'Point', 'coordinates': (-79.44049, 43.792445)}"
1135255,2009,00:00.0,1035,10,LOWER SIMCOE ST,BREMNER BLVD,NULL,2,Toronto and East York,10,52,Mid-Block,NULL,No Control,Clear,Daylight,Dry,Non-Fatal Injury,Pedestrian Collisions,D52,77,Waterfront Communities-The Island (77),"{'type': 'Point', 'coordinates': (-79.38439000000001, 43.643545)}"
1140679,2009,00:00.0,609,6,DANFORTH AVE,DRAYTON AVE,NULL,1,Toronto and East York,19,NULL,Intersection,At Intersection,No Control,Clear,Dark,Dry,Non-Fatal Injury,Pedestrian Collisions,D55,64,Woodbine Corridor (64),"{'type': 'Point', 'coordinates': (-79.32019, 43.684045000000005)}"
1140739,2009,00:00.0,1255,12,QUEEN Stre W,ST PATRICK Stre,NULL,1,Toronto and East York,10,52,Intersection,At Intersection,Traffic Signal,Clear,Daylight,Dry,Non-Fatal Injury,Pedestrian Collisions,D52,78,Kensington-Chinatown (78),"{'type': 'Point', 'coordinates': (-79.38869, 43.650445)}"
1136343,2009,00:00.0,1452,14,MACDONELL AVE,PEARSON AVE,NULL,4,Toronto and East York,4,11,Intersection,NULL,Stop Sign,Clear,Daylight,Dry,Non-Fatal Injury,Cyclist Collisions,D11,86,Roncesvalles (86),"{'type': 'Point', 'coordinates': (-79.43919, 43.643545)}"
1141084,2009,00:00.0,1303,13,HIGHWAY 27  N,STEELES AVE W,NULL,1,Etobicoke York,1,23,Intersection,At Intersection,Traffic Signal,Clear,Daylight,Dry,Non-Fatal Injury,Rear End,D23,1,West Humber-Clairville (1),"{'type': 'Point', 'coordinates': (-79.61409000000002, 43.755445)}"
1136272,2009,00:00.0,1759,17,BIRCHMOUNT RD,ROLARK DR,NULL,1,Scarborough,21,41,Intersection,NULL,No Control,Clear,Dusk,Dry,Fatal,Pedestrian Collisions,D41,126,Dorset Park (126),"{'type': 'Point', 'coordinates': (-79.29229, 43.767645)}"
1141415,2009,00:00.0,1439,14,NEILSON RD,MCLEVIN AVE,NULL,3,Scarborough,NULL,42,Intersection,At Intersection,Traffic Signal,Clear,Daylight,Dry,Non-Fatal Injury,Pedestrian Collisions,D42,132,Malvern (132),"{'type': 'Point', 'coordinates': (-79.22169, 43.809145)}"
1141420,2009,00:00.0,1558,15,DEWSON ST,DOVERCOURT RD,NULL,3,Toronto and East York,9,14,Intersection,At Intersection,Traffic Signal,Clear,Daylight,Dry,Non-Fatal Injury,Turning Movement,D14,80,Palmerston-Little Italy (80),"{'type': 'Point', 'coordinates': (-79.42739, 43.656145)}"
1141450,2009,00:00.0,1707,17,WARDEN Aven,ARKONA Driv,NULL,1,Scarborough,22,42,Intersection,At Intersection,Traffic Signal,Clear,Dark,Dry,Non-Fatal Injury,Turning Movement,D42,118,Tam O'Shanter-Sullivan (118),"{'type': 'Point', 'coordinates': (-79.30539, 43.773045)}"
1133515,2009,00:00.0,348,3,LAWRENCE Aven E,MOUNT PLEASANT Road,NULL,1,North York,15,NULL,Intersection,NULL,Traffic Signal,Clear,Dark,Dry,Non-Fatal Injury,Rear End,D53,103,Lawrence Park South (103),"{'type': 'Point', 'coordinates': (-79.39719, 43.726145)}"
1136780,2009,00:00.0,2348,23,1421 MILITARY TRL,NULL,NULL,3,Scarborough,25,43,Mid-Block,NULL,No Control,Clear,Dark,Dry,Non-Fatal Injury,SMV Other,D43,134,Highland Creek (134),"{'type': 'Point', 'coordinates': (-79.17659, 43.782545)}"
1137133,2009,00:00.0,1127,11,F G GARDINER XY  W,CHERRY ST,NULL,1,Toronto and East York,10,51,Mid-Block,NULL,No Control,Clear,Daylight,Dry,Non-Fatal Injury,Rear End,D51,77,Waterfront Communities-The Island (77),"{'type': 'Point', 'coordinates': (-79.35249, 43.649045)}"
1137408,2009,00:00.0,1450,14,STEELES Aven W,WESTON Road,NULL,1,Etobicoke York,7,31,Intersection,NULL,Traffic Signal,Clear,Daylight,Dry,Non-Fatal Injury,Pedestrian Collisions,D31,21,Humber Summit (21),"{'type': 'Point', 'coordinates': (-79.54649, 43.770245)}"
1137184,2009,00:00.0,1700,17,BATHURST ST,MARMION AVE,NULL,1,North York,8,32,Intersection,At Intersection,No Control,Clear,Dusk,Dry,Non-Fatal Injury,Pedestrian Collisions,D32,39,Bedford Park-Nortown (39),"{'type': 'Point', 'coordinates': (-79.43139, 43.726645)}"
1137502,2009,00:00.0,1607,16,RONALD AVE,SCHELL AVE,NULL,2,North York,8,13,Mid-Block,NULL,No Control,Clear,Daylight,Dry,Non-Fatal Injury,Pedestrian Collisions,D13,108,Briar Hill-Belgravia (108),"{'type': 'Point', 'coordinates': (-79.45909, 43.698145)}"
1141576,2009,00:00.0,1050,10,COLLEGE Stre,BEVERLEY Stre,NULL,1,Toronto and East York,11,52,Mid-Block,NULL,No Control,Clear,Daylight,Dry,Non-Fatal Injury,Cyclist Collisions,D52,79,University (79),"{'type': 'Point', 'coordinates': (-79.39529, 43.658845)}"
1137816,2009,00:00.0,1232,12,LAWRENCE Ave W,CULFORD Rd,NULL,1,Etobicoke York,5,12,Intersection,At Intersection,Traffic Signal,Rain,Daylight,Wet,Non-Fatal Injury,Pedestrian Collisions,D12,30,Brookhaven-Amesbury (30),"{'type': 'Point', 'coordinates': (-79.48769, 43.706345)}"
1142556,2009,00:00.0,1835,18,THE QUEENSWAY,THE WEST MALL,NULL,1,Etobicoke York,3,22,Mid-Block,NULL,Traffic Signal,Clear,Dark,Dry,Non-Fatal Injury,Pedestrian Collisions,D22,14,Islington-City Centre West (14),"{'type': 'Point', 'coordinates': (-79.56039, 43.613645)}"
1144668,2009,00:00.0,1740,17,KENNEDY Rd,PARK St,NULL,2,Scarborough,20,41,Mid-Block,NULL,No Control,Clear,Dark,Dry,Non-Fatal Injury,Rear End,D41,122,Birchcliffe-Cliffside (122),"{'type': 'Point', 'coordinates': (-79.25899, 43.710345)}"
1138159,2009,00:00.0,1758,17,DANFORTH RD,HORTON BLVD,NULL,1,Scarborough,20,43,Intersection,At Intersection,No Control,Clear,Dark,Dry,Non-Fatal Injury,Pedestrian Collisions,D43,138,Eglinton East (138),"{'type': 'Point', 'coordinates': (-79.24689, 43.735845)}"
1138618,2009,00:00.0,630,6,WARDEN AVE,CATARAQUI CRES,NULL,3,Scarborough,20,41,Intersection,At Intersection,No Control,Rain,Dark,Wet,Fatal,Pedestrian Collisions,D41,120,Clairlea-Birchmount (120),"{'type': 'Point', 'coordinates': (-79.27699, 43.702545)}"
1134547,2009,00:00.0,1234,12,KINGSTON RD,LAWRENCE AVE E,NULL,1,Scarborough,24,43,Intersection,At Intersection,Traffic Signal,Clear,Daylight,Dry,Non-Fatal Injury,Pedestrian Collisions,D43,136,West Hill (136),"{'type': 'Point', 'coordinates': (-79.18959, 43.767645)}"
1144896,2009,00:00.0,1543,15,BROOKMILL BLVD,LA PEER BLVD,NULL,2,Scarborough,22,42,Intersection,NULL,Stop Sign,Clear,Daylight,Dry,Non-Fatal Injury,Turning Movement,D42,117,L'Amoreaux (117),"{'type': 'Point', 'coordinates': (-79.31369, 43.801945)}"
1133727,2009,00:00.0,1654,16,LESLIE Stre,LESMILL Road,NULL,1,North York,NULL,33,Mid-Block,At Intersection,No Control,Clear,Daylight,Dry,Non-Fatal Injury,Rear End,D33,40,St.Andrew-Windfields (40),"{'type': 'Point', 'coordinates': (-79.36189, 43.762345)}"
1130772,2009,00:00.0,2047,20,DANFORTH Aven,DAWES Road,NULL,1,Toronto and East York,19,NULL,Intersection,At Intersection,Traffic Signal,Clear,Dark,Dry,Non-Fatal Injury,Pedestrian Collisions,D55,62,East End-Danforth (62),"{'type': 'Point', 'coordinates': (-79.29679, 43.689245)}"
1172629,2010,00:00.0,812,8,BLOOR ST W,SPADINA AVE,NULL,1,Toronto and East York,11,NULL,Intersection,At Intersection,Traffic Signal,Clear,Daylight,Dry,Non-Fatal Injury,Cyclist Collisions,D14,95,Annex (95),"{'type': 'Point', 'coordinates': (-79.40389, 43.666645)}"
1139418,2009,00:00.0,655,6,MARKHAM RD,TUXEDO CRT,NULL,1,Scarborough,24,43,Intersection,At Intersection,Traffic Signal,Clear,Daylight,Dry,Non-Fatal Injury,Pedestrian Collisions,D43,137,Woburn (137),"{'type': 'Point', 'coordinates': (-79.23299, 43.779545)}"
1126375,2009,00:00.0,2315,23,DON MILLS RD,HAVENBROOK BLVD,NULL,1,North York,17,33,Intersection,At Intersection,Traffic Signal,Clear,Dark,Dry,Non-Fatal Injury,Pedestrian Collisions,D33,53,Henry Farm (53),"{'type': 'Point', 'coordinates': (-79.34649, 43.769545)}"
1168396,2010,00:00.0,1136,11,DUNDAS ST W,COLLEGE ST,NULL,3,Toronto and East York,9,11,Mid-Block,NULL,No Control,Clear,Daylight,Dry,Fatal,Pedestrian Collisions,D11,83,Dufferin Grove (83),"{'type': 'Point', 'coordinates': (-79.44189, 43.650445)}"
1173217,2010,00:00.0,1306,13,ELLESMERE RD,HELICON GT,NULL,1,Scarborough,24,43,Intersection,At Intersection,Traffic Signal,Rain,Daylight,Wet,Non-Fatal Injury,Turning Movement,D43,135,Morningside (135),"{'type': 'Point', 'coordinates': (-79.22219, 43.778545)}"
1177202,2010,00:00.0,1030,10,BATHURST ST,EGLINTON AVE W,NULL,1,North York,NULL,NULL,Intersection,At Intersection,Traffic Signal,Clear,Daylight,Dry,Non-Fatal Injury,Turning Movement,D13,101,Forest Hill South (101),"{'type': 'Point', 'coordinates': (-79.42559, 43.700945)}"
1171795,2010,00:00.0,2100,21,DONLANDS AVE,O CONNOR DR,NULL,1,Toronto and East York,14,54,Intersection,At Intersection,Traffic Signal,Rain,Dark,Wet,Non-Fatal Injury,Pedestrian Collisions,D54,58,Old East York (58),"{'type': 'Point', 'coordinates': (-79.34309, 43.694745000000005)}"
1168520,2010,00:00.0,1312,13,EVANS AVE,CREMORNE AVE,NULL,3,Etobicoke York,3,22,Mid-Block,NULL,No Control,Clear,Daylight,Dry,Non-Fatal Injury,Pedestrian Collisions,D22,17,Mimico (17),"{'type': 'Point', 'coordinates': (-79.50099, 43.620845)}"
1174308,2010,00:00.0,1325,13,KEELE ST,CALVINGTON DR,NULL,1,North York,6,31,Intersection,NULL,Traffic Signal,Clear,Daylight,Dry,Non-Fatal Injury,Rear End,D31,26,Downsview-Roding-CFB (26),"{'type': 'Point', 'coordinates': (-79.48369000000001, 43.733545)}"
1178114,2010,00:00.0,1318,13,AVENUE RD,ELGIN AVE,NULL,1,Toronto and East York,11,53,Intersection,NULL,No Control,Clear,Daylight,Dry,Non-Fatal Injury,Cyclist Collisions,D53,95,Annex (95),"{'type': 'Point', 'coordinates': (-79.395664, 43.672473)}"
1174310,2010,00:00.0,2110,21,LAKE SHORE BLVD W,FOURTH ST,NULL,1,Etobicoke York,3,22,Intersection,At Intersection,No Control,Clear,"Dark, artificial",Dry,Non-Fatal Injury,Pedestrian Collisions,D22,18,New Toronto (18),"{'type': 'Point', 'coordinates': (-79.501865, 43.601504)}"