ACCNUM,YEAR,DATE,TIME,HOUR,STREET1,STREET2,OFFSET,ROAD_CLASS,DISTRICT,WARDNUM,DIVISION,LOCCOORD,ACCLOC,TRAFFCTL,VISIBILITY,LIGHT,RDSFCOND,ACCLASS,IMPACTYPE,POLICE_DIVISION,HOOD_ID,NEIGHBOURHOOD,geometry
1132677,2009,00:00.0,755,7,1251 KENNEDY Rd,NULL,NULL,1,Scarborough,21,41,Mid-Block,NULL,No Control,Rain,Daylight,Wet,Non-Fatal Injury,SMV Other,D41,126,Dorset Park (126),"{'type': 'Point', 'coordinates': (-79.27739, 43.756345)}"
1132688,2009,00:00.0,1708,17,STEELES AVE W,TURBINE DR,NULL,1,Etobicoke York,7,31,Intersection,At Intersection,No Control,Rain,Daylight,Wet,Non-Fatal Injury,Pedestrian Collisions,D31,21,Humber Summit (21),"{'type': 'Point', 'coordinates': (-79.55779, 43.767945)}"
1132715,2009,00:00.0,2015,20,BAY ST,WELLESLEY ST W,NULL,1,Toronto and East York,NULL,52,Intersection,At Intersection,Traffic Signal,Rain,Dark,Wet,Non-Fatal Injury,Pedestrian Collisions,D52,76,Bay Street Corridor (76),"{'type': 'Point', 'coordinates': (-79.38719, 43.664345)}"
1137499,2009,00:00.0,116,1,DUFFERIN ST,ASCOT AVE,NULL,1,Toronto and East York,9,13,Mid-Block,NULL,Stop Sign,Clear,Dark,Dry,Non-Fatal Injury,Approaching,D13,92,Corso Italia-Davenport (92),"{'type': 'Point', 'coordinates': (-79.44419, 43.680645)}"
1137440,2009,00:00.0,1722,17,ALBION RD,FINCH AVE W,NULL,1,Etobicoke York,1,23,Intersection,At Intersection,Traffic Signal,Clear,Daylight,Dry,Non-Fatal Injury,Turning Movement,D23,2,Mount Olive-Silverstone-Jamestown (2),"{'type': 'Point', 'coordinates': (-79.58919, 43.741045)}"
1207898,2010,00:00.0,1602,16,HORNER Aven,CONNELL Cour,NULL,3,Etobicoke York,3,22,Intersection,NULL,Stop Sign,Clear,Daylight,Dry,Non-Fatal Injury,Turning Movement,D22,17,Mimico (17),"{'type': 'Point', 'coordinates': (-79.51729, 43.614145)}"
1215424,2010,00:00.0,2115,21,1251 BRIDLETOWNE Circ,NULL,NULL,2,Scarborough,22,42,Intersection,NULL,Pedestrian Crossover,Snow,Dark,Wet,Non-Fatal Injury,SMV Other,D42,117,L'Amoreaux (117),"{'type': 'Point', 'coordinates': (-79.31209, 43.793645)}"
1237939,2011,00:00.0,726,7,COLLEGE Stre,BATHURST Stre,NULL,1,Toronto and East York,11,14,Intersection,At Intersection,No Control,Rain,Daylight,Wet,Non-Fatal Injury,Pedestrian Collisions,D14,78,Kensington-Chinatown (78),"{'type': 'Point', 'coordinates': (-79.40769, 43.656445)}"
1207434,2010,00:00.0,1958,19,FALMOUTH Aven,DANFORTH Road,NULL,1,Scarborough,20,41,Intersection,At Intersection,Stop Sign,Clear,Dark,Dry,Non-Fatal Injury,Turning Movement,D41,124,Kennedy Park (124),"{'type': 'Point', 'coordinates': (-79.25099, 43.730545)}"
1208694,2010,00:00.0,2256,22,MCCOWAN RD,MELDAZY DR,NULL,1,Scarborough,NULL,43,Mid-Block,NULL,No Control,Clear,Dark,Dry,Fatal,Approaching,D43,137,Woburn (137),"{'type': 'Point', 'coordinates': (-79.24839, 43.76384500000001)}"
1216616,2010,00:00.0,211,2,DUNDAS ST W,MANNING AVE,NULL,1,Toronto and East York,NULL,14,Intersection,At Intersection,Traffic Signal,Clear,Dark,Dry,Non-Fatal Injury,Pedestrian Collisions,D14,81,Trinity-Bellwoods (81),"{'type': 'Point', 'coordinates': (-79.41089, 43.651345)}"
1216368,2010,00:00.0,1540,15,VICTORIA PARK AVE,PACHINO BLVD,NULL,1,North York,NULL,NULL,Intersection,NULL,No Control,Clear,Daylight,Wet,Non-Fatal Injury,Pedestrian Collisions,D41,119,Wexford/Maryvale (119),"{'type': 'Point', 'coordinates': (-79.31699, 43.761845)}"
1197305,2010,00:00.0,2317,23,PASSMORE AVE,TAPSCOTT RD,NULL,3,Scarborough,23,42,Intersection,At Intersection,Stop Sign,Clear,Dark,Dry,Non-Fatal Injury,Angle,D42,131,Rouge (131),"{'type': 'Point', 'coordinates': (-79.24569, 43.831645)}"
1208896,2010,00:00.0,1639,16,DANFORTH Ave,BROADVIEW Ave,NULL,1,Toronto and East York,14,NULL,Mid-Block,NULL,No Control,Clear,Daylight,Dry,Non-Fatal Injury,Cyclist Collisions,D55,68,North Riverdale (68),"{'type': 'Point', 'coordinates': (-79.35889, 43.676145)}"
1209207,2010,00:00.0,2027,20,BATHURST ST,BRIDGMAN AVE,NULL,1,Toronto and East York,NULL,NULL,Mid-Block,NULL,No Control,Clear,Dark,Dry,Fatal,Pedestrian Collisions,D13,96,Casa Loma (96),"{'type': 'Point', 'coordinates': (-79.41469, 43.673945)}"
1209440,2010,00:00.0,1734,17,STEELES AVE E,SILVER STAR BLVD,NULL,1,Scarborough,22,42,Intersection,At Intersection,Traffic Signal,Snow,Dark,Wet,Fatal,Pedestrian Collisions,D42,130,Milliken (130),"{'type': 'Point', 'coordinates': (-79.29999, 43.825345)}"
1209441,2010,00:00.0,1750,17,STEELES AVE E,MIDLAND AVE,NULL,1,Scarborough,NULL,42,Intersection,At Intersection,Traffic Signal,Snow,Dark,Wet,Non-Fatal Injury,Pedestrian Collisions,D42,130,Milliken (130),"{'type': 'Point', 'coordinates': (-79.29729, 43.825945)}"
6000181395,2016,00:00.0,230,2,DERRYDOWN RD,ROMFIELD DR,NULL,4,Etobicoke York,7,31,Intersection,NULL,Stop Sign,Clear,"Dark, artificial",Wet,Fatal,SMV Other,D31,27,York University Heights (27),"{'type': 'Point', 'coordinates': (-79.493961, 43.760321)}"
1213866,2011,00:00.0,519,5,DUFFERIN ST,NORTON AVE W,NULL,1,Toronto and East York,9,13,Intersection,NULL,No Control,Snow,Dark,Slush,Fatal,Pedestrian Collisions,D13,92,Corso Italia-Davenport (92),"{'type': 'Point', 'coordinates': (-79.44329, 43.678645)}"
1219081,2010,00:00.0,2159,21,DANFORTH AVE,BOWDEN ST,NULL,1,Toronto and East York,14,NULL,Mid-Block,NULL,No Control,Clear,Dark,Dry,Non-Fatal Injury,Pedestrian Collisions,D55,67,Playter Estates-Danforth (67),"{'type': 'Point', 'coordinates': (-79.354587, 43.677043)}"
1220521,2011,00:00.0,328,3,HIGH PARK AVE,DUNDAS ST W,NULL,4,Toronto and East York,4,11,Mid-Block,NULL,No Control,Clear,Dark,Wet,Non-Fatal Injury,Pedestrian Collisions,D11,90,Junction Area (90),"{'type': 'Point', 'coordinates': (-79.47019, 43.665045)}"
8000546560,2018,00:00.0,1604,16,BRIDLETOWNE CRCL,BEVERLY GLEN BLVD,NULL,3,Scarborough,22,42,Intersection,At Intersection,Traffic Signal,Clear,Daylight,Dry,Non-Fatal Injury,Pedestrian Collisions,D42,117,L'Amoreaux (117),"{'type': 'Point', 'coordinates': (-79.320056, 43.799418)}"
8000560882,2018,00:00.0,1749,17,MOUNT PLEASANT RD,CARSTOWE RD,NULL,1,Toronto and East York,11,53,Mid-Block,Non Intersection,No Control,Clear,Daylight,Dry,Fatal,Turning Movement,D53,98,Rosedale-Moore Park (98),"{'type': 'Point', 'coordinates': (-79.383662, 43.68439000000001)}"
8000565585,2018,00:00.0,1221,12,WILSON AVE,JULIAN RD,NULL,1,North York,6,31,Intersection,Intersection Related,Traffic Signal,Rain,Daylight,Wet,Fatal,Pedestrian Collisions,D31,26,Downsview-Roding-CFB (26),"{'type': 'Point', 'coordinates': (-79.491092, 43.724532)}"
8000569238,2018,00:00.0,2226,22,DON MILLS RD,SHEPPARD AVE E,NULL,1,North York,17,33,Intersection,At Intersection,Traffic Controller,Rain,"Daylight, artificial",Wet,Non-Fatal Injury,Pedestrian Collisions,D33,53,Henry Farm (53),"{'type': 'Point', 'coordinates': (-79.347003, 43.775035)}"
8000589211,2018,00:00.0,1310,13,STEELES AVE E,DUMONT ST,13 m West of,1,North York,18,32,Intersection,Intersection Related,No Control,Clear,Daylight,Dry,Non-Fatal Injury,Pedestrian Collisions,D32,50,Newtonbrook East (50),"{'type': 'Point', 'coordinates': (-79.417049, 43.798602)}"
8000599048,2018,00:00.0,2220,22,FLEET ST,BATHURST ST,80 m West of,1,Toronto and East York,10,14,Mid-Block,Non Intersection,No Control,Rain,"Dark, artificial",Wet,Non-Fatal Injury,Pedestrian Collisions,D14,82,Niagara (82),"{'type': 'Point', 'coordinates': (-79.400409, 43.63613)}"
8000604278,2018,00:00.0,1630,16,BATHURST ST,CEDARCROFT BLVD,80 m South of,1,North York,NULL,32,Mid-Block,Non Intersection,No Control,Clear,Daylight,Dry,Non-Fatal Injury,SMV Other,D32,36,Newtonbrook West (36),"{'type': 'Point', 'coordinates': (-79.445216, 43.782679)}"
8000630918,2018,00:00.0,2030,20,FINCH AVE W,ARROW RD,10 m West of,1,Etobicoke York,7,31,Intersection,At Intersection,Traffic Signal,Clear,"Dark, artificial",Dry,Non-Fatal Injury,Rear End,D31,22,Humbermede (22),"{'type': 'Point', 'coordinates': (-79.53622, 43.753218)}"
8000645053,2018,00:00.0,2256,22,DUNDAS ST W,GOOCH AVE,1 m West of,1,Etobicoke York,4,11,Intersection,At Intersection,No Control,Clear,"Dark, artificial",Dry,Non-Fatal Injury,Pedestrian Collisions,D11,89,Runnymede-Bloor West Village (89),"{'type': 'Point', 'coordinates': (-79.498569, 43.665534)}"
8000655701,2018,00:00.0,1425,14,625 FINCH AVE W,NULL,NULL,1,North York,6,32,Intersection,At Intersection,Traffic Signal,Clear,Daylight,Wet,Non-Fatal Injury,Pedestrian Collisions,D32,35,Westminster-Branson (35),"{'type': 'Point', 'coordinates': (-79.454334, 43.77151)}"
8000657737,2018,00:00.0,2000,20,WILSON AVE,LEXFIELD AVE,NULL,1,North York,6,31,Intersection,At Intersection,Traffic Signal,Clear,Dark,Dry,Non-Fatal Injury,Turning Movement,D31,26,Downsview-Roding-CFB (26),"{'type': 'Point', 'coordinates': (-79.49673, 43.723284)}"
8000662467,2018,00:00.0,1512,15,JANE ST,BEVERLY HILLS DR,NULL,1,Etobicoke York,NULL,31,Intersection,At Intersection,Traffic Signal,NULL,Daylight,NULL,Fatal,Pedestrian Collisions,D31,26,Downsview-Roding-CFB (26),"{'type': 'Point', 'coordinates': (-79.508113, 43.719008)}"
8000663907,2018,00:00.0,1918,19,THE WESTWAY,KIPLING AVE,11 m South of,1,Etobicoke York,2,23,Intersection,At Intersection,Traffic Signal,Rain,"Dark, artificial",Wet,Non-Fatal Injury,Cyclist Collisions,D23,7,Willowridge-Martingrove-Richview (7),"{'type': 'Point', 'coordinates': (-79.55466, 43.685553)}"
8000710389,2018,00:00.0,1,0,HIGHWAY 2A  E,LAWSON RD,400 m East of,8,Scarborough,25,43,Mid-Block,Non Intersection,No Control,Clear,Dark,Dry,Non-Fatal Injury,Rear End,D43,133,Centennial Scarborough (133),"{'type': 'Point', 'coordinates': (-79.164089, 43.785132)}"
8000716427,2018,00:00.0,2341,23,SEWELLS RD,HUPFIELD TRL,NULL,3,Scarborough,25,42,Mid-Block,Non Intersection,No Control,Clear,"Dark, artificial",Dry,Fatal,SMV Other,D42,132,Malvern (132),"{'type': 'Point', 'coordinates': (-79.213535, 43.814105000000005)}"
8000743389,2018,00:00.0,105,1,SCARLETT RD,LAWRENCE AVE W,NULL,1,Etobicoke York,2,23,Intersection,At Intersection,Traffic Signal,Rain,"Dark, artificial",Wet,Non-Fatal Injury,Turning Movement,D23,8,Humber Heights-Westmount (8),"{'type': 'Point', 'coordinates': (-79.52325, 43.698107)}"
8000720463,2018,00:00.0,1706,17,1854 KEELE ST,NULL,NULL,1,North York,5,12,Mid-Block,Non Intersection,No Control,Clear,"Dark, artificial",Dry,Non-Fatal Injury,Pedestrian Collisions,D12,110,Keelesdale-Eglinton West (110),"{'type': 'Point', 'coordinates': (-79.474803, 43.689555)}"
8000722475,2018,00:00.0,20,0,FINCH AVE W,SIGNET DR,NULL,1,Etobicoke York,7,31,Intersection,At Intersection,Traffic Signal,Clear,"Dark, artificial",Dry,Fatal,Angle,D31,22,Humbermede (22),"{'type': 'Point', 'coordinates': (-79.53622, 43.753218)}"
8000723660,2018,00:00.0,801,8,HORNER AVE,BETA ST,25 m West of,3,Etobicoke York,3,22,Intersection,At Intersection,No Control,Clear,Daylight,Dry,Non-Fatal Injury,Pedestrian Collisions,D22,20,Alderwood (20),"{'type': 'Point', 'coordinates': (-79.538493, 43.603137)}"
9000846736,2019,00:00.0,124,1,BRIMLEY RD,MCNICOLL AVE,NULL,1,Scarborough,23,42,Mid-Block,Non Intersection,No Control,Rain,"Dark, artificial",Wet,Fatal,SMV Other,D42,130,Milliken (130),"{'type': 'Point', 'coordinates': (-79.282207, 43.816447)}"
8000725279,2018,00:00.0,1220,12,BAY ST,GROSVENOR ST,NULL,1,Toronto and East York,NULL,52,Intersection,At Intersection,Traffic Signal,Clear,Daylight,Dry,Non-Fatal Injury,Pedestrian Collisions,D52,76,Bay Street Corridor (76),"{'type': 'Point', 'coordinates': (-79.38634, 43.662398)}"
8000743164,2018,00:00.0,2358,23,BLOOR ST W,STERLING RD,2 m North of,1,Toronto and East York,9,11,Intersection,At Intersection,Traffic Signal,Rain,"Dark, artificial",Wet,Non-Fatal Injury,Pedestrian Collisions,D11,83,Dufferin Grove (83),"{'type': 'Point', 'coordinates': (-79.447734, 43.657233)}"
8000732809,2018,00:00.0,1401,14,VICTORIA PARK AVE,JONESVILLE CRES,NULL,1,North York,NULL,NULL,Intersection,At Intersection,Traffic Signal,Clear,Daylight,Dry,Non-Fatal Injury,Turning Movement,D41,119,Wexford/Maryvale (119),"{'type': 'Point', 'coordinates': (-79.303432, 43.726615)}"
8000738388,2018,00:00.0,1100,11,BATHURST ST,VERWOOD AVE,NULL,1,North York,6,32,Intersection,At Intersection,Stop Sign,Rain,Daylight,Wet,Non-Fatal Injury,Pedestrian Collisions,D32,38,Lansing-Westgate (38),"{'type': 'Point', 'coordinates': (-79.43748, 43.751422)}"
8000749115,2018,00:00.0,1942,19,ISLINGTON AVE,ALBION RD,NULL,1,Etobicoke York,1,23,Intersection,At Intersection,Traffic Signal,Clear,"Dusk, artificial",Dry,Non-Fatal Injury,Turning Movement,D23,3,Thistletown-Beaumond Heights (3),"{'type': 'Point', 'coordinates': (-79.565257, 43.737166)}"
7001814947,2017,00:00.0,1825,18,SHEPPARD  AVE E,PROVOST DR,NULL,1,North York,17,33,Intersection,At Intersection,Traffic Signal,Clear,Daylight,Dry,Non-Fatal Injury,Pedestrian Collisions,D33,52,Bayview Village (52),"{'type': 'Point', 'coordinates': (-79.371227, 43.770285)}"
8002197002,2018,00:00.0,1705,17,KENNEDY RD,PASSMORE AVE,169 m South of,1,Scarborough,22,42,Mid-Block,At/Near Private Drive,No Control,Clear,Dusk,Dry,Non-Fatal Injury,Cyclist Collisions,D42,130,Milliken (130),"{'type': 'Point', 'coordinates': (-79.304042, 43.816859)}"
7001821559,2017,00:00.0,2025,20,UNIVERSITY AVE,EDWARD ST,NULL,1,Toronto and East York,11,52,Intersection,At Intersection,No Control,Clear,"Daylight, artificial",Dry,Non-Fatal Injury,Turning Movement,D52,76,Bay Street Corridor (76),"{'type': 'Point', 'coordinates': (-79.388561, 43.655394)}"
7001824954,2017,00:00.0,1230,12,F G GARDINER XY  E,GARDINER E LOWER JARVIS RAMP,3 m North of,1,Toronto and East York,10,52,Mid-Block,Non Intersection,No Control,Clear,Daylight,Dry,Non-Fatal Injury,Rear End,D52,77,Waterfront Communities-The Island (77),"{'type': 'Point', 'coordinates': (-79.37987800000002, 43.641997)}"
7001831033,2017,00:00.0,1545,15,TRANSIT RD,WILSON AVE,84 m North of,3,North York,6,32,Mid-Block,Non Intersection,No Control,Clear,Daylight,Dry,Non-Fatal Injury,SMV Other,D32,33,Clanton Park (33),"{'type': 'Point', 'coordinates': (-79.452129, 43.735114)}"
7001831217,2017,00:00.0,1628,16,YONGE ST,FRICHOT AVE,95 m South of,1,Toronto and East York,11,53,Mid-Block,Non Intersection,No Control,Clear,Daylight,Dry,Non-Fatal Injury,Sideswipe,D53,98,Rosedale-Moore Park (98),"{'type': 'Point', 'coordinates': (-79.388301, 43.673964)}"
7001838870,2017,00:00.0,2100,21,3358 MCCOWAN RD,NULL,NULL,1,Scarborough,23,42,Mid-Block,At/Near Private Drive,Traffic Signal,Clear,"Dark, artificial",Dry,Non-Fatal Injury,Pedestrian Collisions,D42,130,Milliken (130),"{'type': 'Point', 'coordinates': (-79.275089, 43.825011)}"
7001842185,2017,00:00.0,1140,11,KIPLING AVE,THE WESTWAY,153 m North of,1,Etobicoke York,2,23,Mid-Block,Non Intersection,No Control,Clear,Daylight,Dry,Non-Fatal Injury,Sideswipe,D23,6,Kingsview Village-The Westway (6),"{'type': 'Point', 'coordinates': (-79.555232, 43.686839)}"
7001844786,2017,00:00.0,1847,18,GERRARD  ST E,SHERBOURNE ST,22 m West of,3,Toronto and East York,13,51,Intersection,At Intersection,Traffic Signal,Clear,"Dark, artificial",Dry,Non-Fatal Injury,SMV Other,D51,73,Moss Park (73),"{'type': 'Point', 'coordinates': (-79.372196, 43.661154)}"
7001845018,2017,00:00.0,1928,19,OLD PARK  RD,WEMBLEY  RD,4 m West of,2,North York,8,13,Intersection,At Intersection,Stop Sign,Rain,"Dark, artificial",Wet,Non-Fatal Injury,Pedestrian Collisions,D13,102,Forest Hill North (102),"{'type': 'Point', 'coordinates': (-79.431331, 43.700614)}"
7001875614,2017,00:00.0,1800,18,LAWRENCE AVE E,GREENCEDAR CRCT,NULL,1,Scarborough,24,43,Intersection,At Intersection,Traffic Signal,Clear,"Dark, artificial",Dry,Non-Fatal Injury,Turning Movement,D43,137,Woburn (137),"{'type': 'Point', 'coordinates': (-79.233043, 43.758113)}"
7001879752,2017,00:00.0,1143,11,COXWELL AVE,MORTIMER AVE,NULL,3,Toronto and East York,NULL,54,Intersection,At Intersection,Traffic Signal,Clear,Daylight,Dry,Non-Fatal Injury,Pedestrian Collisions,D54,59,Danforth East York (59),"{'type': 'Point', 'coordinates': (-79.326534, 43.690516)}"
7001855401,2017,00:00.0,906,9,COWAN AVE,KING  ST W,NULL,1,Toronto and East York,4,14,Intersection,At Intersection,Stop Sign,Clear,Daylight,Dry,Fatal,Cyclist Collisions,D14,85,South Parkdale (85),"{'type': 'Point', 'coordinates': (-79.43182700000001, 43.637950000000004)}"
7001903704,2017,00:00.0,2318,23,KIPLING  AVE,NORTH QUEEN ST,NULL,1,Etobicoke York,3,22,Intersection,At Intersection,Traffic Signal,Clear,"Dusk, artificial",Dry,Non-Fatal Injury,Pedestrian Collisions,D22,14,Islington-City Centre West (14),"{'type': 'Point', 'coordinates': (-79.528507, 43.625136)}"
7001905037,2017,00:00.0,648,6,EGLINTON AV W,ISLINGTON AV,200 m West of,1,Etobicoke York,2,NULL,Mid-Block,Non Intersection,No Control,Clear,"Dark, artificial",Dry,Non-Fatal Injury,SMV Other,D22,10,Princess-Rosethorn (10),"{'type': 'Point', 'coordinates': (-79.541286, 43.679232)}"
7001906466,2017,00:00.0,1310,13,LAKE SHORE BLVD W,THIRTY SEVENTH ST,NULL,1,Etobicoke York,3,22,Intersection,At Intersection,Traffic Signal,Clear,Daylight,Dry,Non-Fatal Injury,Turning Movement,D22,19,Long Branch (19),"{'type': 'Point', 'coordinates': (-79.538135, 43.593325)}"
7001903339,2017,00:00.0,2200,22,45 CUMMER  AVE,NULL,NULL,3,North York,18,32,Mid-Block,Non Intersection,No Control,Clear,"Dark, artificial",Dry,Non-Fatal Injury,Cyclist Collisions,D32,50,Newtonbrook East (50),"{'type': 'Point', 'coordinates': (-79.415561, 43.78732900000001)}"
7001909817,2017,00:00.0,14,0,MARKHAM  RD,PANDORA CRCL,100 m North of,1,Scarborough,24,43,Intersection,At Intersection,Traffic Signal,Clear,"Dusk, artificial",Dry,Non-Fatal Injury,Pedestrian Collisions,D43,137,Woburn (137),"{'type': 'Point', 'coordinates': (-79.229785, 43.771170000000005)}"
7001912808,2017,00:00.0,1350,13,AVENUE  RD,WOBURN AVE,30 m South of,1,North York,8,32,Intersection,Intersection Related,No Control,Clear,Daylight,Dry,Non-Fatal Injury,Sideswipe,D32,39,Bedford Park-Nortown (39),"{'type': 'Point', 'coordinates': (-79.41685, 43.725348)}"
7001914819,2017,00:00.0,2007,20,KING  ST W,NIAGARA ST,33 m West of,1,Toronto and East York,10,14,Mid-Block,Non Intersection,No Control,Clear,"Dark, artificial",Dry,Non-Fatal Injury,Pedestrian Collisions,D14,82,Niagara (82),"{'type': 'Point', 'coordinates': (-79.408191, 43.642733)}"
7001916414,2017,00:00.0,427,4,AVENUE  RD,WILLOWBANK BLVD,7 m South of,1,North York,8,53,Intersection,Intersection Related,No Control,Clear,"Dark, artificial",Dry,Non-Fatal Injury,SMV Other,D53,100,Yonge-Eglinton (100),"{'type': 'Point', 'coordinates': (-79.409702, 43.706015)}"
7001917146,2017,00:00.0,833,8,ELLESMERE RD,PHARMACY AVE,NULL,1,Scarborough,21,41,Intersection,At Intersection,Traffic Signal,Clear,Daylight,Dry,Non-Fatal Injury,Pedestrian Collisions,D41,119,Wexford/Maryvale (119),"{'type': 'Point', 'coordinates': (-79.310153, 43.758959)}"
7001941212,2017,00:00.0,1904,19,HENDON  AVE,ELDORA  AVE,NULL,2,North York,18,32,Intersection,At Intersection,No Control,Clear,"Dark, artificial",Dry,Non-Fatal Injury,Pedestrian Collisions,D32,36,Newtonbrook West (36),"{'type': 'Point', 'coordinates': (-79.419986, 43.780654)}"
7001954444,2017,00:00.0,2031,20,FINCH  AVE W,KIPLING  AVE,NULL,1,Etobicoke York,1,23,Intersection,At Intersection,Traffic Signal,Clear,Dark,Dry,Non-Fatal Injury,Cyclist Collisions,D23,3,Thistletown-Beaumond Heights (3),"{'type': 'Point', 'coordinates': (-79.582073, 43.743193)}"
7001964937,2017,00:00.0,1423,14,KENNEDY RD,ELLESMERE RD,378 m South of,1,Scarborough,21,41,Mid-Block,At/Near Private Drive,No Control,Clear,Daylight,Dry,Non-Fatal Injury,Pedestrian Collisions,D41,126,Dorset Park (126),"{'type': 'Point', 'coordinates': (-79.279971, 43.762652)}"
7001974417,2017,00:00.0,2223,22,STEELES AVE W,KEELE ST,NULL,1,Etobicoke York,NULL,31,Intersection,At Intersection,Traffic Signal,Other,Dark,Other,Fatal,Turning Movement,D31,27,York University Heights (27),"{'type': 'Point', 'coordinates': (-79.494464, 43.781508)}"
7001980351,2017,00:00.0,1903,19,KEELE ST,WILSON AVE,60 m South of,1,North York,6,31,Mid-Block,Non Intersection,Traffic Controller,Clear,"Daylight, artificial",Wet,Non-Fatal Injury,Pedestrian Collisions,D31,26,Downsview-Roding-CFB (26),"{'type': 'Point', 'coordinates': (-79.481868, 43.725939000000004)}"
7001983024,2017,00:00.0,840,8,161 THE WEST MALL,NULL,NULL,3,Etobicoke York,3,22,Mid-Block,Non Intersection,No Control,NULL,Daylight,NULL,Fatal,Approaching,D22,14,Islington-City Centre West (14),"{'type': 'Point', 'coordinates': (-79.560214, 43.621218)}"
7001983803,2017,00:00.0,1047,10,DUFFERIN ST,ALMA AVE,10 m North of,3,Toronto and East York,9,NULL,Intersection,At Intersection,No Control,Clear,Daylight,Wet,Non-Fatal Injury,Pedestrian Collisions,D14,84,Little Portugal (84),"{'type': 'Point', 'coordinates': (-79.429508, 43.644625)}"
7001987033,2017,00:00.0,1100,11,SCARLETT RD,DUNDAS ST W,NULL,1,Toronto and East York,4,11,Intersection,At Intersection,Yield Sign,Clear,Daylight,Wet,Non-Fatal Injury,Rear End,D11,114,Lambton Baby Point (114),"{'type': 'Point', 'coordinates': (-79.499164, 43.665454)}"
7001988112,2017,00:00.0,2215,22,1172 QUEEN ST W,NULL,75 m East of,1,Toronto and East York,9,14,Mid-Block,Non Intersection,No Control,Rain,Dark,Wet,Non-Fatal Injury,Pedestrian Collisions,D14,84,Little Portugal (84),"{'type': 'Point', 'coordinates': (-79.425449, 43.642802)}"
7001989464,2017,00:00.0,649,6,DUFFERIN ST,STEELES  AVE W,1 m West of,1,North York,6,32,Intersection,At Intersection,Traffic Signal,Rain,"Dark, artificial",Wet,Non-Fatal Injury,Pedestrian Collisions,D32,34,Bathurst Manor (34),"{'type': 'Point', 'coordinates': (-79.470042, 43.787211)}"
7001989594,2017,00:00.0,725,7,FINCH AVENUE W,ALBION ROAD,NULL,1,Etobicoke York,1,23,Mid-Block,Non Intersection,No Control,Clear,"Dawn, artificial",Wet,Non-Fatal Injury,Pedestrian Collisions,D23,2,Mount Olive-Silverstone-Jamestown (2),"{'type': 'Point', 'coordinates': (-79.589198, 43.741091)}"
7001991111,2017,00:00.0,1202,12,PROGRESS AVE,MIDLAND AVE,NULL,1,Scarborough,21,41,Intersection,At Intersection,Traffic Signal,Clear,Daylight,Dry,Non-Fatal Injury,Pedestrian Collisions,D41,127,Bendale (127),"{'type': 'Point', 'coordinates': (-79.272945, 43.772895)}"
7002024168,2017,00:00.0,1604,16,OAK  ST,WESTON  RD,NULL,1,Etobicoke York,5,12,Intersection,At Intersection,Traffic Signal,Clear,Daylight,Dry,Non-Fatal Injury,Pedestrian Collisions,D12,113,Weston (113),"{'type': 'Point', 'coordinates': (-79.53358, 43.707713)}"
8002198438,2018,00:00.0,2232,22,HIGH PARK BLVD,RONCESVALLES AVE,NULL,3,Toronto and East York,4,11,Intersection,At Intersection,Traffic Signal,Clear,Dark,Dry,Non-Fatal Injury,Pedestrian Collisions,D11,86,Roncesvalles (86),"{'type': 'Point', 'coordinates': (-79.449016, 43.646266000000004)}"
8002202544,2018,00:00.0,1440,14,KEELE ST,ROTHERHAM AVE,NULL,1,Etobicoke York,5,12,Intersection,At Intersection,Stop Sign,Clear,Daylight,Dry,Non-Fatal Injury,Angle,D12,110,Keelesdale-Eglinton West (110),"{'type': 'Point', 'coordinates': (-79.473171, 43.685759)}"
8002203656,2018,00:00.0,1720,17,EGLINTON AVE W,JANE ST,NULL,1,Etobicoke York,5,12,Intersection,At Intersection,Traffic Signal,Clear,Dusk,Dry,Non-Fatal Injury,Turning Movement,D12,115,Mount Dennis (115),"{'type': 'Point', 'coordinates': (-79.498782, 43.684405)}"
9001464095,2019,00:00.0,1435,14,2929 DUFFERIN ST,NULL,20 m North of,1,North York,8,13,Intersection,At/Near Private Drive,No Control,Clear,"Daylight, artificial",Dry,Non-Fatal Injury,Cyclist Collisions,D13,31,Yorkdale-Glen Park (31),"{'type': 'Point', 'coordinates': (-79.453655, 43.70899800000001)}"
8001785891,2018,00:00.0,2053,20,3850 SHEPPARD AVE E,NULL,90 m East of ALLANFORD RD,1,Scarborough,22,42,Mid-Block,Non Intersection,No Control,Clear,"Dark, artificial",Dry,Fatal,Pedestrian Collisions,D42,118,Tam O'Shanter-Sullivan (118),"{'type': 'Point', 'coordinates': (-79.292499, 43.782229)}"
8002203899,2018,00:00.0,1750,17,KIPLING AVE,BELFIELD RD,NULL,1,Etobicoke York,1,23,Intersection,At Intersection,Traffic Signal,Clear,Dark,Dry,Non-Fatal Injury,Pedestrian Collisions,D23,1,West Humber-Clairville (1),"{'type': 'Point', 'coordinates': (-79.563442, 43.70476)}"