ACCNUM,YEAR,DATE,TIME,HOUR,STREET1,STREET2,OFFSET,ROAD_CLASS,DISTRICT,WARDNUM,DIVISION,LOCCOORD,ACCLOC,TRAFFCTL,VISIBILITY,LIGHT,RDSFCOND,ACCLASS,IMPACTYPE,POLICE_DIVISION,HOOD_ID,NEIGHBOURHOOD,geometry
8002209662,2018,00:00.0,1555,15,BIRCHMOUNT RD,FOXRIDGE DR,NULL,3,Scarborough,20,41,Intersection,At Intersection,Traffic Signal,Clear,Daylight,Dry,Non-Fatal Injury,Turning Movement,D41,124,Kennedy Park (124),"{'type': 'Point', 'coordinates': (-79.27447100000002, 43.721755)}"
8002229899,2018,00:00.0,1932,19,MIDLAND AVE,DORCOT AVE,NULL,1,Scarborough,21,41,Mid-Block,Non Intersection,No Control,Clear,Dark,Dry,Fatal,Pedestrian Collisions,D41,127,Bendale (127),"{'type': 'Point', 'coordinates': (-79.267612, 43.758383)}"
8002244914,2018,00:00.0,27,0,BAYVIEW AVE,HOLMES AVE,NULL,1,North York,NULL,NULL,Intersection,At Intersection,No Control,Snow,"Dark, artificial",Wet,Non-Fatal Injury,Approaching,D33,52,Bayview Village (52),"{'type': 'Point', 'coordinates': (-79.39166600000001, 43.782843)}"
8002245364,2018,00:00.0,300,3,758 QUEEN ST E,NULL,NULL,3,Toronto and East York,14,55,Mid-Block,Non Intersection,No Control,Drifting Snow,"Dark, artificial",Loose Snow,Non-Fatal Injury,Cyclist Collisions,D55,70,South Riverdale (70),"{'type': 'Point', 'coordinates': (-79.347896, 43.659239)}"
8002245661,2018,00:00.0,600,6,MARTIN GROV RD,REXDALE BLVD,250 m South of,1,Etobicoke York,1,23,Mid-Block,Non Intersection,No Control,Clear,"Dark, artificial",Dry,Non-Fatal Injury,Pedestrian Collisions,D23,1,West Humber-Clairville (1),"{'type': 'Point', 'coordinates': (-79.580135, 43.711745)}"
8002249590,2018,00:00.0,1830,18,FINCH AVE E,WAYSIDE AVE,NULL,1,Scarborough,22,42,Intersection,At Intersection,Traffic Signal,Clear,Dark,Dry,Fatal,Pedestrian Collisions,D42,117,L'Amoreaux (117),"{'type': 'Point', 'coordinates': (-79.299571, 43.800383)}"
8002254764,2018,00:00.0,1601,16,STEELES AVE W,MARTIN GROVE RD,50 m East of,1,Etobicoke York,1,23,Mid-Block,Non Intersection,No Control,Clear,Daylight,Dry,Non-Fatal Injury,Other,D23,2,Mount Olive-Silverstone-Jamestown (2),"{'type': 'Point', 'coordinates': (-79.60258, 43.75795200000001)}"
8002257421,2018,00:00.0,49,0,CENTENNIAL PARK RD,RATHBURN RD,25 m North of,4,Etobicoke York,2,22,Intersection,At Intersection,No Control,Clear,"Dark, artificial",Dry,Non-Fatal Injury,SMV Other,D22,11,Eringate-Centennial-West Deane (11),"{'type': 'Point', 'coordinates': (-79.58118, 43.650893)}"
8002260892,2018,00:00.0,1650,16,176 LAWRENCE AVE E,NULL,50 m East of,1,North York,15,NULL,Mid-Block,Non Intersection,No Control,Clear,Daylight,Dry,Non-Fatal Injury,SMV Unattended Vehicle,D53,103,Lawrence Park South (103),"{'type': 'Point', 'coordinates': (-79.392947, 43.726988)}"
8002266856,2018,00:00.0,1617,16,SHEPPARD AVE E,KENNEDY RD,100 m East of,1,North York,22,42,Mid-Block,Non Intersection,No Control,Clear,Daylight,Dry,Non-Fatal Injury,Pedestrian Collisions,D42,128,Agincourt South-Malvern West (128),"{'type': 'Point', 'coordinates': (-79.287288, 43.7834)}"
8002008114,2018,00:00.0,1100,11,1491 LAKE SHORE BLVD W,NULL,25 m West of,1,Toronto and East York,4,14,Mid-Block,Non Intersection,No Control,Rain,"Daylight, artificial",Wet,Non-Fatal Injury,Sideswipe,D14,85,South Parkdale (85),"{'type': 'Point', 'coordinates': (-79.44530000000002, 43.636973)}"
8002273924,2018,00:00.0,1811,18,MARLEE AVE,ROMAR CRES,NULL,3,North York,8,13,Intersection,At Intersection,No Control,Clear,"Dark, artificial",Wet,Non-Fatal Injury,Pedestrian Collisions,D13,31,Yorkdale-Glen Park (31),"{'type': 'Point', 'coordinates': (-79.442699, 43.706256)}"
9000040914,2019,00:00.0,2012,20,CLOSE  AVE,QUEEN  ST W,119 m south,4,Toronto and East York,4,14,Mid-Block,Non Intersection,No Control,Rain,"Dark, artificial",Wet,Fatal,Pedestrian Collisions,D14,85,South Parkdale (85),"{'type': 'Point', 'coordinates': (-79.435504, 43.639567)}"
8002279692,2018,00:00.0,1538,15,PROGRESS AVE,SHEPPARD AVE E,NULL,1,Scarborough,23,42,Intersection,At Intersection,Traffic Signal,Clear,Daylight,Dry,Non-Fatal Injury,Pedestrian Collisions,D42,132,Malvern (132),"{'type': 'Point', 'coordinates': (-79.234897, 43.794589)}"
9001687107,2019,00:00.0,1910,19,LANSDOWNE AVE,WALLACE AVE,27 m South of,3,Etobicoke York,9,11,Mid-Block,At/Near Private Drive,No Control,Clear,Daylight,Dry,Non-Fatal Injury,Pedestrian Collisions,D11,93,Dovercourt-Wallace Emerson-Junction (93),"{'type': 'Point', 'coordinates': (-79.444377, 43.662287)}"
8002279854,2018,00:00.0,1602,16,GOSFORD BLVD,SHOREHAM DR,5 m South of,2,North York,7,31,Intersection,At Intersection,Stop Sign,Clear,"Dark, artificial",Wet,Non-Fatal Injury,Pedestrian Collisions,D31,24,Black Creek (24),"{'type': 'Point', 'coordinates': (-79.522922, 43.768191)}"
8002281849,2018,00:00.0,2205,22,3030 DON MILLS RD W,NULL,160 m South of,1,North York,17,33,Mid-Block,Non Intersection,No Control,Clear,"Dark, artificial",Other,Non-Fatal Injury,SMV Other,D33,47,Don Valley Village (47),"{'type': 'Point', 'coordinates': (-79.353244, 43.785887)}"
8002286980,2018,00:00.0,1737,17,BATHURST ST,HARBORD ST,NULL,1,Etobicoke York,11,14,Intersection,At Intersection,Traffic Signal,Clear,Dark,Dry,Non-Fatal Injury,Pedestrian Collisions,D14,79,University (79),"{'type': 'Point', 'coordinates': (-79.409732, 43.661441)}"
8002306569,2018,00:00.0,2000,20,REXDALE BLVD,QUEENS PLATE DR,NULL,1,Etobicoke York,1,23,Intersection,At Intersection,Traffic Signal,Clear,"Dark, artificial",Dry,Non-Fatal Injury,Pedestrian Collisions,D23,1,West Humber-Clairville (1),"{'type': 'Point', 'coordinates': (-79.603442, 43.719145)}"
8002315042,2018,00:00.0,612,6,DUFFERIN ST,BRIDGELAND AVE,NULL,1,North York,8,32,Intersection,At Intersection,Traffic Signal,Clear,"Dark, artificial",Dry,Non-Fatal Injury,Angle,D32,31,Yorkdale-Glen Park (31),"{'type': 'Point', 'coordinates': (-79.457614, 43.726924)}"
8002325561,2018,00:00.0,1740,17,85 EDMONTON DR,NULL,2 m East of,4,North York,17,33,Mid-Block,Non Intersection,No Control,Clear,"Dark, artificial",Dry,Non-Fatal Injury,Pedestrian Collisions,D33,46,Pleasant View (46),"{'type': 'Point', 'coordinates': (-79.3399, 43.785544)}"
8002334933,2018,00:00.0,710,7,MCLEVIN AVE,MALVERN ST,NULL,3,Scarborough,23,42,Intersection,Intersection Related,No Control,Rain,"Dark, artificial",Wet,Non-Fatal Injury,Pedestrian Collisions,D42,132,Malvern (132),"{'type': 'Point', 'coordinates': (-79.237598, 43.799807)}"
8002341194,2018,00:00.0,623,6,DAVENPORT  RD,HAZELTON  AVE,42.9 M EAST OF,1,Toronto East York,11,53,Mid-Block,Non Intersection,No Control,Clear,"Dawn, artificial",Dry,Fatal,Pedestrian Collisions,D53,95,Annex (95),"{'type': 'Point', 'coordinates': (-79.394153, 43.67512000000001)}"
8002342250,2018,00:00.0,1205,12,ISLINGTON AVE,JUTLAND RD,25 m South of,1,Etobicoke York,3,22,Intersection,At Intersection,Traffic Signal,Clear,Daylight,Dry,Non-Fatal Injury,Rear End,D22,16,Stonegate-Queensway (16),"{'type': 'Point', 'coordinates': (-79.516948, 43.628871)}"
8002343129,2018,00:00.0,1514,15,QUEEN ST W,PETER ST,40 m West of,1,Toronto and East York,10,52,Mid-Block,Non Intersection,No Control,Clear,Daylight,Dry,Non-Fatal Injury,Pedestrian Collisions,D52,77,Waterfront Communities-The Island (77),"{'type': 'Point', 'coordinates': (-79.394717, 43.649039)}"
8002355627,2018,00:00.0,2050,20,FINCH AVE W,MARTIN GROVE RD,89 m East of,1,Etobicoke York,1,23,Mid-Block,Non Intersection,No Control,Clear,"Dark, artificial",Dry,Non-Fatal Injury,Approaching,D23,2,Mount Olive-Silverstone-Jamestown (2),"{'type': 'Point', 'coordinates': (-79.59064, 43.736979)}"
8002363781,2018,00:00.0,1853,18,4968 DUNDAS ST W,NULL,NULL,1,Etobicoke York,3,22,Mid-Block,Non Intersection,No Control,Clear,"Dark, artificial",Dry,Fatal,Pedestrian Collisions,D22,14,Islington-City Centre West (14),"{'type': 'Point', 'coordinates': (-79.529773, 43.647521)}"
8002388715,2018,00:00.0,650,6,BRIMLEY RD,PROGRESS AVE,NULL,1,Scarborough,21,NULL,Intersection,At Intersection,Traffic Signal,Clear,"Dark, artificial",Wet,Non-Fatal Injury,Angle,D43,127,Bendale (127),"{'type': 'Point', 'coordinates': (-79.263149, 43.77521)}"
9000001415,2019,00:00.0,438,4,ST CLAIR AVE W,DUFFERIN ST,5 m East of,1,Etobicoke York,9,13,Intersection,Intersection Related,Traffic Signal,Clear,"Dark, artificial",Wet,Non-Fatal Injury,Pedestrian Collisions,D13,92,Corso Italia-Davenport (92),"{'type': 'Point', 'coordinates': (-79.44304200000002, 43.67789)}"
9000008532,2019,00:00.0,1405,14,LEXINGTON AVE,SILVERSTONE DR,W of,4,Etobicoke York,1,23,Mid-Block,Non Intersection,No Control,Clear,Daylight,Dry,Fatal,SMV Other,D23,1,West Humber-Clairville (1),"{'type': 'Point', 'coordinates': (-79.601718, 43.74417700000001)}"
9000021101,2019,00:00.0,1325,13,BATHURST ST,BAINBRIDGE AVE,NULL,1,North York,6,32,Intersection,At Intersection,Traffic Signal,Clear,Daylight,Dry,Non-Fatal Injury,Pedestrian Collisions,D32,38,Lansing-Westgate (38),"{'type': 'Point', 'coordinates': (-79.437297, 43.750693)}"
9000023080,2019,00:00.0,1920,19,COLLEGE ST,ELIZABETH ST,NULL,1,Toronto and East York,11,52,Intersection,At Intersection,Traffic Signal,Clear,"Dark, artificial",Dry,Non-Fatal Injury,Pedestrian Collisions,D52,76,Bay Street Corridor (76),"{'type': 'Point', 'coordinates': (-79.387386, 43.660441)}"
9001006697,2019,00:00.0,1515,15,BLOOR ST W,KEELE ST,NULL,1,North York,4,11,Intersection,At Intersection,Traffic Signal,Clear,Daylight,Dry,Non-Fatal Injury,Cyclist Collisions,D11,87,High Park-Swansea (87),"{'type': 'Point', 'coordinates': (-79.460002, 43.654635)}"
9001234628,2019,00:00.0,920,9,LAWRENCE AVE W,KEELE ST,10 m East of,1,Etobicoke York,5,12,Mid-Block,Non Intersection,No Control,Clear,Daylight,Dry,Non-Fatal Injury,Pedestrian Collisions,D12,30,Brookhaven-Amesbury (30),"{'type': 'Point', 'coordinates': (-79.478023, 43.708586)}"
9000657461,2019,00:00.0,2355,23,ROYAL YORK RD,MEADOWVALE DR,NULL,3,Etobicoke York,3,22,Intersection,At Intersection,No Control,Clear,"Dark, artificial",Dry,Non-Fatal Injury,Approaching,D22,16,Stonegate-Queensway (16),"{'type': 'Point', 'coordinates': (-79.510593, 43.645533)}"
9000402520,2019,00:00.0,1755,17,GARDINER LAKESHORE  E,LOWER JARVIS ST,55 m West of,9,Toronto and East York,10,52,Mid-Block,Non Intersection,No Control,Clear,Daylight,Dry,Non-Fatal Injury,Pedestrian Collisions,D51,77,Waterfront Communities-The Island (77),"{'type': 'Point', 'coordinates': (-79.370364, 43.645365)}"
9001242183,2019,00:00.0,910,9,PHARMACY AVE,LAWRENCE AVE E,NULL,1,Scarborough,21,41,Intersection,At Intersection,Traffic Signal,Clear,Daylight,Dry,Non-Fatal Injury,Turning Movement,D41,119,Wexford/Maryvale (119),"{'type': 'Point', 'coordinates': (-79.304607, 43.74324)}"
9000405023,2019,00:00.0,547,5,HIGHWAY 27  N,HUMBER COLLEGE BLVD,NULL,1,Etobicoke York,1,23,Intersection,At Intersection,Traffic Signal,Clear,"Dark, artificial",Dry,Non-Fatal Injury,Approaching,D23,1,West Humber-Clairville (1),"{'type': 'Point', 'coordinates': (-79.601398, 43.730399)}"
9000660367,2019,00:00.0,1228,12,15 AUSTREY CRT,NULL,1 m South of,4,North York,6,31,Mid-Block,Non Intersection,No Control,Clear,Daylight,Dry,Non-Fatal Injury,SMV Other,D31,26,Downsview-Roding-CFB (26),"{'type': 'Point', 'coordinates': (-79.507663, 43.731944)}"
9001464192,2019,00:00.0,1500,15,55 KING ST W,NULL,100 m West of,1,Toronto and East York,10,52,Mid-Block,Non Intersection,No Control,Clear,Daylight,Dry,Non-Fatal Injury,Pedestrian Collisions,D52,76,Bay Street Corridor (76),"{'type': 'Point', 'coordinates': (-79.381206, 43.64836)}"
9001689966,2019,00:00.0,800,8,1750 VICTORIA PARK AVE,NULL,27 m South of,1,North York,NULL,NULL,Intersection,At/Near Private Drive,No Control,Clear,Daylight,Dry,Non-Fatal Injury,Cyclist Collisions,D33,119,Wexford/Maryvale (119),"{'type': 'Point', 'coordinates': (-79.307407, 43.736197)}"
8001794335,2018,00:00.0,806,8,EGLINTON AVE E,ROSEMOUNT DR,NULL,1,Scarborough,NULL,41,Intersection,At Intersection,Traffic Signal,Clear,Daylight,Dry,Non-Fatal Injury,Pedestrian Collisions,D41,125,Ionview (125),"{'type': 'Point', 'coordinates': (-79.273853, 43.730773)}"
9000671452,2019,00:00.0,151,1,COLLEGE ST,Spadina Ave,20 m East of,1,Toronto and East York,11,NULL,Intersection,Intersection Related,Traffic Signal,Clear,"Dark, artificial",Dry,Non-Fatal Injury,Pedestrian Collisions,D52,79,University (79),"{'type': 'Point', 'coordinates': (-79.40002, 43.657943)}"
9000047172,2019,00:00.0,1838,18,O CONNOR DR,ST CLAIR AVE E,190 metre north of,1,Toronto and East York,19,54,Mid-Block,Non Intersection,No Control,Rain,"Dark, artificial",Wet,Fatal,Pedestrian Collisions,D54,54,O'Connor-Parkview (54),"{'type': 'Point', 'coordinates': (-79.311771, 43.70674)}"
9001246543,2019,00:00.0,1915,19,YONGE ST,ABITIBI AVE,NULL,1,North York,18,32,Intersection,At Intersection,No Control,Clear,Daylight,Dry,Non-Fatal Injury,Turning Movement,D32,50,Newtonbrook East (50),"{'type': 'Point', 'coordinates': (-79.419589, 43.79625200000001)}"
8002016979,2018,00:00.0,1712,17,AVENUE RD,GLENGARRY AVE,NULL,1,North York,8,32,Intersection,Intersection Related,No Control,Rain,Dark,Dry,Fatal,Rear End,D32,39,Bedford Park-Nortown (39),"{'type': 'Point', 'coordinates': (-79.415889, 43.722941)}"
9001007644,2019,00:00.0,1827,18,DUNDAS ST W,ANNETTE ST,NULL,1,Toronto and East York,4,11,Intersection,At Intersection,Traffic Signal,Clear,Daylight,Dry,Non-Fatal Injury,Cyclist Collisions,D11,90,Junction Area (90),"{'type': 'Point', 'coordinates': (-79.458736, 43.664412)}"
9000093036,2019,00:00.0,2110,21,HALFWAY AVE,MORNINGSIDE AVE,NULL,3,Scarborough,25,42,Intersection,At Intersection,No Control,Rain,"Dark, artificial",Wet,Non-Fatal Injury,Pedestrian Collisions,D42,131,Rouge (131),"{'type': 'Point', 'coordinates': (-79.213687, 43.817847)}"
8001795037,2018,00:00.0,1018,10,1277 JANE ST,NULL,4 m North of,1,Etobicoke York,5,12,Intersection,Intersection Related,No Control,Clear,Daylight,Dry,Non-Fatal Injury,Pedestrian Collisions,D12,115,Mount Dennis (115),"{'type': 'Point', 'coordinates': (-79.500911, 43.69140900000001)}"
9001693858,2019,00:00.0,1722,17,O CONNOR DR,SUNRISE AVE,NULL,1,North York,NULL,54,Intersection,At Intersection,Traffic Signal,Clear,Daylight,Dry,Non-Fatal Injury,Angle,D54,43,Victoria Village (43),"{'type': 'Point', 'coordinates': (-79.304431, 43.718833)}"
9000408644,2019,00:00.0,1640,16,KINGSTON RD,SHARPE ST,NULL,1,Scarborough,20,41,Intersection,At Intersection,Traffic Signal,Clear,Daylight,Dry,Non-Fatal Injury,Pedestrian Collisions,D41,122,Birchcliffe-Cliffside (122),"{'type': 'Point', 'coordinates': (-79.251254, 43.706267)}"
9001012160,2019,00:00.0,1247,12,MCLEVIN AVE,HUPFIELD TRL,NULL,3,Scarborough,25,42,Intersection,At Intersection,Traffic Signal,Clear,Daylight,Dry,Non-Fatal Injury,Pedestrian Collisions,D42,132,Malvern (132),"{'type': 'Point', 'coordinates': (-79.219989, 43.810267)}"
9000054230,2019,00:00.0,1853,18,3825 SHEPPARD AVE E,NULL,99 m East of,1,Scarborough,22,42,Mid-Block,Non Intersection,No Control,Clear,"Dark, artificial",Dry,Non-Fatal Injury,Pedestrian Collisions,D42,118,Tam O'Shanter-Sullivan (118),"{'type': 'Point', 'coordinates': (-79.292247, 43.782298)}"
9000067447,2019,00:00.0,1836,18,ELLESMERE RD,MILITARY TRL,NULL,1,Scarborough,24,43,Intersection,At Intersection,Traffic Signal,Clear,"Dark, artificial",Dry,Non-Fatal Injury,Pedestrian Collisions,D43,134,Highland Creek (134),"{'type': 'Point', 'coordinates': (-79.188281, 43.786505000000005)}"
9000074527,2019,00:00.0,2213,22,MCCOWAN  RD,BRIMORTON  DR,100 m south,1,Scarborough,NULL,43,Mid-Block,Non Intersection,No Control,Clear,"Dark, artificial",Dry,Fatal,Sideswipe,D43,137,Woburn (137),"{'type': 'Point', 'coordinates': (-79.248561, 43.764414)}"
9000085978,2019,00:00.0,1900,19,MURISON BLVD,MILNER AVE,2 m East of,3,Scarborough,25,42,Intersection,At Intersection,Traffic Signal,Clear,"Dark, artificial",Dry,Non-Fatal Injury,Pedestrian Collisions,D42,132,Malvern (132),"{'type': 'Point', 'coordinates': (-79.202266, 43.79893)}"
9000088115,2019,00:00.0,555,5,155 UNIVERSITY AVE,NULL,NULL,1,Toronto and East York,10,52,Mid-Block,Laneway,No Control,Clear,"Dark, artificial",Dry,Fatal,Pedestrian Collisions,D52,76,Bay Street Corridor (76),"{'type': 'Point', 'coordinates': (-79.38531, 43.648467)}"
9000097480,2019,00:00.0,1303,13,ALLEN X S LAWRENCE E RAMP,LAWRENCE AVE W,NULL,1,North York,8,NULL,Intersection,At Intersection,Traffic Signal,Clear,Daylight,Dry,Fatal,Pedestrian Collisions,D13,31,Yorkdale-Glen Park (31),"{'type': 'Point', 'coordinates': (-79.444942, 43.715869)}"
9000097665,2019,00:00.0,1332,13,2350 DUFFERIN ST,NULL,NULL,1,Toronto and East York,NULL,13,Mid-Block,Non Intersection,No Control,Clear,Daylight,Dry,Fatal,Pedestrian Collisions,D13,107,Oakwood Village (107),"{'type': 'Point', 'coordinates': (-79.450084, 43.69525)}"
9000106457,2019,00:00.0,1900,19,DANFORTH RD,PATTERSON AVE,NULL,3,Scarborough,20,41,Intersection,At Intersection,No Control,Clear,"Dark, artificial",Dry,Non-Fatal Injury,Pedestrian Collisions,D41,121,Oakridge (121),"{'type': 'Point', 'coordinates': (-79.27637, 43.694689)}"
9000107139,2019,00:00.0,2122,21,LENNOX  ST,BATHURST  ST,NULL,1,Toronto and East York,11,14,Intersection,At Intersection,Traffic Signal,Clear,"Dark, artificial",Dry,Fatal,Pedestrian Collisions,D14,79,University (79),"{'type': 'Point', 'coordinates': (-79.410678, 43.663756)}"
9000115545,2019,00:00.0,530,5,MILLWOOD RD,LAIRD DR,NULL,1,North York,15,53,Mid-Block,Non Intersection,No Control,Clear,"Dark, artificial",Dry,Fatal,SMV Other,D53,55,Thorncliffe Park (55),"{'type': 'Point', 'coordinates': (-79.359363, 43.702204)}"
9000119525,2019,00:00.0,2115,21,BATHURST ST,NIAGARA ST,NULL,1,Toronto and East York,10,14,Intersection,At Intersection,Traffic Signal,Snow,"Dark, artificial",Packed Snow,Non-Fatal Injury,Pedestrian Collisions,D14,77,Waterfront Communities-The Island (77),"{'type': 'Point', 'coordinates': (-79.40185100000001, 43.641841)}"
9000121241,2019,00:00.0,515,5,FINCH AVE W,ISLINGTON AVE,300 m East of,1,Etobicoke York,7,31,Mid-Block,Non Intersection,No Control,Snow,"Dark, artificial",Loose Snow,Non-Fatal Injury,Approaching,D23,3,Thistletown-Beaumond Heights (3),"{'type': 'Point', 'coordinates': (-79.572002, 43.745352)}"
9000128132,2019,00:00.0,1125,11,BAY ST,WELLINGTON ST W,5 m North of,1,Toronto and East York,NULL,52,Intersection,At Intersection,Traffic Signal,Clear,Daylight,Dry,Non-Fatal Injury,Pedestrian Collisions,D52,76,Bay Street Corridor (76),"{'type': 'Point', 'coordinates': (-79.379688, 43.64726100000001)}"
9000146770,2019,00:00.0,639,6,284 OAKWOOD AVE,NULL,2 m South of,3,Etobicoke York,9,13,Mid-Block,Non Intersection,No Control,Freezing Rain,"Dark, artificial",Ice,Non-Fatal Injury,Pedestrian Collisions,D13,107,Oakwood Village (107),"{'type': 'Point', 'coordinates': (-79.437534, 43.684207)}"
9000160108,2019,00:00.0,230,2,MCCOWAN RD,FINCH AVE E,8 m North of,1,Scarborough,23,42,Mid-Block,Non Intersection,No Control,Clear,"Dark, artificial",Dry,Non-Fatal Injury,SMV Other,D42,129,Agincourt North (129),"{'type': 'Point', 'coordinates': (-79.267261, 43.809508)}"
9000181850,2019,00:00.0,1527,15,PHARMACY AVE,HUNTINGWOOD DR,NULL,3,Scarborough,22,42,Intersection,At Intersection,Traffic Signal,Clear,Daylight,Wet,Non-Fatal Injury,Angle,D42,118,Tam O'Shanter-Sullivan (118),"{'type': 'Point', 'coordinates': (-79.320125, 43.781603)}"
9000194955,2019,00:00.0,1345,13,ST CLAIR AVE W,ST CLAIR GDNS,27 m East of,1,Etobicoke York,9,13,Intersection,Intersection Related,No Control,Clear,Daylight,Loose Snow,Non-Fatal Injury,Pedestrian Collisions,D13,92,Corso Italia-Davenport (92),"{'type': 'Point', 'coordinates': (-79.444881, 43.677466)}"
9000198863,2019,00:00.0,258,2,MEADOWVALE RD,GENERATION BLVD,NULL,3,Scarborough,25,42,Intersection,At Intersection,Traffic Signal,Clear,"Dark, artificial",Loose Snow,Fatal,Angle,D42,131,Rouge (131),"{'type': 'Point', 'coordinates': (-79.16875, 43.804152)}"
9000211864,2019,00:00.0,2326,23,945 MIDLAND AVE,NULL,40 m North of,1,Scarborough,21,41,Mid-Block,Non Intersection,No Control,Snow,"Dark, artificial",Wet,Non-Fatal Injury,Approaching,D41,138,Eglinton East (138),"{'type': 'Point', 'coordinates': (-79.259242, 43.737002)}"
9000212648,2019,00:00.0,255,2,KINGSTON RD,HUNT CLUB DR,18 m West of,1,Scarborough,20,41,Intersection,Intersection Related,No Control,Rain,"Dark, artificial",Wet,Non-Fatal Injury,Approaching,D41,122,Birchcliffe-Cliffside (122),"{'type': 'Point', 'coordinates': (-79.27698100000002, 43.683486)}"
9000219394,2019,00:00.0,854,8,BLOOR ST W,WINDERMERE AVE,3 m North of,1,Etobicoke York,4,11,Intersection,At Intersection,Traffic Signal,Clear,Daylight,Wet,Non-Fatal Injury,Pedestrian Collisions,D11,87,High Park-Swansea (87),"{'type': 'Point', 'coordinates': (-79.480426, 43.650134)}"
9000223499,2019,00:00.0,1904,19,WARDEN AVE,GLEN SPRINGS DR,NULL,1,Scarborough,22,42,Intersection,At Intersection,No Control,Rain,"Dark, artificial",Wet,Non-Fatal Injury,Pedestrian Collisions,D42,117,L'Amoreaux (117),"{'type': 'Point', 'coordinates': (-79.320133, 43.804549)}"
9000232559,2019,00:00.0,619,6,WILSON AVE,BATHURST ST,94 m East of,1,North York,6,32,Mid-Block,Non Intersection,No Control,Clear,"Dark, artificial",Dry,Non-Fatal Injury,Turning Movement,D32,38,Lansing-Westgate (38),"{'type': 'Point', 'coordinates': (-79.432575, 43.737403)}"
9000242055,2019,00:00.0,1642,16,PHARMACY AVE,TRESTLESIDE GRV,73 m South of,3,Scarborough,21,41,Mid-Block,Non Intersection,No Control,Rain,"Dark, artificial",Ice,Non-Fatal Injury,Approaching,D41,119,Wexford/Maryvale (119),"{'type': 'Point', 'coordinates': (-79.307376, 43.750048)}"
9000244817,2019,00:00.0,330,3,COLLEGE ST,BAY ST,NULL,1,Toronto and East York,NULL,52,Intersection,At Intersection,Traffic Signal,Clear,"Dark, artificial",Dry,Non-Fatal Injury,Approaching,D52,76,Bay Street Corridor (76),"{'type': 'Point', 'coordinates': (-79.385814, 43.660742)}"
9000296843,2019,00:00.0,907,9,WARDEN  AVE,BAMBURGH  CRCL,89.5 m south,1,Scarborough,22,42,Mid-Block,Non Intersection,No Control,Clear,Daylight,Wet,Fatal,Pedestrian Collisions,D42,116,Steeles (116),"{'type': 'Point', 'coordinates': (-79.324634, 43.815394)}"
9000283937,2019,00:00.0,1112,11,YONGE ST,WILLIAM CARSON CRES,2 m South of,1,North York,NULL,32,Intersection,At Intersection,Traffic Signal,Clear,Daylight,Wet,Non-Fatal Injury,Turning Movement,D32,40,St.Andrew-Windfields (40),"{'type': 'Point', 'coordinates': (-79.407413, 43.747229)}"
9000294499,2019,00:00.0,2049,20,WESTON RD,ROGERS RD,NULL,1,Etobicoke York,5,12,Intersection,At Intersection,Yield Sign,Clear,"Dark, artificial",Wet,Non-Fatal Injury,Pedestrian Collisions,D12,111,Rockcliffe-Smythe (111),"{'type': 'Point', 'coordinates': (-79.476711, 43.681536)}"
9000320789,2019,00:00.0,815,8,GERRARD ST E,MARJORY AVE,39 m West of,3,Toronto and East York,14,55,Mid-Block,At/Near Private Drive,No Control,Clear,Daylight,Wet,Non-Fatal Injury,Pedestrian Collisions,D55,70,South Riverdale (70),"{'type': 'Point', 'coordinates': (-79.338092, 43.668597)}"
9000355790,2019,00:00.0,1452,14,THE QUEENSWAY,GLENDALE AVE,NULL,1,Toronto and East York,4,11,Intersection,At Intersection,Traffic Signal,Clear,Daylight,Dry,Non-Fatal Injury,Pedestrian Collisions,D11,87,High Park-Swansea (87),"{'type': 'Point', 'coordinates': (-79.451267, 43.639266)}"
9000357586,2019,00:00.0,1949,19,FINCH AVE W,PEARLDALE AVE,NULL,1,Etobicoke York,7,31,Intersection,At Intersection,Traffic Signal,Other,Dark,Other,Fatal,Pedestrian Collisions,D31,22,Humbermede (22),"{'type': 'Point', 'coordinates': (-79.562312, 43.747695)}"
9000359952,2019,00:00.0,835,8,DON MILLS RD,BOND AVE,10 m South of,1,North York,16,33,Intersection,At Intersection,No Control,Clear,Daylight,Dry,Non-Fatal Injury,Turning Movement,D33,42,Banbury-Don Mills (42),"{'type': 'Point', 'coordinates': (-79.345851, 43.746276)}"