ACCNUM,YEAR,DATE,TIME,HOUR,STREET1,STREET2,OFFSET,ROAD_CLASS,DISTRICT,WARDNUM,DIVISION,LOCCOORD,ACCLOC,TRAFFCTL,VISIBILITY,LIGHT,RDSFCOND,ACCLASS,IMPACTYPE,POLICE_DIVISION,HOOD_ID,NEIGHBOURHOOD,geometry
9000365892,2019,00:00.0,602,6,2930 FINCH AVE E,NULL,NULL,1,Scarborough,22,42,Mid-Block,Non Intersection,No Control,Clear,Daylight,Dry,Non-Fatal Injury,Pedestrian Collisions,D42,117,L'Amoreaux (117),"{'type': 'Point', 'coordinates': (-79.328258, 43.793738)}"
9000380935,2019,00:00.0,1105,11,MARTIN GROVE RD,REXDALE BLVD,34 m South of,1,Etobicoke York,1,23,Mid-Block,At/Near Private Drive,No Control,Clear,Daylight,Dry,Non-Fatal Injury,Angle,D23,1,West Humber-Clairville (1),"{'type': 'Point', 'coordinates': (-79.581371, 43.714415)}"
9000383019,2019,00:00.0,1609,16,2721 VICTORIA PARK AVE,NULL,NULL,1,Scarborough,NULL,NULL,Mid-Block,Non Intersection,No Control,Clear,Daylight,Dry,Non-Fatal Injury,Pedestrian Collisions,D33,117,L'Amoreaux (117),"{'type': 'Point', 'coordinates': (-79.323627, 43.776492)}"
9001466378,2019,00:00.0,2027,20,WINDERMERE AVE,THE QUEENSWAY,NULL,1,Etobicoke York,4,11,Intersection,At Intersection,Traffic Signal,Clear,"Dark, artificial",Dry,Non-Fatal Injury,Turning Movement,D11,87,High Park-Swansea (87),"{'type': 'Point', 'coordinates': (-79.469875, 43.637137)}"
9000691466,2019,00:00.0,805,8,SHEPPARD AVE E,KENNEDY RD,264 m West of,1,Scarborough,22,42,Mid-Block,Non Intersection,No Control,Clear,Daylight,Dry,Non-Fatal Injury,Pedestrian Collisions,D42,118,Tam O'Shanter-Sullivan (118),"{'type': 'Point', 'coordinates': (-79.292224, 43.782294)}"
9000700060,2019,00:00.0,1145,11,VICTORIA ST,LOMBARD ST,NULL,2,Toronto and East York,13,51,Intersection,At Intersection,Stop Sign,Clear,Daylight,Dry,Non-Fatal Injury,Pedestrian Collisions,D51,75,Church-Yonge Corridor (75),"{'type': 'Point', 'coordinates': (-79.37745200000002, 43.651236)}"
9000709404,2019,00:00.0,2145,21,LAKE SHORE BLVD W,JAMESON AVE,NULL,1,Toronto and East York,4,14,Intersection,At Intersection,Traffic Signal,Rain,"Dark, artificial",Wet,Non-Fatal Injury,Pedestrian Collisions,D14,85,South Parkdale (85),"{'type': 'Point', 'coordinates': (-79.43452, 43.633269000000006)}"
9000716051,2019,00:00.0,108,1,F G GARDINER XY  W,ROYAL YORK RD,151 m West of,8,Etobicoke York,3,22,Mid-Block,Non Intersection,No Control,Clear,"Dark, artificial",Dry,Non-Fatal Injury,Sideswipe,D22,17,Mimico (17),"{'type': 'Point', 'coordinates': (-79.503055, 43.622428)}"
9000727833,2019,00:00.0,552,5,DANFORTH AVE,ELDON AVE,50 m East of,1,Toronto and East York,19,NULL,Intersection,Intersection Related,No Control,Clear,"Dark, artificial",Dry,Non-Fatal Injury,Turning Movement,D55,61,Taylor-Massey (61),"{'type': 'Point', 'coordinates': (-79.291484, 43.690436)}"
9000731621,2019,00:00.0,1632,16,COMRIE TER,BRIMLEY RD,200 m East of,2,Scarborough,20,43,Mid-Block,Non Intersection,No Control,Clear,Daylight,Dry,Non-Fatal Injury,Pedestrian Collisions,D43,123,Cliffcrest (123),"{'type': 'Point', 'coordinates': (-79.241809, 43.727519)}"
9000736096,2019,00:00.0,1005,10,UNIVERSITY AVE,DUNDAS ST W,NULL,1,Toronto and East York,NULL,52,Intersection,At Intersection,Traffic Signal,Clear,Daylight,Dry,Non-Fatal Injury,Pedestrian Collisions,D52,76,Bay Street Corridor (76),"{'type': 'Point', 'coordinates': (-79.388271, 43.654719)}"
9000738008,2019,00:00.0,1500,15,FINCH AVE E,WILLOWDALE AVE,NULL,1,North York,23,42,Intersection,At Intersection,Traffic Signal,Clear,Daylight,Dry,Non-Fatal Injury,Turning Movement,D42,129,Agincourt North (129),"{'type': 'Point', 'coordinates': (-79.257671, 43.809878)}"
9000755866,2019,00:00.0,309,3,EASTERN AVE,LEWIS ST,30 m East of,1,Toronto and East York,NULL,NULL,Intersection,Intersection Related,No Control,Clear,"Dark, artificial",Dry,Non-Fatal Injury,SMV Other,D55,70,South Riverdale (70),"{'type': 'Point', 'coordinates': (-79.347522, 43.656424)}"
9000775776,2019,00:00.0,725,7,STAINES RD,SOLSTICE DR,10 m South of,4,Scarborough,23,42,Intersection,Intersection Related,No Control,Clear,Daylight,Dry,Non-Fatal Injury,Pedestrian Collisions,D42,131,Rouge (131),"{'type': 'Point', 'coordinates': (-79.231487, 43.836573)}"
9000786500,2019,00:00.0,1634,16,FAIRFAX CRES,WARDEN AVE,NULL,1,Scarborough,20,41,Intersection,At Intersection,Traffic Signal,Rain,Daylight,Wet,Non-Fatal Injury,Pedestrian Collisions,D41,120,Clairlea-Birchmount (120),"{'type': 'Point', 'coordinates': (-79.282733, 43.716109)}"
9000789111,2019,00:00.0,200,2,BROWNS LINE,HORNER AVE,NULL,1,Etobicoke York,3,22,Intersection,At Intersection,Traffic Signal,Clear,"Dark, artificial",Wet,Non-Fatal Injury,SMV Other,D22,20,Alderwood (20),"{'type': 'Point', 'coordinates': (-79.545207, 43.601615)}"
9000794551,2019,00:00.0,1755,17,THE QUEENSWAY,LADY BANK RD,NULL,1,Etobicoke York,3,22,Intersection,At Intersection,Traffic Signal,Clear,Daylight,Dry,Non-Fatal Injury,Pedestrian Collisions,D22,16,Stonegate-Queensway (16),"{'type': 'Point', 'coordinates': (-79.511646, 43.62427)}"
9000795261,2019,00:00.0,1940,19,DUFFERIN ST,GEARY AVE,NULL,1,Etobicoke York,9,13,Intersection,At Intersection,No Control,Clear,Dusk,Dry,Non-Fatal Injury,Turning Movement,D13,93,Dovercourt-Wallace Emerson-Junction (93),"{'type': 'Point', 'coordinates': (-79.43951, 43.669528)}"
9000814288,2019,00:00.0,1530,15,1140 SHEPPARD AVE W,NULL,NULL,1,North York,6,32,Mid-Block,At/Near Private Drive,No Control,Clear,Daylight,Dry,Non-Fatal Injury,Angle,D32,27,York University Heights (27),"{'type': 'Point', 'coordinates': (-79.468578, 43.75318)}"
9000814604,2019,00:00.0,1630,16,HIGHWAY 27  N,ROYALCREST RD,NULL,1,Etobicoke York,1,23,Intersection,At Intersection,Traffic Signal,Clear,Daylight,Dry,Non-Fatal Injury,SMV Other,D23,1,West Humber-Clairville (1),"{'type': 'Point', 'coordinates': (-79.610423, 43.749644)}"
9000820433,2019,00:00.0,1320,13,DUNDAS ST W,EUCLID AVE,NULL,1,Toronto and East York,NULL,14,Intersection,At Intersection,Stop Sign,Clear,Daylight,Dry,Non-Fatal Injury,Cyclist Collisions,D14,81,Trinity-Bellwoods (81),"{'type': 'Point', 'coordinates': (-79.409679, 43.65148)}"
9000824432,2019,00:00.0,211,2,WOODBINE AVE,QUEEN ST E,235 m South of,1,Toronto and East York,19,55,Mid-Block,Non Intersection,No Control,Clear,"Dark, artificial",Dry,Non-Fatal Injury,SMV Unattended Vehicle,D55,63,The Beaches (63),"{'type': 'Point', 'coordinates': (-79.305064, 43.667052)}"
9085345312,2019,00:00.0,2200,22,DANFORTH AVE,CHESTER AVE,22 m East of,1,Toronto and East York,14,NULL,Intersection,Intersection Related,No Control,Clear,"Dark, artificial",Dry,Non-Fatal Injury,Turning Movement,D55,68,North Riverdale (68),"{'type': 'Point', 'coordinates': (-79.351924, 43.677485)}"
9000865737,2019,00:00.0,2045,20,LAKE SHORE BLVD W,KIPLING AVE,NULL,1,Etobicoke York,3,22,Intersection,At Intersection,Traffic Signal,Rain,"Dark, artificial",Wet,Non-Fatal Injury,Pedestrian Collisions,D22,18,New Toronto (18),"{'type': 'Point', 'coordinates': (-79.51691, 43.598124)}"
9000885812,2019,00:00.0,1559,15,91 ANNETTE ST,NULL,40 m East of,3,Toronto and East York,4,11,Mid-Block,At/Near Private Drive,No Control,Clear,Daylight,Dry,Non-Fatal Injury,Cyclist Collisions,D11,90,Junction Area (90),"{'type': 'Point', 'coordinates': (-79.462817, 43.663405)}"
9000902435,2019,00:00.0,2100,21,DUFFERIN ST,QUEEN ST W,NULL,1,Toronto and East York,NULL,NULL,Intersection,At Intersection,Traffic Signal,Clear,"Dark, artificial",Dry,Non-Fatal Injury,Turning Movement,D14,85,South Parkdale (85),"{'type': 'Point', 'coordinates': (-79.4286, 43.642134)}"
9000912450,2019,00:00.0,1154,11,KING ST W,JAMESON AVE,NULL,1,Toronto and East York,4,14,Intersection,At Intersection,Traffic Signal,Clear,Daylight,Dry,Non-Fatal Injury,Pedestrian Collisions,D14,85,South Parkdale (85),"{'type': 'Point', 'coordinates': (-79.435993, 43.637103)}"
9000918002,2019,00:00.0,920,9,QUEENS QUAY W,YORK ST,10 m West of,3,Toronto and East York,10,NULL,Intersection,At Intersection,Traffic Signal,Clear,Daylight,Dry,Non-Fatal Injury,Pedestrian Collisions,D52,77,Waterfront Communities-The Island (77),"{'type': 'Point', 'coordinates': (-79.380161, 43.639891)}"
9000925412,2019,00:00.0,1143,11,QUEEN ST W,SHAW ST,NULL,1,Toronto and East York,10,14,Intersection,At Intersection,Traffic Signal,Clear,Daylight,Dry,Non-Fatal Injury,Pedestrian Collisions,D14,82,Niagara (82),"{'type': 'Point', 'coordinates': (-79.416263, 43.644652)}"
9000931177,2019,00:00.0,724,7,KENNEDY RD,FINCH AVE E,NULL,1,Scarborough,22,42,Intersection,At Intersection,Traffic Signal,Clear,Daylight,Dry,Non-Fatal Injury,Angle,D42,117,L'Amoreaux (117),"{'type': 'Point', 'coordinates': (-79.296558, 43.801196)}"
9000933967,2019,00:00.0,1439,14,RICHMOND ST W,AUGUSTA AVE,NULL,1,Toronto and East York,10,14,Intersection,At Intersection,No Control,Clear,Daylight,Dry,Non-Fatal Injury,Pedestrian Collisions,D14,77,Waterfront Communities-The Island (77),"{'type': 'Point', 'coordinates': (-79.399349, 43.647265)}"
9000941507,2019,00:00.0,1535,15,350 QUEENS QUAY W,NULL,20 m East of,3,Toronto and East York,10,NULL,Intersection,At Intersection,Traffic Signal,Clear,Daylight,Dry,Non-Fatal Injury,Approaching,D52,77,Waterfront Communities-The Island (77),"{'type': 'Point', 'coordinates': (-79.388637, 43.638205)}"
9000942318,2019,00:00.0,1730,17,QUEEN ST E,CARROLL ST,NULL,1,North York,14,55,Intersection,At Intersection,Pedestrian Crossover,Clear,Daylight,Dry,Non-Fatal Injury,Pedestrian Collisions,D55,70,South Riverdale (70),"{'type': 'Point', 'coordinates': (-79.35219900000001, 43.658259)}"
9000946918,2019,00:00.0,1100,11,KING ST E,BRIGHT ST,NULL,1,Toronto and East York,13,51,Intersection,At Intersection,Stop Sign,Clear,Daylight,Dry,Non-Fatal Injury,Cyclist Collisions,D51,73,Moss Park (73),"{'type': 'Point', 'coordinates': (-79.358905, 43.65518800000001)}"
9000969517,2019,00:00.0,910,9,SIMCOE ST,PEARL ST,NULL,2,Toronto and East York,10,52,Intersection,At Intersection,No Control,Clear,Daylight,Dry,Non-Fatal Injury,Cyclist Collisions,D52,76,Bay Street Corridor (76),"{'type': 'Point', 'coordinates': (-79.386341, 43.64799800000001)}"
9000963732,2019,00:00.0,1757,17,CARLTON ST,BERKELEY ST,1 m West of,NULL,NULL,NULL,NULL,Mid-Block,Non Intersection,No Control,Clear,Daylight,Dry,Non-Fatal Injury,Cyclist Collisions,D51,71,Cabbagetown-South St.James Town (71),"{'type': 'Point', 'coordinates': (-79.369282, 43.663993)}"
9000964152,2019,00:00.0,1914,19,NORTH QUEEN ST,INDEX RD,100 m West of,3,Etobicoke York,3,22,Intersection,At Intersection,Traffic Signal,Clear,Daylight,Dry,Non-Fatal Injury,Pedestrian Collisions,D22,14,Islington-City Centre West (14),"{'type': 'Point', 'coordinates': (-79.553706, 43.619403)}"
9000983985,2019,00:00.0,1328,13,14 PLYMBRIDGE RD,NULL,NULL,4,North York,15,32,Mid-Block,Non Intersection,No Control,Clear,Daylight,Dry,Fatal,SMV Other,D32,41,Bridle Path-Sunnybrook-York Mills (41),"{'type': 'Point', 'coordinates': (-79.399722, 43.739615)}"
9000994854,2019,00:00.0,2236,22,LAKE SHORE BLVD W,ONTARIO DR,NULL,1,Toronto and East York,10,14,Intersection,At Intersection,Traffic Signal,Clear,"Dark, artificial",Dry,Non-Fatal Injury,Turning Movement,D14,82,Niagara (82),"{'type': 'Point', 'coordinates': (-79.41974200000001, 43.630351)}"
9001001982,2019,00:00.0,2123,21,WOODBINE AVE,GERRARD ST E,NULL,1,Toronto and East York,19,55,Intersection,At Intersection,Traffic Signal,Clear,Daylight,Dry,Non-Fatal Injury,Turning Movement,D55,62,East End-Danforth (62),"{'type': 'Point', 'coordinates': (-79.310718, 43.68072)}"
9001003042,2019,00:00.0,45,0,BLACK CREEK DR,LAWRENCE AVE W,13 m South of,1,Etobicoke York,5,12,Intersection,At Intersection,Traffic Signal,Clear,"Dark, artificial",Dry,Non-Fatal Injury,Rear End,D12,30,Brookhaven-Amesbury (30),"{'type': 'Point', 'coordinates': (-79.494052, 43.704878)}"
8001797776,2018,00:00.0,1723,17,AVENUE RD,FARNHAM AVE,4 m West of,1,Toronto and East York,12,53,Intersection,At Intersection,Stop Sign,Clear,Daylight,Dry,Non-Fatal Injury,Turning Movement,D53,97,Yonge-St.Clair (97),"{'type': 'Point', 'coordinates': (-79.400165, 43.683455)}"
8002017467,2018,00:00.0,1835,18,DANFORTH AVE,WESTLAKE AVE,NULL,1,Toronto and East York,19,NULL,Intersection,At Intersection,Traffic Signal,Rain,"Dark, artificial",Wet,Non-Fatal Injury,Pedestrian Collisions,D55,62,East End-Danforth (62),"{'type': 'Point', 'coordinates': (-79.304965, 43.687472)}"
9001264141,2019,00:00.0,612,6,ROCKWELL AVE,OLD WESTON RD,4 m West of,2,Etobicoke York,9,12,Intersection,At Intersection,Stop Sign,Clear,Daylight,Dry,Non-Fatal Injury,SMV Other,D12,91,Weston-Pellam Park (91),"{'type': 'Point', 'coordinates': (-79.463863, 43.676566)}"
9001020471,2019,00:00.0,1524,15,MIDLAND AVE,LOCKIE AVE,5 m  of,1,Scarborough,NULL,42,Intersection,Intersection Related,Traffic Signal,Clear,Daylight,Dry,Non-Fatal Injury,Pedestrian Collisions,D42,128,Agincourt South-Malvern West (128),"{'type': 'Point', 'coordinates': (-79.280002, 43.788863)}"
9001468146,2019,00:00.0,257,2,BATHURST ST,HERRICK ST,233 m South of,1,Toronto and East York,11,14,Mid-Block,Non Intersection,No Control,Clear,Daylight,Dry,Non-Fatal Injury,Pedestrian Collisions,D14,79,University (79),"{'type': 'Point', 'coordinates': (-79.410365, 43.662955)}"
9001473932,2019,00:00.0,41,0,PARLIAMENT ST,SHUTER ST,NULL,3,Toronto and East York,13,51,Intersection,At Intersection,Traffic Signal,Clear,"Dark, artificial",Dry,Non-Fatal Injury,Angle,D51,72,Regent Park (72),"{'type': 'Point', 'coordinates': (-79.364963, 43.656871)}"
9000419013,2019,00:00.0,901,9,EGLINTON  AVE W,MCROBERTS  AVE,NULL,1,North York,NULL,13,Mid-Block,Non Intersection,No Control,NULL,Daylight,Other,Fatal,Pedestrian Collisions,D13,109,Caledonia-Fairbank (109),"{'type': 'Point', 'coordinates': (-79.460269, 43.693389)}"
9001478077,2019,00:00.0,1648,16,STEELES AVE E,BLUFFWOOD DR,NULL,1,North York,17,33,Intersection,At Intersection,Traffic Signal,Clear,Daylight,Dry,Fatal,Turning Movement,D33,49,Bayview Woods-Steeles (49),"{'type': 'Point', 'coordinates': (-79.376056, 43.807639)}"
9001479866,2019,00:00.0,2220,22,VICTORIA PARK AVE,CURLEW DR,81 m South of,1,Scarborough,NULL,NULL,Mid-Block,Non Intersection,No Control,Clear,"Dark, artificial",Dry,Non-Fatal Injury,Rear End,D41,119,Wexford/Maryvale (119),"{'type': 'Point', 'coordinates': (-79.311496, 43.747023)}"
8001947521,2018,00:00.0,755,7,PHARMACY AVE,CAMILLA CRES,NULL,3,Scarborough,20,41,Intersection,At Intersection,No Control,Clear,Daylight,Dry,Non-Fatal Injury,Pedestrian Collisions,D41,120,Clairlea-Birchmount (120),"{'type': 'Point', 'coordinates': (-79.292461, 43.713446)}"
9001504654,2019,00:00.0,945,9,31  FINCH AVE E,NULL,NULL,1,North York,18,32,Mid-Block,Non Intersection,No Control,Clear,Daylight,Dry,Fatal,Pedestrian Collisions,D32,51,Willowdale East (51),"{'type': 'Point', 'coordinates': (-79.413204, 43.780181000000006)}"
9001520840,2019,00:00.0,1505,15,JANE ST,BEVERLY HILLS DR,NULL,1,Etobicoke York,NULL,31,Intersection,Intersection Related,Traffic Signal,Clear,Daylight,Dry,Non-Fatal Injury,Turning Movement,D31,26,Downsview-Roding-CFB (26),"{'type': 'Point', 'coordinates': (-79.508113, 43.719008)}"
9001526087,2019,00:00.0,1044,10,RICHMOND ST W,UNIVERSITY AVE,NULL,1,Scarborough,10,52,Intersection,At Intersection,Traffic Signal,Clear,Daylight,Dry,Non-Fatal Injury,Cyclist Collisions,D52,76,Bay Street Corridor (76),"{'type': 'Point', 'coordinates': (-79.386249, 43.650012)}"
9001534741,2019,00:00.0,1329,13,STEELES  AVE E,MCCOWAN  RD,NULL,1,Scarborough,23,42,Intersection,At Intersection,Traffic Signal,Clear,Daylight,Dry,Fatal,Turning Movement,D42,130,Milliken (130),"{'type': 'Point', 'coordinates': (-79.275157, 43.830973)}"
8002123284,2018,00:00.0,720,7,BLOOR ST W,AVENUE RD,NULL,1,Toronto and East York,11,NULL,Intersection,At Intersection,Traffic Signal,Clear,Daylight,Dry,Non-Fatal Injury,Angle,D52,76,Bay Street Corridor (76),"{'type': 'Point', 'coordinates': (-79.394099, 43.668646)}"
9001536611,2019,00:00.0,1748,17,QUEEN ST E,VICTORIA PARK AV,NULL,NULL,NULL,NULL,NULL,Intersection,At Intersection,Stop Sign,Clear,Daylight,Dry,Non-Fatal Injury,Cyclist Collisions,D41,122,Birchcliffe-Cliffside (122),"{'type': 'Point', 'coordinates': (-79.280178, 43.674266)}"
9001541492,2019,00:00.0,1149,11,DUFFERIN ST,TYCOS DR,7 m West of,1,North York,8,13,Intersection,At Intersection,Stop Sign,Clear,Daylight,Dry,Non-Fatal Injury,Turning Movement,D13,31,Yorkdale-Glen Park (31),"{'type': 'Point', 'coordinates': (-79.452884, 43.705699)}"
9001547206,2019,00:00.0,648,6,QUEEN ST W,ST PATRICK ST,7 m North of,1,Toronto and East York,10,52,Intersection,At Intersection,Traffic Signal,Clear,Daylight,Dry,Non-Fatal Injury,Pedestrian Collisions,D52,77,Waterfront Communities-The Island (77),"{'type': 'Point', 'coordinates': (-79.388606, 43.650347)}"
9001563776,2019,00:00.0,1235,12,GODSTONE RD,FAIRVIEW MALL DR,NULL,3,North York,17,33,Intersection,At Intersection,Traffic Signal,Clear,Daylight,Dry,Non-Fatal Injury,Pedestrian Collisions,D33,47,Don Valley Village (47),"{'type': 'Point', 'coordinates': (-79.345691, 43.779563)}"
9001567652,2019,00:00.0,2305,23,FINCH AVE E,MCCOWAN RD,NULL,1,Scarborough,23,42,Intersection,At Intersection,Traffic Signal,Clear,"Dark, artificial",Dry,Non-Fatal Injury,Pedestrian Collisions,D42,129,Agincourt North (129),"{'type': 'Point', 'coordinates': (-79.266467, 43.807955)}"
9001579618,2019,00:00.0,1730,17,KINGSTON RD,HAIG AVE,3 m West of,1,Scarborough,20,41,Intersection,At Intersection,No Control,Clear,Daylight,Dry,Non-Fatal Injury,Sideswipe,D41,122,Birchcliffe-Cliffside (122),"{'type': 'Point', 'coordinates': (-79.271663, 43.687167)}"
9001581091,2019,00:00.0,2118,21,MARKHAM RD,NASHDENE RD,300 m South of,1,Scarborough,23,42,Mid-Block,Non Intersection,No Control,Clear,"Dark, artificial",Dry,Non-Fatal Injury,Rear End,D42,131,Rouge (131),"{'type': 'Point', 'coordinates': (-79.24496, 43.817473)}"
9001585918,2019,00:00.0,1515,15,SHEPPARD AVE E,MARKHAM RD,NULL,1,Scarborough,23,42,Intersection,At Intersection,Traffic Signal,Clear,Daylight,Dry,Non-Fatal Injury,Pedestrian Collisions,D42,132,Malvern (132),"{'type': 'Point', 'coordinates': (-79.238719, 43.793795)}"
9001585957,2019,00:00.0,1522,15,BATHURST ST,DUPONT ST,25 m North of,NULL,NULL,NULL,NULL,Mid-Block,Non Intersection,No Control,Clear,Daylight,Dry,Non-Fatal Injury,SMV Other,D14,95,Annex (95),"{'type': 'Point', 'coordinates': (-79.414394, 43.673148)}"
9001588399,2019,00:00.0,2112,21,STEELES AVE E,LAURELEAF RD S,NULL,1,North York,17,33,Intersection,At Intersection,Traffic Signal,Clear,"Dark, artificial",Dry,Fatal,Pedestrian Collisions,D33,49,Bayview Woods-Steeles (49),"{'type': 'Point', 'coordinates': (-79.385745, 43.805499)}"
9001591969,2019,00:00.0,1130,11,SHEPPARD AVE E,MIDLAND AVE,NULL,1,Scarborough,NULL,42,Intersection,At Intersection,Traffic Signal,Clear,Daylight,Dry,Fatal,Pedestrian Collisions,D42,128,Agincourt South-Malvern West (128),"{'type': 'Point', 'coordinates': (-79.278529, 43.785277)}"
9001598052,2019,00:00.0,815,8,ISLINGTON AVE,ANGLESEY BLVD,NULL,1,Etobicoke York,2,22,Intersection,At Intersection,Stop Sign,Clear,Daylight,Dry,Non-Fatal Injury,Angle,D22,9,Edenbridge-Humber Valley (9),"{'type': 'Point', 'coordinates': (-79.53199300000001, 43.66421)}"
9001600712,2019,00:00.0,1521,15,BAY ST,COLLEGE ST,NULL,1,Toronto and East York,NULL,52,Intersection,At Intersection,Traffic Signal,Clear,Daylight,Dry,Non-Fatal Injury,Pedestrian Collisions,D52,76,Bay Street Corridor (76),"{'type': 'Point', 'coordinates': (-79.385814, 43.660742)}"
9001602169,2019,00:00.0,1823,18,LAKE SHORE BLVD E,COXWELL AVE,NULL,1,Toronto East York,NULL,55,Intersection,At Intersection,Traffic Controller,Clear,Dusk,Dry,Non-Fatal Injury,Rear End,D55,70,South Riverdale (70),"{'type': 'Point', 'coordinates': (-79.31483, 43.6622)}"
9001605294,2019,00:00.0,752,7,DAVENPORT RD,BATHURST ST,NULL,3,Toronto and East York,12,13,Intersection,At Intersection,Traffic Signal,Clear,Daylight,Dry,Non-Fatal Injury,Rear End,D13,96,Casa Loma (96),"{'type': 'Point', 'coordinates': (-79.415744, 43.676657)}"
9001618361,2019,00:00.0,20,0,PASSMORE AVE,DYNAMIC DR,14 m East of,2,Scarborough,23,42,Intersection,At Intersection,No Control,Clear,Dark,Dry,Non-Fatal Injury,Pedestrian Collisions,D42,130,Milliken (130),"{'type': 'Point', 'coordinates': (-79.253429, 43.829867)}"
9001620635,2019,00:00.0,1115,11,RENFORTH DR,BRIDGETOWN DR,NULL,2,Etobicoke York,2,22,Intersection,At Intersection,No Control,Clear,Daylight,Dry,Non-Fatal Injury,Pedestrian Collisions,D22,13,Etobicoke West Mall (13),"{'type': 'Point', 'coordinates': (-79.567912, 43.636084)}"
9001623743,2019,00:00.0,2035,20,KINGSTON RD,MORNINGSIDE AVE,NULL,1,Scarborough,25,43,Mid-Block,Non Intersection,No Control,Clear,Dark,Dry,Fatal,Pedestrian Collisions,D43,136,West Hill (136),"{'type': 'Point', 'coordinates': (-79.186321, 43.771086)}"
9001631104,2019,00:00.0,2046,20,TWYN RIVERS DR,SHEPPARD AVE E,3 m West of,2,Scarborough,25,42,Mid-Block,Non Intersection,No Control,Clear,Dark,Dry,Non-Fatal Injury,SMV Other,D42,131,Rouge (131),"{'type': 'Point', 'coordinates': (-79.156703, 43.813456)}"
9001661234,2019,00:00.0,2023,20,SHEPPARD AVE E,ABBOTSFIELD GT,NULL,1,Scarborough,22,42,Mid-Block,Non Intersection,No Control,Clear,Dark,Dry,Fatal,Pedestrian Collisions,D42,118,Tam O'Shanter-Sullivan (118),"{'type': 'Point', 'coordinates': (-79.313861, 43.777281)}"
9001663278,2019,00:00.0,740,7,MOUNT PLEASANT RD,ELM AVE,2 m North of,1,North York,11,53,Intersection,At Intersection,Traffic Signal,Clear,Daylight,Dry,Non-Fatal Injury,Pedestrian Collisions,D53,98,Rosedale-Moore Park (98),"{'type': 'Point', 'coordinates': (-79.380153, 43.674468)}"
9001666503,2019,00:00.0,1746,17,JOHN GARLAND BLVD,KENDLETON DR,3 m West of,NULL,NULL,NULL,NULL,Intersection,At Intersection,No Control,Clear,Daylight,Dry,Non-Fatal Injury,Cyclist Collisions,D23,2,Mount Olive-Silverstone-Jamestown (2),"{'type': 'Point', 'coordinates': (-79.58034100000002, 43.734958)}"
9001678425,2019,00:00.0,1448,14,495 THE WEST MALL,NULL,305 m West of,3,Etobicoke York,2,22,Mid-Block,Non Intersection,No Control,Clear,Daylight,Dry,Non-Fatal Injury,Angle,D22,13,Etobicoke West Mall (13),"{'type': 'Point', 'coordinates': (-79.568042, 43.647906)}"
9001679481,2019,00:00.0,1802,18,GARRYBROOK DR,HUNTINGWOOD DR,3 m North of,3,Scarborough,22,42,Intersection,At Intersection,Stop Sign,Clear,Daylight,Dry,Non-Fatal Injury,Cyclist Collisions,D42,118,Tam O'Shanter-Sullivan (118),"{'type': 'Point', 'coordinates': (-79.307216, 43.788966)}"
9001686602,2019,00:00.0,1800,18,KENNEDY RD,HIGHWAY 401 C  E,2 m South of,1,Scarborough,21,41,Mid-Block,Non Intersection,No Control,Clear,Daylight,Dry,Non-Fatal Injury,SMV Other,D41,126,Dorset Park (126),"{'type': 'Point', 'coordinates': (-79.284335, 43.774371)}"
9002117462,2019,00:00.0,1903,19,KING ST W,PORTLAND ST,30 m East of,1,Toronto and East York,10,14,Intersection,At Intersection,Traffic Signal,Clear,Dark,Dry,Non-Fatal Injury,Cyclist Collisions,D14,77,Waterfront Communities-The Island (77),"{'type': 'Point', 'coordinates': (-79.400058, 43.644381)}"
9001270000,2019,00:00.0,251,2,PARKSIDE DR,CONSTANCE ST,NULL,1,Etobicoke York,4,11,Intersection,At Intersection,No Control,Clear,"Dark, artificial",Dry,Non-Fatal Injury,Pedestrian Collisions,D11,87,High Park-Swansea (87),"{'type': 'Point', 'coordinates': (-79.457622, 43.64821100000001)}"
9001695892,2019,00:00.0,2307,23,WESTON RD,ROGERS RD,NULL,1,Etobicoke York,5,12,Intersection,At Intersection,Traffic Signal,Clear,"Dark, artificial",Dry,Non-Fatal Injury,Turning Movement,D12,111,Rockcliffe-Smythe (111),"{'type': 'Point', 'coordinates': (-79.476711, 43.681536)}"
9001268275,2019,00:00.0,2010,20,SHEPPARD AVE E,NEILSON RD,NULL,1,Scarborough,NULL,42,Intersection,At Intersection,Traffic Signal,Clear,Daylight,Dry,Non-Fatal Injury,Pedestrian Collisions,D42,132,Malvern (132),"{'type': 'Point', 'coordinates': (-79.217632, 43.798049)}"
8001801273,2018,00:00.0,820,8,ESQUIRE RD,VICTORIA PARK AVE,NULL,1,Scarborough,NULL,NULL,Intersection,At Intersection,No Control,Clear,Daylight,Dry,Non-Fatal Injury,Pedestrian Collisions,D42,118,Tam O'Shanter-Sullivan (118),"{'type': 'Point', 'coordinates': (-79.32217, 43.773429)}"