ACCNUM,YEAR,DATE,TIME,HOUR,STREET1,STREET2,OFFSET,ROAD_CLASS,DISTRICT,WARDNUM,DIVISION,LOCCOORD,ACCLOC,TRAFFCTL,VISIBILITY,LIGHT,RDSFCOND,ACCLASS,IMPACTYPE,POLICE_DIVISION,HOOD_ID,NEIGHBOURHOOD,geometry
8002018204,2018,00:00.0,2043,20,KIPLING  AVE,ANNABELLE  DR,NULL,1,Etobicoke York,1,23,Intersection,At Intersection,Traffic Signal,Clear,Dark,Dry,Fatal,Pedestrian Collisions,D23,2,Mount Olive-Silverstone-Jamestown (2),"{'type': 'Point', 'coordinates': (-79.58575, 43.75084600000001)}"
9000431673,2019,00:00.0,231,2,LAKE SHORE BLVD W,BAY ST,3 m East of,1,Toronto and East York,10,52,Intersection,At Intersection,Traffic Signal,Clear,"Dark, artificial",Dry,Non-Fatal Injury,Rear End,D52,77,Waterfront Communities-The Island (77),"{'type': 'Point', 'coordinates': (-79.37778, 43.642932)}"
9001020911,2019,00:00.0,1624,16,STEELES  AVE E,BESTVIEW  DR,12 m West of,1,North York,17,33,Intersection,Intersection Related,No Control,Clear,Daylight,Dry,Non-Fatal Injury,Pedestrian Collisions,D33,49,Bayview Woods-Steeles (49),"{'type': 'Point', 'coordinates': (-79.38335000000001, 43.806021)}"
9001704678,2019,00:00.0,630,6,WARDEN AVE,MCNICOLL AVE,NULL,1,Scarborough,22,42,Mid-Block,Non Intersection,No Control,Clear,Daylight,Dry,Fatal,Pedestrian Collisions,D42,116,Steeles (116),"{'type': 'Point', 'coordinates': (-79.32191000000002, 43.808352)}"
8001803881,2018,00:00.0,1730,17,161 BATHURST ST,NULL,NULL,1,Etobicoke York,10,14,Intersection,At Intersection,Traffic Signal,Clear,Daylight,Dry,Non-Fatal Injury,Pedestrian Collisions,D14,77,Waterfront Communities-The Island (77),"{'type': 'Point', 'coordinates': (-79.40375100000001, 43.646399)}"
9001271842,2019,00:00.0,1040,10,BLACK CREEK DR,LAWRENCE AVE W,NULL,1,Etobicoke York,NULL,NULL,Intersection,At Intersection,Traffic Signal,Clear,Daylight,Dry,Non-Fatal Injury,Turning Movement,D12,30,Brookhaven-Amesbury (30),"{'type': 'Point', 'coordinates': (-79.494052, 43.704878)}"
9001287128,2019,00:00.0,1221,12,1 YORK GATE BLVD,NULL,NULL,3,North York,7,31,Mid-Block,Non Intersection,No Control,Clear,Daylight,Dry,Fatal,Pedestrian Collisions,D31,24,Black Creek (24),"{'type': 'Point', 'coordinates': (-79.52151, 43.758837)}"
9001303685,2019,00:00.0,1415,14,DUFFERIN ST,GERRY FITZGERALD DR,NULL,1,North York,6,32,Intersection,At Intersection,Traffic Signal,Clear,Daylight,Dry,Non-Fatal Injury,Pedestrian Collisions,D32,34,Bathurst Manor (34),"{'type': 'Point', 'coordinates': (-79.470104, 43.78377)}"
9001305617,2019,00:00.0,1820,18,114 TORYORK DR,NULL,NULL,2,Etobicoke York,7,31,Mid-Block,At/Near Private Drive,No Control,Clear,Daylight,Dry,Non-Fatal Injury,Turning Movement,D31,21,Humber Summit (21),"{'type': 'Point', 'coordinates': (-79.551196, 43.756449)}"
9001317528,2019,00:00.0,1309,13,LAWRENCE AVE E,TOWNLEY AVE,4 m West of,1,Scarborough,21,41,Intersection,Intersection Related,No Control,Clear,Daylight,Dry,Non-Fatal Injury,Sideswipe,D41,119,Wexford/Maryvale (119),"{'type': 'Point', 'coordinates': (-79.307369, 43.74257200000001)}"
9001332621,2019,00:00.0,1401,14,BARKWOOD CRES,CLIFFWOOD RD,NULL,4,North York,17,33,Intersection,At Intersection,No Control,Clear,Daylight,Dry,Fatal,Pedestrian Collisions,D33,48,Hillcrest Village (48),"{'type': 'Point', 'coordinates': (-79.35551, 43.804576)}"
9001351159,2019,00:00.0,2240,22,DUNDAS ST W,DONNYBROOK LANE,NULL,1,Etobicoke York,2,22,Intersection,Intersection Related,No Control,Clear,"Dark, artificial",Dry,Fatal,Turning Movement,D22,15,Kingsway South (15),"{'type': 'Point', 'coordinates': (-79.524646, 43.653163)}"
9001357521,2019,00:00.0,1924,19,FINCH AVE W,JANE ST,NULL,1,Etobicoke York,7,31,Mid-Block,At/Near Private Drive,No Control,Clear,Daylight,Dry,Non-Fatal Injury,Turning Movement,D31,25,Glenfield-Jane Heights (25),"{'type': 'Point', 'coordinates': (-79.519115, 43.757003000000005)}"
9001359532,2019,00:00.0,110,1,AVENUE RD,BERNARD AVE,5 m South of,1,Toronto and East York,11,53,Intersection,Intersection Related,No Control,Clear,"Dark, artificial",Dry,Non-Fatal Injury,Pedestrian Collisions,D53,95,Annex (95),"{'type': 'Point', 'coordinates': (-79.396266, 43.67393)}"
9001359659,2019,00:00.0,135,1,BLOOR ST W,BALMUTO ST,28 m West of,1,Toronto and East York,11,NULL,Mid-Block,Non Intersection,No Control,Clear,"Dark, artificial",Dry,Non-Fatal Injury,Cyclist Collisions,D52,76,Bay Street Corridor (76),"{'type': 'Point', 'coordinates': (-79.388393, 43.669802)}"
9001365685,2019,00:00.0,2215,22,PHARMACY AVE,EGLINTON AVE E,NULL,1,Scarborough,15,53,Intersection,At Intersection,Traffic Signal,Rain,"Dark, artificial",Wet,Non-Fatal Injury,Pedestrian Collisions,D41,120,Clairlea-Birchmount (120),"{'type': 'Point', 'coordinates': (-79.297481, 43.725577)}"
9001372867,2019,00:00.0,21,0,OSSINGTON AV,BLOOR ST W,NULL,1,Toronto and East York,NULL,14,Intersection,At Intersection,Traffic Signal,Clear,"Dark, artificial",Dry,Non-Fatal Injury,Turning Movement,D14,93,Dovercourt-Wallace Emerson-Junction (93),"{'type': 'Point', 'coordinates': (-79.425625, 43.661983)}"
9001388316,2019,00:00.0,549,5,VICTORIA PARK AVE,IVORDALE CRES,NULL,1,Scarborough,NULL,NULL,Intersection,At Intersection,Stop Sign,Clear,Daylight,Dry,Non-Fatal Injury,Turning Movement,D41,119,Wexford/Maryvale (119),"{'type': 'Point', 'coordinates': (-79.314487, 43.755698)}"
9001400001,2019,00:00.0,1712,17,STEELES AVE E,LESLIE ST,500 m East of,1,North York,17,33,Mid-Block,Non Intersection,No Control,Clear,Daylight,Dry,Non-Fatal Injury,Rear End,D33,48,Hillcrest Village (48),"{'type': 'Point', 'coordinates': (-79.366481, 43.809794)}"
9001400690,2019,00:00.0,1857,18,WILSON AVE,BATHURST ST,110 m East of,1,North York,6,32,Mid-Block,At/Near Private Drive,Stop Sign,Clear,Daylight,Dry,Non-Fatal Injury,Turning Movement,D32,38,Lansing-Westgate (38),"{'type': 'Point', 'coordinates': (-79.432498, 43.737422)}"
9001401954,2019,00:00.0,2245,22,KINGSTON RD,PORT UNION RD,290 m East of,1,Scarborough,25,43,Mid-Block,At/Near Private Drive,No Control,Clear,"Dark, artificial",Dry,Non-Fatal Injury,Turning Movement,D42,131,Rouge (131),"{'type': 'Point', 'coordinates': (-79.143306, 43.800658)}"
9001407311,2019,00:00.0,1436,14,THE QUEENSWAY,VIBE RD,20 m West of,1,Etobicoke York,3,22,Intersection,At Intersection,No Control,Clear,Daylight,Dry,Non-Fatal Injury,Cyclist Collisions,D22,14,Islington-City Centre West (14),"{'type': 'Point', 'coordinates': (-79.523433, 43.621604)}"
9001407321,2019,00:00.0,1630,16,ELLESMERE RD,857 ELLESMERE RD,10 m West of,NULL,NULL,NULL,NULL,Mid-Block,Non Intersection,No Control,Clear,Daylight,Dry,Non-Fatal Injury,Rear End,D41,126,Dorset Park (126),"{'type': 'Point', 'coordinates': (-79.28252, 43.765475)}"
9001409746,2019,00:00.0,2310,23,VICTORIA PARK AVE,ELLESMERE RD,NULL,1,Scarborough,NULL,NULL,Intersection,At Intersection,Traffic Signal,Clear,"Dark, artificial",Dry,Non-Fatal Injury,Turning Movement,D41,119,Wexford/Maryvale (119),"{'type': 'Point', 'coordinates': (-79.315204, 43.757796)}"
9001417397,2019,00:00.0,148,1,FITZGIBBON AVE,LORD ROBERTS DR,85 m South of,4,Scarborough,21,41,Mid-Block,At/Near Private Drive,No Control,Clear,"Dark, artificial",Dry,Non-Fatal Injury,SMV Other,D41,138,Eglinton East (138),"{'type': 'Point', 'coordinates': (-79.261867, 43.740515)}"
9001419121,2019,00:00.0,1054,10,ISLINGTON AVE,MILLWICK DR,NULL,1,Etobicoke York,7,31,Intersection,At Intersection,Traffic Signal,Clear,Daylight,Dry,Fatal,Pedestrian Collisions,D31,21,Humber Summit (21),"{'type': 'Point', 'coordinates': (-79.571773, 43.759955)}"
9001442933,2019,00:00.0,1748,17,220 DOVERCOURT RD,NULL,NULL,2,Toronto and East York,NULL,14,Intersection,Intersection Related,No Control,Clear,Daylight,Dry,Non-Fatal Injury,Cyclist Collisions,D14,81,Trinity-Bellwoods (81),"{'type': 'Point', 'coordinates': (-79.424083, 43.647738)}"
9001420476,2019,00:00.0,1503,15,ST CLAIR AVE E,GLENBURN AVE,2 m North of,1,Toronto and East York,19,54,Intersection,At Intersection,Stop Sign,Clear,Daylight,Dry,Non-Fatal Injury,Angle,D54,54,O'Connor-Parkview (54),"{'type': 'Point', 'coordinates': (-79.298282, 43.708571)}"
9001429449,2019,00:00.0,1937,19,GERRARD ST E,CARLAW AVE,NULL,3,Toronto and East York,14,55,Intersection,At Intersection,Traffic Signal,Clear,Daylight,Dry,Non-Fatal Injury,Cyclist Collisions,D55,70,South Riverdale (70),"{'type': 'Point', 'coordinates': (-79.342769, 43.667624)}"
9001431003,2019,00:00.0,39,0,GERRARD ST W,LA PLANTE AVE,63 m East of,3,Toronto and East York,NULL,52,Intersection,Intersection Related,No Control,Rain,"Dark, artificial",Wet,Non-Fatal Injury,Pedestrian Collisions,D52,76,Bay Street Corridor (76),"{'type': 'Point', 'coordinates': (-79.385585, 43.658251)}"
9001437273,2019,00:00.0,2153,21,TRETHEWEY DR,BLACK CREEK DR,NULL,1,Etobicoke York,5,12,Intersection,At Intersection,Traffic Signal,Clear,"Dark, artificial",Dry,Non-Fatal Injury,Pedestrian Collisions,D12,112,Beechborough-Greenbrook (112),"{'type': 'Point', 'coordinates': (-79.486064, 43.694541)}"
9001441633,2019,00:00.0,1423,14,F G GARDINER XY  W,GARDINER X W 427 X N RAMP,155 m East of,8,Etobicoke York,NULL,NULL,Mid-Block,Non Intersection,No Control,Clear,Daylight,Dry,Non-Fatal Injury,Rear End,D22,20,Alderwood (20),"{'type': 'Point', 'coordinates': (-79.533878, 43.616381)}"
9001444522,2019,00:00.0,2147,21,QUEEN ST W,GLADSTONE AVE,51 m East of,1,Toronto and East York,9,14,Mid-Block,Non Intersection,No Control,Clear,"Dark, artificial",Dry,Non-Fatal Injury,Pedestrian Collisions,D14,84,Little Portugal (84),"{'type': 'Point', 'coordinates': (-79.426486, 43.642573)}"
9001460001,2019,00:00.0,2237,22,ISLINGTON AVE,BEAUMONDE HEIGHTS DR,NULL,1,Etobicoke York,1,23,Intersection,At Intersection,Traffic Signal,Clear,Dark,Dry,Fatal,Turning Movement,D23,3,Thistletown-Beaumond Heights (3),"{'type': 'Point', 'coordinates': (-79.567699, 43.742396)}"
9001462666,2019,00:00.0,917,9,WARDEN AVE,SYLLA AVE,NULL,1,Scarborough,21,41,Intersection,At Intersection,No Control,Clear,Daylight,Dry,Fatal,SMV Other,D41,119,Wexford/Maryvale (119),"{'type': 'Point', 'coordinates': (-79.301395, 43.763796)}"
9001464052,2019,00:00.0,1435,14,LAWRENCE AVE W,PIMLICO RD,NULL,1,Etobicoke York,5,12,Intersection,At Intersection,Traffic Signal,Clear,Daylight,Dry,Non-Fatal Injury,SMV Other,D12,30,Brookhaven-Amesbury (30),"{'type': 'Point', 'coordinates': (-79.482394, 43.707465)}"
8002018629,2018,00:00.0,2215,22,WILSON AVE,DUBRAY AVE,NULL,1,North York,6,31,Intersection,At Intersection,Traffic Signal,Rain,"Daylight, artificial",Wet,Non-Fatal Injury,Turning Movement,D31,26,Downsview-Roding-CFB (26),"{'type': 'Point', 'coordinates': (-79.477702, 43.728091)}"
8001806381,2018,00:00.0,310,3,BATHURST ST,FRONT ST W,NULL,1,Toronto and East York,10,14,Intersection,At Intersection,Traffic Signal,Clear,"Dark, artificial",Dry,Non-Fatal Injury,Pedestrian Collisions,D14,77,Waterfront Communities-The Island (77),"{'type': 'Point', 'coordinates': (-79.401378, 43.640677000000004)}"
8002018661,2018,00:00.0,2222,22,ALBION RD,HUMBERLINE DR,1 m South of,1,Etobicoke York,1,23,Intersection,At Intersection,Traffic Signal,Rain,Dark,Wet,Non-Fatal Injury,Pedestrian Collisions,D23,1,West Humber-Clairville (1),"{'type': 'Point', 'coordinates': (-79.621974, 43.746806)}"
9001708503,2019,00:00.0,1617,16,DIXON RD,ISLINGTON AVE,NULL,1,Etobicoke York,NULL,23,Intersection,At Intersection,Traffic Signal,Clear,Daylight,Dry,Fatal,Pedestrian Collisions,D23,6,Kingsview Village-The Westway (6),"{'type': 'Point', 'coordinates': (-79.546672, 43.696955)}"
9000449704,2019,00:00.0,44,0,DANFORTH AVE,BYNG AVE,8 m North of,1,Scarborough,20,41,Intersection,At Intersection,Traffic Signal,Clear,Dark,Dry,Non-Fatal Injury,Approaching,D41,121,Oakridge (121),"{'type': 'Point', 'coordinates': (-79.280025, 43.692969000000005)}"
8002024697,2018,00:00.0,1940,19,MCNICOLL AVE,VICTORIA PARK AVE,100 m East of,3,Scarborough,22,42,Mid-Block,Non Intersection,No Control,Clear,"Dark, artificial",Wet,Non-Fatal Injury,SMV Other,D42,116,Steeles (116),"{'type': 'Point', 'coordinates': (-79.334911, 43.804274)}"
8001812158,2018,00:00.0,600,6,STEELES AVE E,FIREBRACE RD,NULL,1,Scarborough,22,42,Intersection,At Intersection,Traffic Signal,Rain,"Dark, artificial",Wet,Non-Fatal Injury,Sideswipe,D42,116,Steeles (116),"{'type': 'Point', 'coordinates': (-79.332042, 43.817809)}"
9001709057,2019,00:00.0,1740,17,RICHMOND ST W,YONGE ST,57 m West of,1,Toronto and East York,10,52,Mid-Block,Non Intersection,No Control,Clear,Daylight,Wet,Non-Fatal Injury,Pedestrian Collisions,D52,76,Bay Street Corridor (76),"{'type': 'Point', 'coordinates': (-79.379802, 43.651427)}"
8002039812,2018,00:00.0,912,9,BIRCHMOUNT RD,ALLANFORD RD,NULL,1,Scarborough,22,42,Intersection,At Intersection,Traffic Signal,Rain,Daylight,Wet,Non-Fatal Injury,Pedestrian Collisions,D42,118,Tam O'Shanter-Sullivan (118),"{'type': 'Point', 'coordinates': (-79.295017, 43.774165)}"
9000454509,2019,00:00.0,1830,18,LAWSON RD,CENTENNIAL RD,NULL,2,Scarborough,25,43,Intersection,At Intersection,Stop Sign,Clear,Daylight,Dry,Non-Fatal Injury,Pedestrian Collisions,D43,133,Centennial Scarborough (133),"{'type': 'Point', 'coordinates': (-79.150737, 43.787409)}"
9001022166,2019,00:00.0,1936,19,LAKE SHORE BLVD W,NEWFOUNDLAND RD,NULL,1,Scarborough,10,14,Intersection,At Intersection,Traffic Signal,Clear,Daylight,Dry,Non-Fatal Injury,Cyclist Collisions,D14,82,Niagara (82),"{'type': 'Point', 'coordinates': (-79.410854, 43.63238)}"
8001812203,2018,00:00.0,622,6,THE QUEENSWAY,WINDERMERE AVE,NULL,1,Toronto and East York,4,11,Mid-Block,Non Intersection,No Control,Rain,"Daylight, artificial",Wet,Fatal,Pedestrian Collisions,D11,87,High Park-Swansea (87),"{'type': 'Point', 'coordinates': (-79.469287, 43.637206)}"
8001832356,2018,00:00.0,700,7,DUNDAS ST E,LOGAN AVE,35 m East of,3,Toronto and East York,14,55,Mid-Block,Non Intersection,No Control,Rain,Dawn,Wet,Non-Fatal Injury,Cyclist Collisions,D55,70,South Riverdale (70),"{'type': 'Point', 'coordinates': (-79.343036, 43.66408)}"
8001836170,2018,00:00.0,1630,16,5690 STEELES AVE W,NULL,425 m East of,1,Etobicoke York,1,23,Mid-Block,Non Intersection,No Control,Clear,Daylight,Dry,Non-Fatal Injury,Pedestrian Collisions,D31,21,Humber Summit (21),"{'type': 'Point', 'coordinates': (-79.560573, 43.767333)}"
8001842377,2018,00:00.0,1515,15,GERRARD ST E,COXWELL AVE,25 m East of,3,Toronto and East York,NULL,55,Intersection,At Intersection,Traffic Signal,Clear,Daylight,Dry,Non-Fatal Injury,SMV Other,D55,64,Woodbine Corridor (64),"{'type': 'Point', 'coordinates': (-79.320293, 43.675326)}"
8001843657,2018,00:00.0,1852,18,708 SCARLETT RD,NULL,LEGGETT AVE,1,Etobicoke York,2,23,Mid-Block,Non Intersection,No Control,Clear,Daylight,Dry,Fatal,Turning Movement,D23,8,Humber Heights-Westmount (8),"{'type': 'Point', 'coordinates': (-79.520099, 43.695372)}"
8001845570,2018,00:00.0,125,1,LAWRENCE AVE E,EAST AVE,NULL,2,Scarborough,25,43,Intersection,At Intersection,Traffic Signal,Clear,"Dark, artificial",Dry,Non-Fatal Injury,SMV Other,D43,131,Rouge (131),"{'type': 'Point', 'coordinates': (-79.131595, 43.780631)}"
8001846413,2018,00:00.0,635,6,VICTORIA PARK AVE,CRESCENT TOWN RD,NULL,1,Scarborough,NULL,NULL,Intersection,At Intersection,Traffic Signal,Rain,"Dawn, artificial",Wet,Non-Fatal Injury,Pedestrian Collisions,D41,121,Oakridge (121),"{'type': 'Point', 'coordinates': (-79.290447, 43.696479000000004)}"
8001848907,2018,00:00.0,1630,16,ANTIBES DR,DON LAKE GATE,15 m East of,2,North York,6,32,Intersection,Intersection Related,No Control,Clear,Daylight,Dry,Non-Fatal Injury,SMV Other,D32,35,Westminster-Branson (35),"{'type': 'Point', 'coordinates': (-79.446277, 43.780528000000004)}"
8001849626,2018,00:00.0,1850,18,KINGSTON RD,GALLOWAY RD,NULL,1,Scarborough,24,43,Intersection,At Intersection,Traffic Signal,Clear,Daylight,Dry,Non-Fatal Injury,Turning Movement,D43,136,West Hill (136),"{'type': 'Point', 'coordinates': (-79.194705, 43.761939)}"
2063243,2020,00:00.0,2331,23,THE QUEENSWAY,ISLINGTON AV,30 m South of,NULL,NULL,NULL,NULL,Mid-Block,Non Intersection,Traffic Signal,Clear,Dark,Dry,Non-Fatal Injury,SMV Other,D22,16,Stonegate-Queensway (16),"{'type': 'Point', 'coordinates': (-79.51466, 43.623325)}"
8001851733,2018,00:00.0,305,3,DON VALLEY PARKWAY  N,EASTERN AV E DVP N RAMP,80 m South of,8,Toronto and East York,NULL,NULL,Mid-Block,Non Intersection,No Control,Rain,"Dark, artificial",Wet,Non-Fatal Injury,Sideswipe,D55,70,South Riverdale (70),"{'type': 'Point', 'coordinates': (-79.351756, 43.6561)}"
8001856890,2018,00:00.0,117,1,SHEPPARD AVE E,BONNINGTON PL,NULL,1,North York,18,32,Mid-Block,Non Intersection,No Control,Clear,"Dark, artificial",Dry,Fatal,Pedestrian Collisions,D32,51,Willowdale East (51),"{'type': 'Point', 'coordinates': (-79.406253, 43.762419)}"
8001860748,2018,00:00.0,2015,20,685 QUEEN ST E,NULL,Near #685,1,Toronto and East York,14,55,Intersection,At Intersection,No Control,Clear,"Dusk, artificial",Dry,Fatal,Cyclist Collisions,D55,70,South Riverdale (70),"{'type': 'Point', 'coordinates': (-79.35094, 43.658515)}"
8001870911,2018,00:00.0,939,9,OSSINGTON AVE,COLLEGE ST,NULL,1,Toronto and East York,NULL,14,Intersection,At Intersection,Traffic Signal,Clear,Daylight,Dry,Non-Fatal Injury,Pedestrian Collisions,D14,81,Trinity-Bellwoods (81),"{'type': 'Point', 'coordinates': (-79.422664, 43.654326000000005)}"
8001881817,2018,00:00.0,2009,20,RUNNYMEDE RD,BLOOR ST W,NULL,1,Etobicoke York,4,11,Intersection,At Intersection,Traffic Controller,Clear,"Daylight, artificial",Dry,Non-Fatal Injury,Turning Movement,D11,87,High Park-Swansea (87),"{'type': 'Point', 'coordinates': (-79.47626, 43.651065)}"
8001885947,2018,00:00.0,1335,13,GERRARD ST E,LAWLOR AVE,NULL,3,Toronto and East York,19,55,Intersection,At Intersection,No Control,Clear,Daylight,Dry,Non-Fatal Injury,Pedestrian Collisions,D55,62,East End-Danforth (62),"{'type': 'Point', 'coordinates': (-79.290714, 43.685912)}"
8001918049,2018,00:00.0,1630,16,BLOOR ST W,RUNNYMEDE RD,NULL,1,Etobicoke York,4,11,Intersection,At Intersection,Traffic Controller,Clear,Daylight,Dry,Non-Fatal Injury,Cyclist Collisions,D11,87,High Park-Swansea (87),"{'type': 'Point', 'coordinates': (-79.47626, 43.651065)}"
8001891156,2018,00:00.0,907,9,BIRCHMOUNT RD,KINGSTON RD,NULL,1,Scarborough,20,41,Intersection,At Intersection,Traffic Signal,Clear,Daylight,Dry,Non-Fatal Injury,Pedestrian Collisions,D41,122,Birchcliffe-Cliffside (122),"{'type': 'Point', 'coordinates': (-79.262294, 43.692973)}"
8001903233,2018,00:00.0,1000,10,YONGE ST,CARLTON ST,132 m South of,1,Toronto and East York,NULL,NULL,Mid-Block,Non Intersection,No Control,Clear,Daylight,Wet,Non-Fatal Injury,Pedestrian Collisions,D51,75,Church-Yonge Corridor (75),"{'type': 'Point', 'coordinates': (-79.382587, 43.660144)}"
8001922622,2018,00:00.0,840,8,1491 LAKE SHORE BLVD W,NULL,900 m East of,1,Toronto and East York,4,14,Mid-Block,Non Intersection,No Control,Clear,Daylight,Dry,Non-Fatal Injury,Approaching,D14,85,South Parkdale (85),"{'type': 'Point', 'coordinates': (-79.444034, 43.636378)}"
8001923925,2018,00:00.0,1217,12,OSSINGTON AVE,NORTHUMBERLAND ST,NULL,3,Toronto and East York,NULL,14,Mid-Block,Non Intersection,No Control,Clear,Daylight,Dry,Fatal,Pedestrian Collisions,D14,93,Dovercourt-Wallace Emerson-Junction (93),"{'type': 'Point', 'coordinates': (-79.426227, 43.663294)}"
8001927322,2018,00:00.0,2208,22,GODSTONE RD,FAIRVIEW MALL DR,NULL,3,North York,17,33,Intersection,At Intersection,Traffic Signal,Clear,"Dark, artificial",Dry,Non-Fatal Injury,Pedestrian Collisions,D33,47,Don Valley Village (47),"{'type': 'Point', 'coordinates': (-79.345691, 43.779563)}"
8001928612,2018,00:00.0,630,6,BATHURST ST,BRIAR HILL AVE,11 m North of,1,North York,8,NULL,Intersection,At Intersection,Traffic Signal,Clear,"Dark, artificial",Dry,Non-Fatal Injury,Pedestrian Collisions,D53,102,Forest Hill North (102),"{'type': 'Point', 'coordinates': (-79.427013, 43.707854)}"
8001932871,2018,00:00.0,1844,18,KING ST W,DUNN AVE,NULL,1,Toronto and East York,4,14,Intersection,At Intersection,Traffic Signal,Clear,"Dark, artificial",Dry,Non-Fatal Injury,Pedestrian Collisions,D14,85,South Parkdale (85),"{'type': 'Point', 'coordinates': (-79.433238, 43.637671)}"
8001933015,2018,00:00.0,1904,19,ELLESMERE RD,MIDLAND AVE,9 m East of,1,Scarborough,21,41,Intersection,At Intersection,Traffic Signal,Clear,"Dark, artificial",Dry,Non-Fatal Injury,Pedestrian Collisions,D41,127,Bendale (127),"{'type': 'Point', 'coordinates': (-79.271076, 43.767852)}"
8001943043,2018,00:00.0,1213,12,BREMNER BLVD,LOWER SIMCOE ST,44 m East of,3,Toronto and East York,10,52,Mid-Block,Non Intersection,No Control,Clear,Daylight,Dry,Non-Fatal Injury,Turning Movement,D52,77,Waterfront Communities-The Island (77),"{'type': 'Point', 'coordinates': (-79.383289, 43.642443)}"
8001951781,2018,00:00.0,1840,18,DUNDAS ST W,WINDERMERE AVE,7 m West of,1,North York,4,11,Intersection,Intersection Related,No Control,Clear,"Dark, artificial",Dry,Non-Fatal Injury,Pedestrian Collisions,D11,89,Runnymede-Bloor West Village (89),"{'type': 'Point', 'coordinates': (-79.485881, 43.665557)}"
8001961813,2018,00:00.0,1026,10,1315 LAWRENCE AVE E,NULL,300 m East of,1,North York,16,33,Mid-Block,Non Intersection,No Control,Clear,Daylight,Dry,Non-Fatal Injury,SMV Other,D33,43,Victoria Village (43),"{'type': 'Point', 'coordinates': (-79.32373400000002, 43.740798)}"
8001963580,2018,00:00.0,1455,14,MARLEE AVE,DELL PARK AVE,NULL,3,North York,8,13,Intersection,At Intersection,No Control,Clear,Daylight,Dry,Non-Fatal Injury,Cyclist Collisions,D13,31,Yorkdale-Glen Park (31),"{'type': 'Point', 'coordinates': (-79.44586500000001, 43.71408)}"
8001966302,2018,00:00.0,2238,22,SIMCOE ST,ADELAIDE ST W,NULL,1,Toronto and East York,10,52,Intersection,At Intersection,Traffic Signal,Clear,"Dark, artificial",Dry,Non-Fatal Injury,Pedestrian Collisions,D52,76,Bay Street Corridor (76),"{'type': 'Point', 'coordinates': (-79.386577, 43.648566)}"
8001972538,2018,00:00.0,2020,20,WILFRED AVE,OLIVE AVE,20 m North of,2,North York,18,32,Intersection,Intersection Related,No Control,Clear,"Dark, artificial",Dry,Non-Fatal Injury,Pedestrian Collisions,D32,51,Willowdale East (51),"{'type': 'Point', 'coordinates': (-79.401424, 43.781642)}"
8001972979,2018,00:00.0,2209,22,BROWNS LINE,VALERMO DR,NULL,1,Etobicoke York,3,22,Intersection,At Intersection,Traffic Signal,Clear,"Dark, artificial",Dry,Non-Fatal Injury,Turning Movement,D22,20,Alderwood (20),"{'type': 'Point', 'coordinates': (-79.547092, 43.605952)}"
8001975971,2018,00:00.0,1157,11,DANFORTH AVE,BROADVIEW AVE,12 m East of,1,Toronto and East York,14,NULL,Intersection,At Intersection,Traffic Signal,Clear,Daylight,Dry,Non-Fatal Injury,Sideswipe,D55,68,North Riverdale (68),"{'type': 'Point', 'coordinates': (-79.358829, 43.676131)}"
8002196256,2018,00:00.0,1538,15,3120 STEELES AVE E,NULL,NULL,1,North York,17,33,Mid-Block,At/Near Private Drive,No Control,Clear,Daylight,Dry,Non-Fatal Injury,SMV Other,D33,48,Hillcrest Village (48),"{'type': 'Point', 'coordinates': (-79.34518, 43.814654)}"
8001993193,2018,00:00.0,535,5,ST CLAIR AVE W,OLD WESTON RD,NULL,1,Etobicoke York,9,NULL,Intersection,At Intersection,Traffic Signal,Clear,"Dark, artificial",Dry,Non-Fatal Injury,Pedestrian Collisions,D11,91,Weston-Pellam Park (91),"{'type': 'Point', 'coordinates': (-79.463008, 43.673464)}"
8002001180,2018,00:00.0,1037,10,STEELES AVE E,WARDEN AVE,NULL,1,Scarborough,22,42,Intersection,At Intersection,Traffic Signal,Clear,Daylight,Dry,Non-Fatal Injury,Cyclist Collisions,D42,116,Steeles (116),"{'type': 'Point', 'coordinates': (-79.324397, 43.81956000000001)}"
8002006621,2018,00:00.0,609,6,CARLAW AVE,LAKE SHORE BLVD E,NULL,1,Toronto and East York,14,55,Intersection,At Intersection,Traffic Signal,Rain,"Dark, artificial",Wet,Non-Fatal Injury,Pedestrian Collisions,D55,70,South Riverdale (70),"{'type': 'Point', 'coordinates': (-79.337398, 43.654887)}"