ACCNUM,YEAR,DATE,TIME,HOUR,STREET1,STREET2,OFFSET,ROAD_CLASS,DISTRICT,WARDNUM,DIVISION,LOCCOORD,ACCLOC,TRAFFCTL,VISIBILITY,LIGHT,RDSFCOND,ACCLASS,IMPACTYPE,POLICE_DIVISION,HOOD_ID,NEIGHBOURHOOD,geometry
8002006909,2018,00:00.0,727,7,DUNDAS ST E,SHERBOURNE ST,17 m West of,1,Scarborough,13,51,Intersection,Intersection Related,No Control,Rain,Dark,Wet,Non-Fatal Injury,Pedestrian Collisions,D51,73,Moss Park (73),"{'type': 'Point', 'coordinates': (-79.37099, 43.658221)}"
9001711653,2019,00:00.0,17,0,LAWRENCE AVE E,UNDERHILL DR,NULL,1,North York,16,33,Intersection,At Intersection,Traffic Signal,Clear,Dark,Dry,Fatal,Turning Movement,D33,43,Victoria Village (43),"{'type': 'Point', 'coordinates': (-79.324664, 43.740718)}"
9000456825,2019,00:00.0,555,5,STEELES AVE E,SEWELLS RD,159 m West of,3,Scarborough,25,42,Mid-Block,Non Intersection,No Control,Clear,Dark,Ice,Non-Fatal Injury,Approaching,D42,131,Rouge (131),"{'type': 'Point', 'coordinates': (-79.211932, 43.845545)}"
9000457599,2019,00:00.0,915,9,ROYAL YORK RD,KINGSGROVE BLVD,23 m North of,3,Etobicoke York,3,22,Intersection,Intersection Related,No Control,Clear,Daylight,Dry,Non-Fatal Injury,Approaching,D22,15,Kingsway South (15),"{'type': 'Point', 'coordinates': (-79.514003, 43.653449)}"
9000460326,2019,00:00.0,1650,16,BAY ST,RICHMOND ST W,NULL,1,Toronto and East York,NULL,52,Intersection,At Intersection,Traffic Signal,Clear,Daylight,Dry,Non-Fatal Injury,Pedestrian Collisions,D52,76,Bay Street Corridor (76),"{'type': 'Point', 'coordinates': (-79.38129, 43.651099)}"
9000461892,2019,00:00.0,2128,21,BATHURST ST,DUNDAS ST W,3 m West of,1,Toronto and East York,NULL,14,Intersection,At Intersection,Traffic Signal,Clear,"Dark, artificial",Dry,Non-Fatal Injury,Pedestrian Collisions,D14,78,Kensington-Chinatown (78),"{'type': 'Point', 'coordinates': (-79.405978, 43.652239)}"
9000475774,2019,00:00.0,2246,22,MCCOWAN RD,ALTON TOWERS CRCL,14 m North of,1,Scarborough,23,42,Intersection,Intersection Related,No Control,Rain,"Dark, artificial",Wet,Non-Fatal Injury,Pedestrian Collisions,D42,130,Milliken (130),"{'type': 'Point', 'coordinates': (-79.275867, 43.826819)}"
9000481898,2019,00:00.0,2155,21,BAY ST,WELLINGTON ST W,NULL,1,Toronto and East York,NULL,52,Intersection,At Intersection,Traffic Signal,Clear,"Dark, artificial",Wet,Non-Fatal Injury,Pedestrian Collisions,D52,76,Bay Street Corridor (76),"{'type': 'Point', 'coordinates': (-79.379688, 43.64726100000001)}"
9000483734,2019,00:00.0,630,6,KING ST E,PARLIAMENT ST,36 m West of,1,Toronto and East York,13,51,Mid-Block,Non Intersection,No Control,Clear,"Dark, artificial",Dry,Non-Fatal Injury,SMV Other,D51,73,Moss Park (73),"{'type': 'Point', 'coordinates': (-79.363742, 43.65232)}"
9000490113,2019,00:00.0,914,9,DANFORTH AVE,JONES AVE,NULL,1,Toronto and East York,14,NULL,Intersection,At Intersection,Traffic Signal,Clear,Daylight,Dry,Non-Fatal Injury,Pedestrian Collisions,D55,69,Blake-Jones (69),"{'type': 'Point', 'coordinates': (-79.340137, 43.679801)}"
9000492756,2019,00:00.0,1545,15,LESLIE ST,FINCH AVE E,NULL,1,North York,17,33,Intersection,At Intersection,Traffic Signal,Clear,Daylight,Dry,Non-Fatal Injury,Pedestrian Collisions,D33,47,Don Valley Village (47),"{'type': 'Point', 'coordinates': (-79.36803, 43.789939)}"
9000494467,2019,00:00.0,2016,20,EDWARD ST,BAY ST,25 m East of,2,Toronto and East York,11,52,Mid-Block,Non Intersection,No Control,Clear,"Dark, artificial",Dry,Non-Fatal Injury,Cyclist Collisions,D52,76,Bay Street Corridor (76),"{'type': 'Point', 'coordinates': (-79.38286900000001, 43.656611)}"
9000505193,2019,00:00.0,1222,12,NORTH QUEEN ST,MEDULLA AVE,NULL,3,Etobicoke York,3,22,Intersection,At Intersection,No Control,Clear,Daylight,Dry,Non-Fatal Injury,Pedestrian Collisions,D22,14,Islington-City Centre West (14),"{'type': 'Point', 'coordinates': (-79.54542100000002, 43.621302)}"
9000507586,2019,00:00.0,1822,18,BLOOR ST W,AVENUE RD,43 m East of,1,Toronto and East York,11,NULL,Mid-Block,Non Intersection,No Control,Clear,Daylight,Dry,Non-Fatal Injury,Turning Movement,D52,76,Bay Street Corridor (76),"{'type': 'Point', 'coordinates': (-79.393413, 43.668784)}"
9000524060,2019,00:00.0,330,3,SHEPPARD AVE W,SUNFIELD RD,NULL,1,North York,6,31,Intersection,At Intersection,Stop Sign,Other,Other,NULL,Fatal,Turning Movement,D31,26,Downsview-Roding-CFB (26),"{'type': 'Point', 'coordinates': (-79.492511, 43.743407)}"
9000525520,2019,00:00.0,1112,11,EGLINTON AVE W,MARTIN GROVE RD,NULL,1,Etobicoke York,NULL,NULL,Intersection,At Intersection,Traffic Signal,Clear,Daylight,Dry,Non-Fatal Injury,Rear End,D22,10,Princess-Rosethorn (10),"{'type': 'Point', 'coordinates': (-79.563129, 43.674407)}"
9000528494,2019,00:00.0,1950,19,BREADALBANE ST,BAY ST,54 m East of,4,Toronto and East York,13,52,Mid-Block,At/Near Private Drive,No Control,Clear,Daylight,Dry,Non-Fatal Injury,Cyclist Collisions,D52,76,Bay Street Corridor (76),"{'type': 'Point', 'coordinates': (-79.385959, 43.663443)}"
9000535271,2019,00:00.0,2235,22,KEELE ST,WILSON AVE,20 m North of,1,North York,6,31,Intersection,At Intersection,Traffic Signal,Clear,"Dark, artificial",Dry,Non-Fatal Injury,Turning Movement,D31,26,Downsview-Roding-CFB (26),"{'type': 'Point', 'coordinates': (-79.482028, 43.726569)}"
9000541174,2019,00:00.0,1900,19,DREWRY AVE,CHELMSFORD AVE,10 m North of,3,North York,18,32,Intersection,At Intersection,No Control,Clear,Daylight,Dry,Non-Fatal Injury,Pedestrian Collisions,D32,36,Newtonbrook West (36),"{'type': 'Point', 'coordinates': (-79.436504, 43.782813)}"
9000544201,2019,00:00.0,930,9,UNIVERSITY AVE,EDWARD ST,NULL,1,Toronto and East York,11,52,Intersection,At Intersection,Stop Sign,Clear,Daylight,Dry,Non-Fatal Injury,Angle,D52,76,Bay Street Corridor (76),"{'type': 'Point', 'coordinates': (-79.388561, 43.655394)}"
9000563702,2019,00:00.0,630,6,BLOOR  ST E,SHERBOURNE ST,NULL,1,Toronto and East York,NULL,NULL,Intersection,At Intersection,Traffic Signal,Other,Other,Other,Fatal,Pedestrian Collisions,D51,74,North St.James Town (74),"{'type': 'Point', 'coordinates': (-79.376811, 43.672286)}"
9000568934,2019,00:00.0,2022,20,BAYVIEW AVE,ROSEDALE VALLEY RD,NULL,1,Toronto and East York,NULL,51,Intersection,At Intersection,Traffic Signal,Clear,Daylight,Dry,Non-Fatal Injury,Turning Movement,D51,71,Cabbagetown-South St.James Town (71),"{'type': 'Point', 'coordinates': (-79.360111, 43.670127)}"
9000570843,2019,00:00.0,352,3,2747 ST CLAIR AVE E,NULL,50 m West of,1,Toronto and East York,19,54,Mid-Block,Non Intersection,No Control,Clear,"Dark, artificial",Dry,Non-Fatal Injury,SMV Other,D54,54,O'Connor-Parkview (54),"{'type': 'Point', 'coordinates': (-79.308681, 43.706233)}"
9000583629,2019,00:00.0,848,8,QUEEN ST E,CARROLL ST,13 m East of,1,Toronto and East York,14,55,Intersection,At Intersection,Pedestrian Crossover,Clear,Daylight,Dry,Non-Fatal Injury,Pedestrian Collisions,D55,70,South Riverdale (70),"{'type': 'Point', 'coordinates': (-79.35219900000001, 43.658259)}"
9000588881,2019,00:00.0,2343,23,MCCOWAN RD,ELLESMERE RD,NULL,1,Scarborough,NULL,43,Intersection,At Intersection,Traffic Signal,Clear,"Dark, artificial",Dry,Non-Fatal Injury,Pedestrian Collisions,D43,137,Woburn (137),"{'type': 'Point', 'coordinates': (-79.25146, 43.772071)}"
9000589078,2019,00:00.0,55,0,STEELES AVE E,ASPENWOOD DR,65 m East of,1,North York,17,33,Mid-Block,Non Intersection,No Control,Clear,Dark,Dry,Non-Fatal Injury,Pedestrian Collisions,D33,48,Hillcrest Village (48),"{'type': 'Point', 'coordinates': (-79.366664, 43.809756)}"
9000618194,2019,00:00.0,907,9,SCOTTFIELD DR,FINCH AVE E,NULL,1,Scarborough,23,42,Intersection,At Intersection,Traffic Signal,Clear,Daylight,Dry,Fatal,Pedestrian Collisions,D42,129,Agincourt North (129),"{'type': 'Point', 'coordinates': (-79.252879, 43.810782)}"
9000618680,2019,00:00.0,1041,10,VICTORIA PARK AVE,FINCH AVE E,20 metres north,1,North York,NULL,NULL,Intersection,Intersection Related,Traffic Signal,Clear,Daylight,Dry,Fatal,Approaching,D42,117,L'Amoreaux (117),"{'type': 'Point', 'coordinates': (-79.331371, 43.793036)}"
9000625223,2019,00:00.0,1113,11,THE WEST MALL,CIVIC CENTRE CRT,8 m North of,3,Etobicoke York,2,22,Intersection,At Intersection,Traffic Signal,Clear,Daylight,Dry,Non-Fatal Injury,SMV Other,D22,13,Etobicoke West Mall (13),"{'type': 'Point', 'coordinates': (-79.565959, 43.642176)}"
9000625948,2019,00:00.0,1330,13,PORT UNION RD,CONFERENCE BLVD,4 m  of,3,Scarborough,25,43,Intersection,At Intersection,Traffic Signal,Clear,Daylight,Dry,Non-Fatal Injury,Pedestrian Collisions,D43,131,Rouge (131),"{'type': 'Point', 'coordinates': (-79.139377, 43.786063)}"
9000637791,2019,00:00.0,853,8,JANE ST,EGLINTON AVE W,68 m North of,1,Etobicoke York,5,12,Mid-Block,Non Intersection,No Control,Clear,Daylight,Dry,Non-Fatal Injury,Pedestrian Collisions,D12,115,Mount Dennis (115),"{'type': 'Point', 'coordinates': (-79.499263, 43.685877)}"
9000638923,2019,00:00.0,1132,11,ST CLAIR AVE W,YONGE ST,NULL,1,Toronto and East York,12,53,Intersection,At Intersection,Traffic Signal,Clear,Daylight,Dry,Non-Fatal Injury,Pedestrian Collisions,D53,98,Rosedale-Moore Park (98),"{'type': 'Point', 'coordinates': (-79.394099, 43.68801)}"
9000663260,2019,00:00.0,1515,15,QUEEN ST W,SHAW ST,30 m West of,1,Toronto and East York,10,14,Intersection,At Intersection,Traffic Signal,Clear,Daylight,Dry,Non-Fatal Injury,Cyclist Collisions,D14,82,Niagara (82),"{'type': 'Point', 'coordinates': (-79.416263, 43.644652)}"
9000650063,2019,00:00.0,2138,21,DANFORTH RD,TRUDELLE ST,50 m North of,1,Scarborough,21,43,Mid-Block,At/Near Private Drive,No Control,Clear,"Dark, artificial",Dry,Non-Fatal Injury,Turning Movement,D43,138,Eglinton East (138),"{'type': 'Point', 'coordinates': (-79.245509, 43.74047)}"
8002043584,2018,00:00.0,1855,18,DUFFERIN ST,WINGOLD AVE,15 m South of,1,North York,8,13,Intersection,Intersection Related,No Control,Clear,"Dark, artificial",Wet,Non-Fatal Injury,Pedestrian Collisions,D13,31,Yorkdale-Glen Park (31),"{'type': 'Point', 'coordinates': (-79.452434, 43.703753)}"
9001714515,2019,00:00.0,1244,12,LAKE PROMENADE,CRYSTAL CRES,20 m West of,4,Etobicoke York,NULL,NULL,Intersection,Intersection Related,No Control,Clear,Daylight,Dry,Non-Fatal Injury,Cyclist Collisions,D22,19,Long Branch (19),"{'type': 'Point', 'coordinates': (-79.526683, 43.590289)}"
9001042474,2019,00:00.0,1550,15,3 DREWRY AVE,NULL,25 m West of YONGE ST,3,North York,18,32,Intersection,At/Near Private Drive,Traffic Signal,Clear,Daylight,Dry,Non-Fatal Injury,Pedestrian Collisions,D32,50,Newtonbrook East (50),"{'type': 'Point', 'coordinates': (-79.417323, 43.786997)}"
9001718859,2019,00:00.0,106,1,KING ST W,PORTLAND ST,5 m West of,1,Toronto and East York,10,14,Intersection,At Intersection,Traffic Signal,Clear,Dark,Dry,Non-Fatal Injury,Cyclist Collisions,D14,77,Waterfront Communities-The Island (77),"{'type': 'Point', 'coordinates': (-79.400058, 43.644381)}"
8002051381,2018,00:00.0,2315,23,STEELES AVE W,ALNESS ST,NULL,1,North York,6,32,Intersection,At Intersection,Traffic Signal,Rain,"Dark, artificial",Wet,Non-Fatal Injury,Cyclist Collisions,D32,27,York University Heights (27),"{'type': 'Point', 'coordinates': (-79.481014, 43.784629)}"
8002056791,2018,00:00.0,1850,18,MIDDLEFIELD RD,ARBOR LOW GT,20 m North of,3,Scarborough,23,42,Intersection,Intersection Related,No Control,Clear,"Dark, artificial",Dry,Non-Fatal Injury,Pedestrian Collisions,D42,130,Milliken (130),"{'type': 'Point', 'coordinates': (-79.258502, 43.811759)}"
8002061586,2018,00:00.0,1400,14,LA ROSE AVE,ROYAL YORK RD,NULL,3,Etobicoke York,2,23,Intersection,At Intersection,Traffic Signal,Clear,"Daylight, artificial",Dry,Non-Fatal Injury,Pedestrian Collisions,D23,8,Humber Heights-Westmount (8),"{'type': 'Point', 'coordinates': (-79.52737, 43.68408500000001)}"
8002063591,2018,00:00.0,1900,19,LOWTHER AVE,SPADINA RD,NULL,3,Toronto and East York,11,NULL,Intersection,At Intersection,Traffic Signal,Clear,Dark,Dry,Non-Fatal Injury,Cyclist Collisions,D53,95,Annex (95),"{'type': 'Point', 'coordinates': (-79.404735, 43.668891)}"
8002065935,2018,00:00.0,650,6,ELLESMERE RD,BIRCHMOUNT RD,NULL,1,Scarborough,21,41,Mid-Block,Non Intersection,No Control,Clear,"Dawn, artificial",Dry,Fatal,Pedestrian Collisions,D41,119,Wexford/Maryvale (119),"{'type': 'Point', 'coordinates': (-79.291911, 43.763205)}"
8002080527,2018,00:00.0,1420,14,235 POPLAR RD,NULL,30 m North of,2,Scarborough,24,43,Intersection,Intersection Related,No Control,Clear,"Daylight, artificial",Dry,Non-Fatal Injury,Pedestrian Collisions,D43,136,West Hill (136),"{'type': 'Point', 'coordinates': (-79.191051, 43.765837)}"
8002088057,2018,00:00.0,1754,17,WESTON RD,LAWRENCE AVE W,NULL,1,Etobicoke York,5,12,Intersection,At Intersection,Traffic Signal,Clear,Dark,Dry,Non-Fatal Injury,Pedestrian Collisions,D12,113,Weston (113),"{'type': 'Point', 'coordinates': (-79.516155, 43.700087)}"
8002088211,2018,00:00.0,1822,18,ELLESMERE  RD,NEILSON  RD,NULL,1,Scarborough,24,43,Mid-Block,Non Intersection,No Control,Clear,"Dark, artificial",Dry,Fatal,Pedestrian Collisions,D43,135,Morningside (135),"{'type': 'Point', 'coordinates': (-79.202258, 43.783148)}"
8002097783,2018,00:00.0,827,8,KEELE ST,FOUR WINDS DR,NULL,1,North York,NULL,31,Intersection,At Intersection,Traffic Signal,Clear,Daylight,Dry,Non-Fatal Injury,Pedestrian Collisions,D31,27,York University Heights (27),"{'type': 'Point', 'coordinates': (-79.49161100000002, 43.765643)}"
8002098708,2018,00:00.0,1107,11,YORK MILLS RD,SCARSDALE RD,NULL,1,North York,16,33,Intersection,At Intersection,Traffic Signal,Clear,Daylight,Dry,Non-Fatal Injury,Pedestrian Collisions,D33,42,Banbury-Don Mills (42),"{'type': 'Point', 'coordinates': (-79.357456, 43.753421)}"
8002111291,2018,00:00.0,1011,10,BRUCEWOOD CRES,COVINGTON RD,4 m South of,2,North York,8,32,Intersection,At Intersection,Stop Sign,Snow,Daylight,Slush,Non-Fatal Injury,Pedestrian Collisions,D32,32,Englemount-Lawrence (32),"{'type': 'Point', 'coordinates': (-79.433635, 43.720133)}"
8002114840,2018,00:00.0,2016,20,STEELES AVE E,BAYVIEW AVE,NULL,1,North York,NULL,NULL,Intersection,At Intersection,Traffic Signal,Snow,"Dark, artificial",Wet,Non-Fatal Injury,Pedestrian Collisions,D33,49,Bayview Woods-Steeles (49),"{'type': 'Point', 'coordinates': (-79.39619, 43.803198)}"
8002128352,2018,00:00.0,617,6,MCCOWAN RD,ALTON TOWERS CRCL,NULL,1,Scarborough,23,42,Intersection,At Intersection,Traffic Signal,Clear,Dark,Dry,Non-Fatal Injury,Pedestrian Collisions,D42,130,Milliken (130),"{'type': 'Point', 'coordinates': (-79.273952, 43.822432)}"
8002129020,2018,00:00.0,847,8,WALPOLE AVE,GLENSIDE AVE,9 m West of,2,Toronto and East York,14,55,Intersection,At Intersection,Stop Sign,Clear,Daylight,Dry,Non-Fatal Injury,Pedestrian Collisions,D55,65,Greenwood-Coxwell (65),"{'type': 'Point', 'coordinates': (-79.327205, 43.674464)}"
8002130924,2018,00:00.0,1353,13,828 DUNDAS ST W,NULL,26 m East of,1,Toronto East York,NULL,14,Intersection,Intersection Related,No Control,Clear,Daylight,Dry,Non-Fatal Injury,SMV Other,D14,81,Trinity-Bellwoods (81),"{'type': 'Point', 'coordinates': (-79.409694, 43.65148)}"
8002132961,2018,00:00.0,1837,18,ST CLAIR AVE W,WINONA DR,NULL,1,Etobicoke York,NULL,13,Intersection,At Intersection,Traffic Controller,Clear,"Dark, artificial",Dry,Non-Fatal Injury,Pedestrian Collisions,D13,94,Wychwood (94),"{'type': 'Point', 'coordinates': (-79.43246, 43.680205)}"
8002134677,2018,00:00.0,130,1,MCCOWAN RD,LAWRENCE AVE E,50 m South of,1,Scarborough,21,43,Mid-Block,Non Intersection,No Control,Clear,"Dark, artificial",Dry,Non-Fatal Injury,Pedestrian Collisions,D43,127,Bendale (127),"{'type': 'Point', 'coordinates': (-79.245265, 43.75495)}"
8002138681,2018,00:00.0,1606,16,DUFFERIN ST,STEEPROCK DR,52 m North of,1,North York,6,32,Mid-Block,Non Intersection,No Control,Clear,"Dusk, artificial",Dry,Non-Fatal Injury,Pedestrian Collisions,D32,34,Bathurst Manor (34),"{'type': 'Point', 'coordinates': (-79.465358, 43.761832)}"
8002139374,2018,00:00.0,1804,18,665 LAWRENCE AVE W,NULL,NULL,1,North York,8,NULL,Intersection,At Intersection,Traffic Signal,Clear,"Dark, artificial",Dry,Fatal,Pedestrian Collisions,D13,31,Yorkdale-Glen Park (31),"{'type': 'Point', 'coordinates': (-79.444942, 43.715853)}"
8002144295,2018,00:00.0,1306,13,EGLINTON  AVE W,WESTON RD,30 m East of,1,Etobicoke York,5,12,Intersection,Intersection Related,No Control,Clear,Daylight,Loose Sand or Gravel,Non-Fatal Injury,Sideswipe,D12,115,Mount Dennis (115),"{'type': 'Point', 'coordinates': (-79.48949000000002, 43.686923)}"
8002146919,2018,00:00.0,1952,19,DANFORTH RD,KENNEDY RD,NULL,3,Scarborough,20,41,Intersection,At Intersection,Traffic Signal,Clear,Dark,Wet,Non-Fatal Injury,Pedestrian Collisions,D41,120,Clairlea-Birchmount (120),"{'type': 'Point', 'coordinates': (-79.260837, 43.714774)}"
8002149511,2018,00:00.0,900,9,STEELES AVE E,SILVER STAR BLVD,3 m  of,1,Scarborough,22,42,Intersection,At Intersection,Traffic Signal,Clear,Daylight,Dry,Non-Fatal Injury,Cyclist Collisions,D42,130,Milliken (130),"{'type': 'Point', 'coordinates': (-79.300037, 43.825247)}"
8002159261,2018,00:00.0,1739,17,DUNDALK DR,GLAMORGAN AVE,30 m South of,2,Scarborough,21,41,Mid-Block,Non Intersection,No Control,Clear,Daylight,Dry,Non-Fatal Injury,Pedestrian Collisions,D41,126,Dorset Park (126),"{'type': 'Point', 'coordinates': (-79.285014, 43.767878)}"
8002165186,2018,00:00.0,1731,17,WARDEN AVE,HUNTINGWOOD DR,NULL,1,Scarborough,22,42,Intersection,At Intersection,Traffic Signal,Rain,"Dark, artificial",Wet,Non-Fatal Injury,Pedestrian Collisions,D42,118,Tam O'Shanter-Sullivan (118),"{'type': 'Point', 'coordinates': (-79.310916, 43.785407)}"
8002165675,2018,00:00.0,1855,18,KING ST E,SACKVILLE ST,NULL,1,Toronto and East York,13,51,Intersection,At Intersection,Pedestrian Crossover,Rain,"Dark, artificial",Wet,Non-Fatal Injury,Pedestrian Collisions,D51,73,Moss Park (73),"{'type': 'Point', 'coordinates': (-79.360309, 43.654338)}"
8002171142,2018,00:00.0,1750,17,BELLAMY RD N,CEDAR BRAE BLVD,NULL,3,Scarborough,21,43,Intersection,At Intersection,Stop Sign,Clear,"Dark, artificial",Dry,Fatal,Pedestrian Collisions,D43,138,Eglinton East (138),"{'type': 'Point', 'coordinates': (-79.23257800000002, 43.74153400000001)}"
8002177170,2018,00:00.0,1651,16,EDWARD ST,BAY ST,150 m East of,2,Toronto and East York,11,52,Mid-Block,Non Intersection,No Control,Rain,"Dark, artificial",Wet,Non-Fatal Injury,Pedestrian Collisions,D52,76,Bay Street Corridor (76),"{'type': 'Point', 'coordinates': (-79.382831, 43.656603)}"
8002190612,2018,00:00.0,1812,18,DON MILLS RD,DVP S DON MILLS RD N RAMP,15 m South of,1,Toronto and East York,14,54,Mid-Block,Non Intersection,No Control,Clear,Dark,Dry,Non-Fatal Injury,Approaching,D54,58,Old East York (58),"{'type': 'Point', 'coordinates': (-79.335933, 43.702132)}"
8002192666,2018,00:00.0,253,2,MCNICOLL AVE,MARKHAM RD,39 m East of,3,North York,23,42,Mid-Block,Non Intersection,No Control,Clear,"Dark, artificial",Dry,Non-Fatal Injury,SMV Other,D42,131,Rouge (131),"{'type': 'Point', 'coordinates': (-79.246722, 43.824164)}"
9001044395,2019,00:00.0,2124,21,SHEPPARD AVE W,GODDARD ST,NULL,1,North York,6,32,Intersection,At Intersection,Traffic Signal,Clear,Dark,Dry,Fatal,Turning Movement,D32,33,Clanton Park (33),"{'type': 'Point', 'coordinates': (-79.448032, 43.753451000000005)}"
9001722454,2019,00:00.0,1515,15,STEELES AVE E,MOUNTCASTLE GT,NULL,1,Scarborough,22,42,Intersection,At Intersection,Traffic Signal,Clear,Daylight,Dry,Non-Fatal Injury,Turning Movement,D42,116,Steeles (116),"{'type': 'Point', 'coordinates': (-79.320415, 43.820498)}"
9001051544,2019,00:00.0,1925,19,DANFORTH AVE,COXWELL AVE,60 m North of,1,Toronto and East York,NULL,NULL,Mid-Block,Non Intersection,No Control,Clear,"Daylight, artificial",Dry,Non-Fatal Injury,Pedestrian Collisions,D55,64,Woodbine Corridor (64),"{'type': 'Point', 'coordinates': (-79.322536, 43.683478)}"
9001778423,2019,00:00.0,1016,10,BRIMLEY RD,HEATHER RD,NULL,1,Scarborough,23,42,Intersection,At Intersection,Traffic Signal,Clear,Daylight,Dry,Non-Fatal Injury,Approaching,D42,129,Agincourt North (129),"{'type': 'Point', 'coordinates': (-79.269923, 43.790507)}"
9001729898,2019,00:00.0,1605,16,LAWRENCE AVE W,AVENUE RD,NULL,1,North York,8,NULL,Intersection,At Intersection,Traffic Signal,Clear,Daylight,Dry,Non-Fatal Injury,Turning Movement,D53,39,Bedford Park-Nortown (39),"{'type': 'Point', 'coordinates': (-79.415569, 43.722186)}"
9001731704,2019,00:00.0,2043,20,EGLINTON AVE W,CHILTERN HILL RD,NULL,1,Toronto and East York,NULL,13,Intersection,At Intersection,Stop Sign,Clear,Dark,Dry,Non-Fatal Injury,Turning Movement,D13,106,Humewood-Cedarvale (106),"{'type': 'Point', 'coordinates': (-79.427722, 43.700457)}"
1064375,2020,00:00.0,2201,22,DANFORTH AV,BARRINGTON AV,27 m West of,NULL,NULL,NULL,NULL,Mid-Block,Non Intersection,No Control,Clear,Dark,Dry,Non-Fatal Injury,Rear End,D55,62,East End-Danforth (62),"{'type': 'Point', 'coordinates': (-79.300846, 43.688377)}"
9001733746,2019,00:00.0,740,7,19 FOUR WINDS DR,NULL,90 m East of,2,Etobicoke York,7,31,Mid-Block,Non Intersection,No Control,Clear,Daylight,Dry,Non-Fatal Injury,Pedestrian Collisions,D31,27,York University Heights (27),"{'type': 'Point', 'coordinates': (-79.498958, 43.763919)}"
9001734593,2019,00:00.0,959,9,YONGE ST,ERSKINE AVE,NULL,1,North York,NULL,53,Intersection,At Intersection,No Control,Clear,Daylight,Dry,Fatal,Pedestrian Collisions,D53,104,Mount Pleasant West (104),"{'type': 'Point', 'coordinates': (-79.399272, 43.711005)}"
9001746758,2019,00:00.0,2056,20,JANE ST,GRANDRAVINE DR,NULL,1,North York,7,31,Intersection,At Intersection,Traffic Signal,Rain,"Dark, artificial",Wet,Non-Fatal Injury,Pedestrian Collisions,D31,25,Glenfield-Jane Heights (25),"{'type': 'Point', 'coordinates': (-79.515086, 43.747023)}"
9001749979,2019,00:00.0,1055,10,BURNHAMTHORPE RD,THE WEST MALL,NULL,1,Etobicoke York,2,22,Intersection,At Intersection,Traffic Signal,Clear,Daylight,Dry,Non-Fatal Injury,Angle,D22,13,Etobicoke West Mall (13),"{'type': 'Point', 'coordinates': (-79.567203, 43.64448)}"
9001753960,2019,00:00.0,2103,21,MARTIN GROVE RD,EGLINTON AVE W,NULL,1,Etobicoke York,NULL,NULL,Intersection,At Intersection,Traffic Signal,Clear,"Dark, artificial",Dry,Non-Fatal Injury,Cyclist Collisions,D22,10,Princess-Rosethorn (10),"{'type': 'Point', 'coordinates': (-79.563129, 43.674407)}"
9001759607,2019,00:00.0,1640,16,LAKE SHORE BLVD W,LOWER SIMCOE ST,24 m East of,8,Etobicoke York,10,52,Intersection,Intersection Related,Traffic Signal,Clear,Daylight,Dry,Non-Fatal Injury,Pedestrian Collisions,D52,77,Waterfront Communities-The Island (77),"{'type': 'Point', 'coordinates': (-79.38317400000001, 43.640330000000006)}"
1210091,2011,00:00.0,513,5,SPADINA RD,DUPONT ST,NULL,1,Toronto and East York,11,NULL,Intersection,At Intersection,Traffic Signal,Clear,Dark,Wet,Non-Fatal Injury,Cyclist Collisions,D53,95,Annex (95),"{'type': 'Point', 'coordinates': (-79.40709000000001, 43.674845)}"
1210132,2011,00:00.0,105,1,MCCOWAN RD,ELLESMERE RD,NULL,1,Scarborough,NULL,43,Intersection,At Intersection,Traffic Signal,Clear,Dark,Dry,Non-Fatal Injury,Turning Movement,D43,137,Woburn (137),"{'type': 'Point', 'coordinates': (-79.25149, 43.772145)}"
1219581,2011,00:00.0,1640,16,DUFFERIN ST,PRESTON RD,NULL,1,Toronto and East York,NULL,13,Intersection,NULL,No Control,Clear,Dusk,Dry,Non-Fatal Injury,Approaching,D13,107,Oakwood Village (107),"{'type': 'Point', 'coordinates': (-79.44829, 43.691045)}"
1219697,2011,00:00.0,1007,10,DUPONT ST,CHRISTIE ST,NULL,1,Toronto and East York,11,14,Intersection,At Intersection,Traffic Signal,Clear,Daylight,Dry,Non-Fatal Injury,Pedestrian Collisions,D14,95,Annex (95),"{'type': 'Point', 'coordinates': (-79.42149, 43.671645)}"
1219857,2011,00:00.0,1639,16,KENNEDY RD,CARDWELL AVE,NULL,1,Scarborough,22,42,Intersection,At Intersection,Traffic Signal,Clear,Dark,Wet,Non-Fatal Injury,Pedestrian Collisions,D42,128,Agincourt South-Malvern West (128),"{'type': 'Point', 'coordinates': (-79.28949, 43.785745)}"