ACCNUM,YEAR,DATE,TIME,HOUR,STREET1,STREET2,OFFSET,ROAD_CLASS,DISTRICT,WARDNUM,DIVISION,LOCCOORD,ACCLOC,TRAFFCTL,VISIBILITY,LIGHT,RDSFCOND,ACCLASS,IMPACTYPE,POLICE_DIVISION,HOOD_ID,NEIGHBOURHOOD,geometry
1272453,2011,00:00.0,1425,14,VICTORIA PARK Aven,PARKWOODS VILLAGE Driv,NULL,1,North York,NULL,NULL,Intersection,At Intersection,Traffic Signal,Clear,Daylight,Wet,Non-Fatal Injury,Turning Movement,D33,119,Wexford/Maryvale (119),"{'type': 'Point', 'coordinates': (-79.31529, 43.757845)}"
1253623,2011,00:00.0,1316,13,STEELES AVE W,STEINWAY BLVD,NULL,1,Etobicoke York,1,23,Mid-Block,NULL,No Control,Clear,Daylight,Dry,Fatal,Turning Movement,D23,1,West Humber-Clairville (1),"{'type': 'Point', 'coordinates': (-79.62099, 43.753945)}"
1268545,2011,00:00.0,1235,12,EGLINTON AVE E,FORMAN AVE,NULL,1,North York,15,53,Intersection,At Intersection,Traffic Signal,Clear,Daylight,Dry,Non-Fatal Injury,Pedestrian Collisions,D53,99,Mount Pleasant East (99),"{'type': 'Point', 'coordinates': (-79.38619, 43.709145)}"
1253770,2011,00:00.0,1355,13,LUMSDEN AVE,OAK PARK AVE,NULL,3,Toronto and East York,19,54,Intersection,At Intersection,Stop Sign,Clear,Daylight,Dry,Non-Fatal Injury,Pedestrian Collisions,D54,60,Woodbine-Lumsden (60),"{'type': 'Point', 'coordinates': (-79.310367, 43.693915)}"
1268039,2011,00:00.0,2040,20,BRIMLEY RD,PROGRESS AVE,NULL,1,Scarborough,21,NULL,Intersection,NULL,Traffic Signal,Clear,Dark,Dry,Non-Fatal Injury,Turning Movement,D41,127,Bendale (127),"{'type': 'Point', 'coordinates': (-79.26319, 43.775245)}"
1260139,2011,00:00.0,1050,10,ELLESMERE RD,MCCOWAN RD,NULL,1,Scarborough,NULL,43,Intersection,At Intersection,Traffic Signal,Clear,Daylight,Dry,Non-Fatal Injury,Angle,D43,137,Woburn (137),"{'type': 'Point', 'coordinates': (-79.25149, 43.772145)}"
1260151,2011,00:00.0,1742,17,WRIGHT AVE,SAM FRUSTAGLIO DR,NULL,4,Etobicoke York,5,12,Intersection,At Intersection,No Control,Clear,"Daylight, artificial",Dry,Non-Fatal Injury,SMV Other,D12,113,Weston (113),"{'type': 'Point', 'coordinates': (-79.50899000000001, 43.699345)}"
1250852,2011,00:00.0,1905,19,WILLOWDALE AVE,PARKVIEW AVE,NULL,3,North York,18,32,Intersection,At Intersection,Stop Sign,Clear,Daylight,Dry,Non-Fatal Injury,Pedestrian Collisions,D32,51,Willowdale East (51),"{'type': 'Point', 'coordinates': (-79.40359, 43.773145)}"
1246125,2011,00:00.0,1620,16,FINCH AVE E,PAGE AVE,NULL,1,North York,17,33,Mid-Block,NULL,No Control,Clear,Daylight,Dry,Non-Fatal Injury,Angle,D33,52,Bayview Village (52),"{'type': 'Point', 'coordinates': (-79.38019, 43.787645)}"
1260122,2011,00:00.0,1630,16,DUNDAS ST W,PALMERSTON AVE,NULL,1,Toronto and East York,NULL,14,Intersection,NULL,No Control,Clear,Daylight,Dry,Non-Fatal Injury,Sideswipe,D14,81,Trinity-Bellwoods (81),"{'type': 'Point', 'coordinates': (-79.40849, 43.651745)}"
1254054,2011,00:00.0,1840,18,4662 DUNDAS ST W,NULL,NULL,1,Etobicoke York,2,22,Mid-Block,NULL,No Control,Clear,Daylight,Dry,Non-Fatal Injury,Other,D22,15,Kingsway South (15),"{'type': 'Point', 'coordinates': (-79.52319, 43.654845)}"
1263204,2011,00:00.0,803,8,MIDLAND AVE,STEELES AVE E,NULL,1,Scarborough,NULL,42,Intersection,At Intersection,Traffic Signal,Clear,Daylight,Dry,Non-Fatal Injury,Pedestrian Collisions,D42,130,Milliken (130),"{'type': 'Point', 'coordinates': (-79.29729, 43.825945)}"
1263122,2011,00:00.0,1944,19,LAWTON Blvd,WALMSLEY Blvd,NULL,4,Toronto and East York,12,53,Intersection,NULL,No Control,Clear,Daylight,Dry,Non-Fatal Injury,Cyclist Collisions,D53,97,Yonge-St.Clair (97),"{'type': 'Point', 'coordinates': (-79.39669, 43.693045)}"
1251485,2011,00:00.0,1924,19,F G GARDINER E Expr E,SPADINA Ave,NULL,NULL,Toronto and East York,10,14,Mid-Block,NULL,No Control,Clear,Daylight,Dry,Non-Fatal Injury,Rear End,D14,77,Waterfront Communities-The Island (77),"{'type': 'Point', 'coordinates': (-79.39799, 43.637745)}"
1252026,2011,00:00.0,1600,16,WARDEN AVE,ST CLAIR AVE E,NULL,1,Scarborough,20,41,Intersection,NULL,Traffic Signal,Clear,Daylight,Dry,Non-Fatal Injury,SMV Other,D41,120,Clairlea-Birchmount (120),"{'type': 'Point', 'coordinates': (-79.28099, 43.712045)}"
1251858,2011,00:00.0,1935,19,DON VALLEY PARKWAY  S,QUEEN St E,NULL,4,Toronto and East York,14,55,Mid-Block,NULL,No Control,Clear,Daylight,Dry,Non-Fatal Injury,Rear End,D55,70,South Riverdale (70),"{'type': 'Point', 'coordinates': (-79.35329, 43.657445)}"
1255302,2011,00:00.0,1930,19,LANSDOWNE Aven,RIDEAU Aven,NULL,3,Toronto and East York,4,11,Mid-Block,NULL,No Control,Clear,"Dark, artificial",Dry,Non-Fatal Injury,Cyclist Collisions,D11,86,Roncesvalles (86),"{'type': 'Point', 'coordinates': (-79.43849, 43.645445)}"
1252206,2011,00:00.0,946,9,DUNDAS ST W,KEELE ST,NULL,1,Toronto and East York,4,11,Intersection,At Intersection,Traffic Signal,Clear,Daylight,Dry,Non-Fatal Injury,Cyclist Collisions,D11,90,Junction Area (90),"{'type': 'Point', 'coordinates': (-79.46459, 43.665345)}"
1261370,2011,00:00.0,1830,18,SIMCOE ST,WELLINGTON ST W,NULL,3,Toronto and East York,10,52,Intersection,At Intersection,Traffic Signal,Clear,Daylight,Dry,Non-Fatal Injury,Pedestrian Collisions,D52,76,Bay Street Corridor (76),"{'type': 'Point', 'coordinates': (-79.38559, 43.646045)}"
1252379,2011,00:00.0,1540,15,MIDLAND AVE,BAYLAWN DR,NULL,1,Scarborough,NULL,42,Mid-Block,NULL,No Control,Clear,Daylight,Dry,Fatal,SMV Other,D42,129,Agincourt North (129),"{'type': 'Point', 'coordinates': (-79.28489, 43.800545)}"
1256647,2011,00:00.0,2035,20,HOLLISTER RD,INVERDON RD,NULL,4,Etobicoke York,2,22,Intersection,At Intersection,No Control,Clear,Dark,Dry,Non-Fatal Injury,Pedestrian Collisions,D22,11,Eringate-Centennial-West Deane (11),"{'type': 'Point', 'coordinates': (-79.57319, 43.664845)}"
1261658,2011,00:00.0,1815,18,FINCH Aven W,HIGHWAY 400  N,NULL,1,Etobicoke York,7,31,Intersection,At Intersection,Traffic Signal,Clear,Daylight,Dry,Non-Fatal Injury,Angle,D31,21,Humber Summit (21),"{'type': 'Point', 'coordinates': (-79.53279, 43.754045)}"
1261536,2011,00:00.0,2000,20,LAKE SHORE Boul E,CARLAW Aven,NULL,1,Toronto and East York,14,55,Intersection,At Intersection,Traffic Signal,Clear,Dark,Wet,Non-Fatal Injury,Turning Movement,D55,70,South Riverdale (70),"{'type': 'Point', 'coordinates': (-79.33739, 43.654945)}"
1261735,2011,00:00.0,1916,19,DUFFERIN Stre,NULL,NULL,1,Toronto and East York,9,13,Intersection,At Intersection,Traffic Signal,Clear,Dark,Dry,Non-Fatal Injury,Angle,D13,93,Dovercourt-Wallace Emerson-Junction (93),"{'type': 'Point', 'coordinates': (-79.44099, 43.672945)}"
1252521,2011,00:00.0,1000,10,BRIMLEY RD,DANJOHN CRES,NULL,1,Scarborough,23,42,Mid-Block,NULL,No Control,Clear,Daylight,Dry,Non-Fatal Injury,Pedestrian Collisions,D42,129,Agincourt North (129),"{'type': 'Point', 'coordinates': (-79.281192, 43.814246)}"
1263305,2011,00:00.0,1500,15,MIDLAND AVE,FINCH AVE E,NULL,1,Scarborough,NULL,42,Mid-Block,NULL,No Control,Clear,Daylight,Dry,Non-Fatal Injury,SMV Other,D42,129,Agincourt North (129),"{'type': 'Point', 'coordinates': (-79.28609, 43.803245)}"
1277797,2011,00:00.0,1700,17,BELLAMY Road N,BURNVIEW Cres,NULL,3,Scarborough,NULL,43,Intersection,At Intersection,No Control,Clear,Daylight,Dry,Non-Fatal Injury,Rear End,D43,137,Woburn (137),"{'type': 'Point', 'coordinates': (-79.23419, 43.753945)}"
1263671,2011,00:00.0,1834,18,BOTANY HILL RD,PLOVER RD,NULL,4,Scarborough,24,43,Intersection,NULL,No Control,Clear,Daylight,Dry,Non-Fatal Injury,Approaching,D43,135,Morningside (135),"{'type': 'Point', 'coordinates': (-79.20589, 43.775345)}"
1253390,2011,00:00.0,1556,15,DUNDAS ST E,BROADVIEW AVE,NULL,1,Toronto and East York,14,55,Intersection,At Intersection,Traffic Signal,Clear,Daylight,Dry,Non-Fatal Injury,Cyclist Collisions,D55,70,South Riverdale (70),"{'type': 'Point', 'coordinates': (-79.35139, 43.662445)}"
1268346,2011,00:00.0,2005,20,CROUSE Rd,BIRCHMOUNT Rd,NULL,4,Scarborough,21,41,Mid-Block,NULL,No Control,Clear,Dark,Dry,Non-Fatal Injury,Pedestrian Collisions,D41,119,Wexford/Maryvale (119),"{'type': 'Point', 'coordinates': (-79.28359, 43.740345)}"
1272947,2011,00:00.0,625,6,OAKWOOD AVE,HOLLAND PARK AVE,NULL,3,Toronto and East York,NULL,13,Intersection,At Intersection,Stop Sign,Clear,Dark,Dry,Non-Fatal Injury,Turning Movement,D13,107,Oakwood Village (107),"{'type': 'Point', 'coordinates': (-79.438389, 43.686345)}"
1269009,2011,00:00.0,1010,10,GREENWIN VILLAGE Road,BISON Driv,NULL,2,North York,18,32,Intersection,NULL,No Control,Clear,Daylight,Dry,Non-Fatal Injury,Pedestrian Collisions,D32,36,Newtonbrook West (36),"{'type': 'Point', 'coordinates': (-79.44409, 43.790845)}"
1282698,2011,00:00.0,1945,19,UNIVERSITY AVE,WELLINGTON ST W,NULL,1,Toronto and East York,10,52,Intersection,NULL,No Control,Clear,"Dark, artificial",Dry,Non-Fatal Injury,Pedestrian Collisions,D52,76,Bay Street Corridor (76),"{'type': 'Point', 'coordinates': (-79.38409, 43.646245)}"
9001762726,2019,00:00.0,105,1,DON VALLEY PARKWAY  N,SPANBRIDGE RD,25 m South of,8,North York,16,54,Mid-Block,Non Intersection,No Control,Rain,"Dark, artificial",Wet,Non-Fatal Injury,SMV Other,D54,44,Flemingdon Park (44),"{'type': 'Point', 'coordinates': (-79.325435, 43.71255000000001)}"
9001763544,2019,00:00.0,511,5,333 SHERBOURNE ST,NULL,NULL,3,Toronto and East York,13,51,Mid-Block,At/Near Private Drive,No Control,Clear,"Daylight, artificial",Dry,Non-Fatal Injury,Cyclist Collisions,D51,73,Moss Park (73),"{'type': 'Point', 'coordinates': (-79.37263, 43.662169)}"
9001771919,2019,00:00.0,1030,10,WILSON AVE,DELAHAYE ST,63 m East of,1,North York,6,32,Mid-Block,Non Intersection,No Control,Clear,Daylight,Wet,Non-Fatal Injury,Approaching,D32,33,Clanton Park (33),"{'type': 'Point', 'coordinates': (-79.44102, 43.735827)}"
9001776305,2019,00:00.0,42,0,JARVIS ST,RICHARD BIGLEY  LANE,NULL,1,Scarborough,13,51,Mid-Block,Non Intersection,No Control,Clear,"Dark, artificial",Dry,Non-Fatal Injury,Pedestrian Collisions,D51,73,Moss Park (73),"{'type': 'Point', 'coordinates': (-79.373355, 43.654002)}"
9001788987,2019,00:00.0,1630,16,LA ROSE AVE,SCARLETT RD,25 m West of,2,Etobicoke York,2,23,Mid-Block,At/Near Private Drive,No Control,Clear,Daylight,Dry,Non-Fatal Injury,Cyclist Collisions,D23,8,Humber Heights-Westmount (8),"{'type': 'Point', 'coordinates': (-79.514964, 43.686526)}"
9001790358,2019,00:00.0,2000,20,LAWRENCE AVE E,AINSDALE RD,NULL,1,Scarborough,21,41,Intersection,Intersection Related,Stop Sign,Clear,Daylight,Dry,Fatal,Pedestrian Collisions,D41,119,Wexford/Maryvale (119),"{'type': 'Point', 'coordinates': (-79.291835, 43.745886)}"
9001818682,2019,00:00.0,1430,14,KINGSTON RD,OVERTURE RD,170 m East of,1,Scarborough,24,43,Mid-Block,Non Intersection,No Control,Clear,Daylight,Dry,Non-Fatal Injury,Pedestrian Collisions,D43,136,West Hill (136),"{'type': 'Point', 'coordinates': (-79.196391, 43.760127)}"
9001821850,2019,00:00.0,2242,22,MCCOWAN RD,HOLLYHEDGE DR,NULL,1,Scarborough,21,43,Intersection,At Intersection,No Control,Clear,Dark,Dry,Non-Fatal Injury,Turning Movement,D43,127,Bendale (127),"{'type': 'Point', 'coordinates': (-79.24466300000002, 43.753478)}"
9001835582,2019,00:00.0,2019,20,SCARBOROUGH GOLF CLUB RD,CONFEDERATION DR,NULL,3,Scarborough,24,43,Intersection,Non Intersection,No Control,Clear,Dusk,Dry,Fatal,Pedestrian Collisions,D43,137,Woburn (137),"{'type': 'Point', 'coordinates': (-79.214244, 43.757247)}"
9001837052,2019,00:00.0,321,3,EGLINTON AV W,HWY 401 W ON-RAMP,130 m West of,1,Etobicoke York,NULL,NULL,Mid-Block,Non Intersection,Traffic Signal,Clear,"Dark, artificial",Dry,Non-Fatal Injury,SMV Other,D22,11,Eringate-Centennial-West Deane (11),"{'type': 'Point', 'coordinates': (-79.564418, 43.674147)}"
9001843126,2019,00:00.0,2046,20,DANFORTH AVE,WANSTEAD AVE,NULL,1,Scarborough,20,41,Intersection,At Intersection,No Control,Clear,"Dark, artificial",Dry,Fatal,Pedestrian Collisions,D41,121,Oakridge (121),"{'type': 'Point', 'coordinates': (-79.282268, 43.692488)}"
9001853726,2019,00:00.0,923,9,NASSAU ST,BATHURST ST,1 m North of,2,Toronto and East York,11,14,Mid-Block,At/Near Private Drive,No Control,Clear,Daylight,Wet,Non-Fatal Injury,Pedestrian Collisions,D14,78,Kensington-Chinatown (78),"{'type': 'Point', 'coordinates': (-79.40600100000002, 43.654357)}"
9001855890,2019,00:00.0,1445,14,EGLINTON AVE E,WYNFORD DR,60 m East of,1,North York,16,NULL,Mid-Block,Non Intersection,No Control,Clear,Daylight,Dry,Non-Fatal Injury,Cyclist Collisions,D54,44,Flemingdon Park (44),"{'type': 'Point', 'coordinates': (-79.324329, 43.724559)}"
9001868191,2019,00:00.0,649,6,SHEPPARD AVE W,JANE ST,NULL,1,North York,NULL,31,Mid-Block,Non Intersection,No Control,Rain,"Dark, artificial",Wet,Non-Fatal Injury,Approaching,D31,25,Glenfield-Jane Heights (25),"{'type': 'Point', 'coordinates': (-79.511859, 43.739443)}"
9001872287,2019,00:00.0,2015,20,KENNEDY RD,ST CLAIR AVE E,NULL,1,Scarborough,20,41,Intersection,At Intersection,Traffic Signal,Clear,"Dark, artificial",Dry,Fatal,Angle,D41,120,Clairlea-Birchmount (120),"{'type': 'Point', 'coordinates': (-79.261302, 43.716452000000004)}"
9001878764,2019,00:00.0,2031,20,KIPLING AVE,BETHRIDGE RD,NULL,1,Etobicoke York,1,23,Mid-Block,Non Intersection,No Control,Clear,"Daylight, artificial",Dry,Fatal,Pedestrian Collisions,D23,1,West Humber-Clairville (1),"{'type': 'Point', 'coordinates': (-79.56470000000002, 43.707354)}"
9001911446,2019,00:00.0,955,9,EGLINTON AVE W,HEDDINGTON AVE,NULL,1,North York,NULL,53,Intersection,At Intersection,Traffic Signal,Clear,Daylight,Dry,Non-Fatal Injury,Pedestrian Collisions,D53,101,Forest Hill South (101),"{'type': 'Point', 'coordinates': (-79.413844, 43.703402)}"
9001916632,2019,00:00.0,2231,22,BATHURST ST,LAKE SHORE BLVD W,5 m South of,1,Toronto and East York,10,14,Intersection,At Intersection,Traffic Signal,Clear,Dark,Dry,Non-Fatal Injury,Pedestrian Collisions,D14,77,Waterfront Communities-The Island (77),"{'type': 'Point', 'coordinates': (-79.399608, 43.636412)}"
9001921394,2019,00:00.0,1611,16,DUPONT ST,BEDFORD RD,NULL,3,Toronto and East York,11,53,Intersection,At Intersection,No Control,Clear,Daylight,Dry,Non-Fatal Injury,Cyclist Collisions,D53,95,Annex (95),"{'type': 'Point', 'coordinates': (-79.400508, 43.676299)}"
9001943397,2019,00:00.0,1735,17,COLLEGE ST,BAY ST,10 m East of,1,Toronto and East York,NULL,52,Intersection,Intersection Related,Traffic Signal,Clear,Daylight,Dry,Non-Fatal Injury,Pedestrian Collisions,D52,76,Bay Street Corridor (76),"{'type': 'Point', 'coordinates': (-79.385814, 43.660742)}"
9001949959,2019,00:00.0,1446,14,KINGSTON RD,PORT UNION RD,82 m West of,1,Scarborough,25,42,Mid-Block,At/Near Private Drive,No Control,Clear,Daylight,Dry,Non-Fatal Injury,Turning Movement,D42,133,Centennial Scarborough (133),"{'type': 'Point', 'coordinates': (-79.147685, 43.797892)}"
9001955336,2019,00:00.0,932,9,LOWER SIMCOE ST,QUEENS QUAY W,25 m North of,2,Toronto and East York,10,52,Mid-Block,Intersection Related,No Control,Clear,Daylight,Dry,Non-Fatal Injury,Turning Movement,D52,77,Waterfront Communities-The Island (77),"{'type': 'Point', 'coordinates': (-79.382686, 43.63943)}"
9001957432,2019,00:00.0,1429,14,CHRISTIE ST,TYRREL AVE,NULL,3,Toronto and East York,12,13,Intersection,At Intersection,Stop Sign,Clear,Daylight,Dry,Non-Fatal Injury,Cyclist Collisions,D13,94,Wychwood (94),"{'type': 'Point', 'coordinates': (-79.424236, 43.678145)}"
9001959130,2019,00:00.0,1821,18,LAWRENCE AVE E,CROCKFORD BLVD,NULL,1,Scarborough,21,41,Intersection,At Intersection,Traffic Signal,Clear,Daylight,Dry,Non-Fatal Injury,Pedestrian Collisions,D41,119,Wexford/Maryvale (119),"{'type': 'Point', 'coordinates': (-79.291232, 43.746028)}"
9001051786,2019,00:00.0,2018,20,FINCH AVE W,MILVAN DR,NULL,1,Etobicoke York,7,31,Intersection,At Intersection,Traffic Signal,Clear,Dusk,Dry,Non-Fatal Injury,Pedestrian Collisions,D31,22,Humbermede (22),"{'type': 'Point', 'coordinates': (-79.552272, 43.749873)}"
9001053641,2019,00:00.0,235,2,F G GARDINER XY  W,WINDERMERE AVE,365 m East of,8,Etobicoke York,4,11,Mid-Block,Non Intersection,No Control,Clear,"Dark, artificial",Dry,Non-Fatal Injury,SMV Other,D11,85,South Parkdale (85),"{'type': 'Point', 'coordinates': (-79.468021, 43.636008)}"
9001064376,2019,00:00.0,1812,18,SOUTH KINGSWAY,GARDINER QUEENSWAY W RAMP,135 m West of,10,Etobicoke York,4,11,Mid-Block,Non Intersection,No Control,Clear,Daylight,Dry,Non-Fatal Injury,SMV Other,D11,87,High Park-Swansea (87),"{'type': 'Point', 'coordinates': (-79.474414, 43.635577)}"
9001065418,2019,00:00.0,2132,21,QUEENS QUAY E,FREELAND ST,10 m East of,3,Toronto and East York,10,51,Intersection,Intersection Related,No Control,Clear,"Dark, artificial",Dry,Non-Fatal Injury,Turning Movement,D51,77,Waterfront Communities-The Island (77),"{'type': 'Point', 'coordinates': (-79.373027, 43.64240900000001)}"
9001076374,2019,00:00.0,1305,13,ST CLAIR AVE E,NORTH WOODROW BLVD,NULL,1,Scarborough,20,41,Intersection,At Intersection,No Control,Clear,Daylight,Dry,Non-Fatal Injury,Pedestrian Collisions,D41,120,Clairlea-Birchmount (120),"{'type': 'Point', 'coordinates': (-79.266704, 43.715186)}"
9001080301,2019,00:00.0,2313,23,ST CLAIR AVE W,OLD WESTON RD,NULL,1,Etobicoke York,9,NULL,Intersection,At Intersection,Traffic Signal,Clear,"Dark, artificial",Dry,Non-Fatal Injury,Pedestrian Collisions,D11,91,Weston-Pellam Park (91),"{'type': 'Point', 'coordinates': (-79.463008, 43.673464)}"
9001086071,2019,00:00.0,1750,17,BLOOR ST W,JOPLING AVE N,26 m East of,1,Etobicoke York,NULL,22,Intersection,At/Near Private Drive,No Control,Clear,Daylight,Dry,Non-Fatal Injury,Pedestrian Collisions,D22,14,Islington-City Centre West (14),"{'type': 'Point', 'coordinates': (-79.539516, 43.640822)}"
9001127498,2019,00:00.0,1200,12,THE QUEENSWAY,NORTH QUEEN ST,NULL,1,Etobicoke York,3,22,Intersection,At Intersection,Traffic Signal,Clear,Daylight,Dry,Fatal,Turning Movement,D22,14,Islington-City Centre West (14),"{'type': 'Point', 'coordinates': (-79.55611, 43.614146)}"
9001093833,2019,00:00.0,1917,19,EGLINTON AVE WEST,HARTLEY AVE,20 m West of,NULL,NULL,NULL,NULL,Mid-Block,Non Intersection,No Control,Clear,Daylight,Dry,Non-Fatal Injury,Pedestrian Collisions,D13,108,Briar Hill-Belgravia (108),"{'type': 'Point', 'coordinates': (-79.45452500000002, 43.694751)}"
9001093937,2019,00:00.0,1934,19,SHEPPARD AVE E,FAIRVIEW MALL DR,NULL,1,North York,17,33,Intersection,At Intersection,Traffic Signal,Clear,Daylight,Wet,Fatal,Turning Movement,D33,53,Henry Farm (53),"{'type': 'Point', 'coordinates': (-79.341129, 43.776141)}"
9001103097,2019,00:00.0,48,0,QUEEN ST W,DUFFERIN ST,NULL,1,Toronto and East York,NULL,NULL,Intersection,At Intersection,Traffic Signal,Clear,"Dark, artificial",Dry,Non-Fatal Injury,Cyclist Collisions,D14,85,South Parkdale (85),"{'type': 'Point', 'coordinates': (-79.4286, 43.642134)}"
9001113942,2019,00:00.0,1710,17,EVANS AVE,HORNER AVE,NULL,1,Etobicoke York,3,22,Intersection,At Intersection,Traffic Signal,Clear,Daylight,Dry,Non-Fatal Injury,Cyclist Collisions,D22,17,Mimico (17),"{'type': 'Point', 'coordinates': (-79.518802, 43.616923)}"
9001128278,2019,00:00.0,1416,14,LEARMONT DR,SANDWELL DR,NULL,4,Etobicoke York,2,23,Intersection,At Intersection,Stop Sign,Clear,Daylight,Dry,Non-Fatal Injury,SMV Other,D23,7,Willowridge-Martingrove-Richview (7),"{'type': 'Point', 'coordinates': (-79.565227, 43.688468)}"
9001133946,2019,00:00.0,925,9,BIRCHMOUNT RD,FOXRIDGE DR,NULL,3,Scarborough,20,41,Intersection,At Intersection,Traffic Signal,Clear,Daylight,Dry,Non-Fatal Injury,Cyclist Collisions,D41,124,Kennedy Park (124),"{'type': 'Point', 'coordinates': (-79.27447100000002, 43.721755)}"
9001143584,2019,00:00.0,1315,13,REGENT PARK BLVD,NULL,NULL,1,Toronto and East York,13,51,Intersection,At Intersection,Traffic Signal,Clear,Daylight,Dry,Fatal,Pedestrian Collisions,D51,72,Regent Park (72),"{'type': 'Point', 'coordinates': (-79.361743, 43.660288)}"
9001144678,2019,00:00.0,1532,15,DANFORTH AVE,BYRON AVE,110 m West of,1,Toronto and East York,20,41,Mid-Block,Non Intersection,No Control,Clear,Daylight,Dry,Non-Fatal Injury,Turning Movement,D55,69,Blake-Jones (69),"{'type': 'Point', 'coordinates': (-79.336284, 43.680533)}"
9001146932,2019,00:00.0,2204,22,ST CLAIR AVE E,BIRCHMOUNT RD,2 m East of,1,Scarborough,20,41,Intersection,At Intersection,Traffic Signal,Rain,"Dark, artificial",Wet,Non-Fatal Injury,Pedestrian Collisions,D41,120,Clairlea-Birchmount (120),"{'type': 'Point', 'coordinates': (-79.271083, 43.714087)}"
9001150354,2019,00:00.0,1230,12,ISLINGTON AVE,MEADOWVALE DR,NULL,1,Etobicoke York,3,22,Intersection,At Intersection,No Control,Clear,Daylight,Dry,Non-Fatal Injury,Turning Movement,D22,16,Stonegate-Queensway (16),"{'type': 'Point', 'coordinates': (-79.522624, 43.642836)}"
9001160017,2019,00:00.0,1909,19,LAWRENCE AVE E,SCARBOROUGH GOLF CLUB RD,3 metres east,1,Scarborough,24,43,Intersection,At Intersection,Traffic Signal,Clear,Daylight,Dry,Fatal,Angle,D43,137,Woburn (137),"{'type': 'Point', 'coordinates': (-79.215801, 43.761779)}"
9001177168,2019,00:00.0,820,8,PHARMACY AVE,PRINCEWAY DR,2 m North of,3,Scarborough,21,41,Intersection,At Intersection,Stop Sign,Clear,Daylight,Dry,Non-Fatal Injury,Turning Movement,D41,119,Wexford/Maryvale (119),"{'type': 'Point', 'coordinates': (-79.308605, 43.753077)}"
9001180401,2019,00:00.0,1609,16,NORTHLAND AVE,WESTON RD,NULL,1,Etobicoke York,5,12,Intersection,At Intersection,Traffic Signal,Clear,Daylight,Dry,Non-Fatal Injury,Cyclist Collisions,D12,90,Junction Area (90),"{'type': 'Point', 'coordinates': (-79.474033, 43.678828)}"
9001182119,2019,00:00.0,2002,20,MIDLAND AVE,MIDWEST RD,NULL,1,Scarborough,21,41,Mid-Block,Non Intersection,No Control,Clear,Daylight,Dry,Non-Fatal Injury,Pedestrian Collisions,D41,127,Bendale (127),"{'type': 'Point', 'coordinates': (-79.266162, 43.75466000000001)}"
9001182674,2019,00:00.0,2213,22,715 FINCH AVE W,NULL,6 m North of,1,North York,6,32,Mid-Block,At/Near Private Drive,No Control,Clear,"Dark, artificial",Dry,Non-Fatal Injury,Turning Movement,D32,34,Bathurst Manor (34),"{'type': 'Point', 'coordinates': (-79.464435, 43.76932)}"
9001184914,2019,00:00.0,902,9,VICTORIA ST,QUEEN ST E,NULL,1,Toronto and East York,13,51,Intersection,At Intersection,Traffic Signal,Clear,Daylight,Dry,Fatal,Pedestrian Collisions,D51,75,Church-Yonge Corridor (75),"{'type': 'Point', 'coordinates': (-79.378055, 43.65261)}"
9001196370,2019,00:00.0,1850,18,LAKE SHORE BLVD W,TENTH ST,6 m West of,1,Etobicoke York,3,22,Intersection,At Intersection,Traffic Signal,Clear,Daylight,Dry,Non-Fatal Injury,Pedestrian Collisions,D22,18,New Toronto (18),"{'type': 'Point', 'coordinates': (-79.508594, 43.599944)}"
9001201240,2019,00:00.0,1222,12,ADELAIDE ST E,BERKELEY ST,1 m West of,1,Toronto and East York,13,51,Intersection,At Intersection,Traffic Signal,Clear,Daylight,Dry,Non-Fatal Injury,Cyclist Collisions,D51,73,Moss Park (73),"{'type': 'Point', 'coordinates': (-79.364742, 43.652915)}"
9001220436,2019,00:00.0,719,7,ST CLAIR AVE W,OAKWOOD AVE,NULL,1,North York,9,13,Intersection,At Intersection,Traffic Signal,Clear,Daylight,Dry,Non-Fatal Injury,Pedestrian Collisions,D13,94,Wychwood (94),"{'type': 'Point', 'coordinates': (-79.43568000000002, 43.679583)}"
9001227477,2019,00:00.0,1015,10,BRIMLEY RD,KINGSTON RD,NULL,1,Scarborough,20,NULL,Intersection,At Intersection,Traffic Signal,Clear,Daylight,Dry,Non-Fatal Injury,Angle,D43,123,Cliffcrest (123),"{'type': 'Point', 'coordinates': (-79.240329, 43.718154)}"
9001233814,2019,00:00.0,635,6,MORTIMER AVE,WOODBINE AVE,19 m East of,3,Toronto and East York,19,54,Intersection,At Intersection,Stop Sign,Clear,Daylight,Dry,Non-Fatal Injury,SMV Other,D54,60,Woodbine-Lumsden (60),"{'type': 'Point', 'coordinates': (-79.3157, 43.692423)}"
9001234049,2019,00:00.0,735,7,DAVENPORT RD,HECTOR AVE,NULL,3,Toronto and East York,12,13,Intersection,At Intersection,No Control,Clear,"Daylight, artificial",Dry,Non-Fatal Injury,Cyclist Collisions,D13,94,Wychwood (94),"{'type': 'Point', 'coordinates': (-79.424037, 43.675250000000005)}"