ACCNUM,YEAR,DATE,TIME,HOUR,STREET1,STREET2,OFFSET,ROAD_CLASS,DISTRICT,WARDNUM,DIVISION,LOCCOORD,ACCLOC,TRAFFCTL,VISIBILITY,LIGHT,RDSFCOND,ACCLASS,IMPACTYPE,POLICE_DIVISION,HOOD_ID,NEIGHBOURHOOD,geometry
1780907,2020,00:00.0,2125,21,ST CLAIR AVE W,HARVIE AVE,NULL,NULL,NULL,NULL,NULL,Intersection,Intersection Related,Stop Sign,Clear,"Dark, artificial",Dry,Non-Fatal Injury,Pedestrian Collisions,D13,92,Corso Italia-Davenport (92),"{'type': 'Point', 'coordinates': (-79.44980200000002, 43.676467)}"
342262,2020,00:00.0,1949,19,LAKE SHORE BV W,THIRTY NINTH ST,15 m South of,1,Etobicoke York,3,22,Mid-Block,Non Intersection,No Control,Clear,"Dark, artificial",Dry,Non-Fatal Injury,Pedestrian Collisions,D22,19,Long Branch (19),"{'type': 'Point', 'coordinates': (-79.528278, 43.595668)}"
1973407,2020,00:00.0,1909,19,JANE STREET,SAN ROMANOWAY,60 m North of,NULL,NULL,NULL,NULL,Intersection,At Intersection,Traffic Signal,Clear,"Dark, artificial",Dry,Non-Fatal Injury,Pedestrian Collisions,D31,24,Black Creek (24),"{'type': 'Point', 'coordinates': (-79.518116, 43.758975)}"
827861,2020,00:00.0,2153,21,BRENTCLIFFE RD,EGLINTON AV E,200 m East of,NULL,NULL,NULL,NULL,Mid-Block,Non Intersection,No Control,Clear,"Dark, artificial",Dry,Non-Fatal Injury,SMV Other,D53,56,Leaside-Bennington (56),"{'type': 'Point', 'coordinates': (-79.357433, 43.715152)}"
348999,2020,00:00.0,1818,18,4673 JANE ST,NULL,NULL,1,Etobicoke York,7,31,Mid-Block,Non Intersection,No Control,Clear,"Dark, artificial",Wet,Non-Fatal Injury,SMV Other,D31,24,Black Creek (24),"{'type': 'Point', 'coordinates': (-79.520694, 43.77006)}"
886175,2020,00:00.0,2109,21,TAPSCOTT RD,MELFORD DR,NULL,3,Scarborough,23,42,Intersection,At Intersection,No Control,Clear,"Dark, artificial",Dry,Fatal,SMV Other,D42,132,Malvern (132),"{'type': 'Point', 'coordinates': (-79.234142, 43.807952)}"
838759,2020,00:00.0,1847,18,THE QUEENSWAY,STEPHEN DR,NULL,1,Etobicoke York,3,22,Intersection,At Intersection,Traffic Signal,Clear,Daylight,Dry,Non-Fatal Injury,Turning Movement,D22,16,Stonegate-Queensway (16),"{'type': 'Point', 'coordinates': (-79.484218, 43.630309)}"
1985100,2020,00:00.0,1641,16,GERRARD ST E,JONES AVE,60 m East of,NULL,NULL,NULL,NULL,Mid-Block,Non Intersection,Traffic Controller,Rain,"Daylight, artificial",Wet,Non-Fatal Injury,SMV Other,D55,70,South Riverdale (70),"{'type': 'Point', 'coordinates': (-79.334873, 43.669414)}"
1650875,2020,00:00.0,1238,12,BLOOR ST W,GLADSTONE AVE,9 m South of,NULL,NULL,NULL,NULL,Mid-Block,Non Intersection,No Control,Clear,Daylight,Dry,Non-Fatal Injury,Cyclist Collisions,D14,93,Dovercourt-Wallace Emerson-Junction (93),"{'type': 'Point', 'coordinates': (-79.434086, 43.660144)}"
9002484268,2019,00:00.0,2118,21,LAKE SHORE BLVD E,LOWER JARVIS ST,NULL,1,Toronto and East York,10,51,Intersection,At Intersection,Traffic Signal,Clear,"Dark, artificial",Dry,Non-Fatal Injury,Turning Movement,D51,77,Waterfront Communities-The Island (77),"{'type': 'Point', 'coordinates': (-79.369808, 43.645556)}"
9002239655,2019,00:00.0,951,9,WARDEN AVE,BOEM AVE,NULL,1,Scarborough,21,41,Intersection,At Intersection,No Control,Clear,Daylight,Dry,Non-Fatal Injury,Turning Movement,D41,119,Wexford/Maryvale (119),"{'type': 'Point', 'coordinates': (-79.29597, 43.748374)}"
849955,2020,00:00.0,1627,16,SPADINA AVE,BLUE JAYS WAY,4 m North of,1,Toronto East York,10,NULL,Intersection,Intersection Related,No Control,Clear,Daylight,Dry,Non-Fatal Injury,Pedestrian Collisions,D52,77,Waterfront Communities-The Island (77),"{'type': 'Point', 'coordinates': (-79.393306, 43.641268)}"
865160,2020,00:00.0,700,7,KINGSTON RD,SCARBOROUGH GOLF CLUB RD,NULL,1,Scarborough,24,43,Intersection,At Intersection,Traffic Signal,Clear,Daylight,Dry,Non-Fatal Injury,Pedestrian Collisions,D43,140,Guildwood (140),"{'type': 'Point', 'coordinates': (-79.209316, 43.745928)}"
888584,2020,00:00.0,945,9,LAWRENCE AVE E,FERN MEADOW RD,NULL,3,Scarborough,25,43,Mid-Block,Non Intersection,No Control,Clear,Daylight,Dry,Fatal,Pedestrian Collisions,D43,136,West Hill (136),"{'type': 'Point', 'coordinates': (-79.171214, 43.771643)}"
895313,2020,00:00.0,1149,11,EGLINTON AVE E,CEDAR DR,NULL,NULL,NULL,NULL,NULL,Intersection,Intersection Related,Traffic Signal,Clear,Daylight,Dry,Non-Fatal Injury,Pedestrian Collisions,D43,139,Scarborough Village (139),"{'type': 'Point', 'coordinates': (-79.215542, 43.743945)}"
909285,2020,00:00.0,1752,17,RATHBURN RD,CENTENNIAL PARK RD,2 m West of,3,Etobicoke York,2,22,Intersection,At Intersection,No Control,Clear,Daylight,Dry,Non-Fatal Injury,SMV Other,D22,11,Eringate-Centennial-West Deane (11),"{'type': 'Point', 'coordinates': (-79.58118, 43.650893)}"
923482,2020,00:00.0,920,9,QUEEN ST E,CARLAW AVE,5 m West of,3,Toronto East York,14,55,Intersection,At Intersection,Traffic Signal,Clear,Daylight,Dry,Non-Fatal Injury,Angle,D55,70,South Riverdale (70),"{'type': 'Point', 'coordinates': (-79.340053, 43.660987)}"
923881,2020,00:00.0,1040,10,LAWRENCE AVE E,KENNEDY RD,NULL,1,Scarborough,21,41,Intersection,At Intersection,Traffic Signal,Clear,Daylight,Dry,Fatal,Sideswipe,D41,126,Dorset Park (126),"{'type': 'Point', 'coordinates': (-79.274898, 43.749427)}"
927087,2020,00:00.0,1952,19,BURNHAMTHORPE RD,MILL RD,NULL,1,Etobicoke York,NULL,NULL,Mid-Block,Non Intersection,No Control,Clear,Daylight,Dry,Fatal,SMV Other,D22,12,Markland Wood (12),"{'type': 'Point', 'coordinates': (-79.583965, 43.639434)}"
962030,2020,00:00.0,915,9,20 EDWARD ST,595 BAY ST,5 m North of,NULL,NULL,NULL,NULL,Mid-Block,Non Intersection,No Control,Clear,Daylight,Dry,Non-Fatal Injury,Pedestrian Collisions,D52,76,Bay Street Corridor (76),"{'type': 'Point', 'coordinates': (-79.382366, 43.656799)}"
972852,2020,00:00.0,1940,19,STEELES AVE W,BARMAC DR,NULL,1,Etobicoke York,7,31,Intersection,At Intersection,Traffic Signal,Clear,Daylight,Dry,Non-Fatal Injury,Pedestrian Collisions,D31,21,Humber Summit (21),"{'type': 'Point', 'coordinates': (-79.554942, 43.768496)}"
985567,2020,00:00.0,1739,17,DAVISVILLE AVE,YONGE ST,189 m East of,3,Toronto East York,12,53,Mid-Block,At/Near Private Drive,No Control,Rain,Daylight,Wet,Non-Fatal Injury,Pedestrian Collisions,D53,104,Mount Pleasant West (104),"{'type': 'Point', 'coordinates': (-79.39484, 43.698584)}"
987519,2020,00:00.0,44,0,LAWRENCE AVE E,MARKHAM RD,45 m West of,1,Scarborough,24,43,Mid-Block,Non Intersection,No Control,Clear,"Dark, artificial",Dry,Non-Fatal Injury,Turning Movement,D43,137,Woburn (137),"{'type': 'Point', 'coordinates': (-79.226726, 43.759413)}"
992739,2020,00:00.0,2007,20,ERINGATE DR,RANGOON RD,6 m East of,2,Etobicoke York,2,22,Intersection,At Intersection,No Control,Clear,Daylight,Dry,Non-Fatal Injury,SMV Other,D22,11,Eringate-Centennial-West Deane (11),"{'type': 'Point', 'coordinates': (-79.57648, 43.662154)}"
1010606,2020,00:00.0,1820,18,BATHURST ST,GLENGROVE AVE,NULL,1,North York,NULL,NULL,Intersection,At Intersection,Stop Sign,Clear,Daylight,Dry,Fatal,Turning Movement,D53,39,Bedford Park-Nortown (39),"{'type': 'Point', 'coordinates': (-79.428554, 43.714133)}"
1010845,2020,00:00.0,1857,18,2525 WARDEN AVE,NULL,NULL,1,Scarborough,22,42,Mid-Block,Non Intersection,No Control,Clear,Daylight,Dry,Non-Fatal Injury,SMV Other,D42,117,L'Amoreaux (117),"{'type': 'Point', 'coordinates': (-79.313541, 43.791255)}"
1017235,2020,00:00.0,1856,18,777 BLOOR ST W,NULL,9 m South of,1,Etobicoke York,11,14,Mid-Block,Non Intersection,No Control,Clear,Daylight,Dry,Non-Fatal Injury,Cyclist Collisions,D14,80,Palmerston-Little Italy (80),"{'type': 'Point', 'coordinates': (-79.419696, 43.663226)}"
1045060,2020,00:00.0,15,0,KEELE ST,CALVINGTON DR,NULL,1,North York,6,31,Intersection,At Intersection,Traffic Signal,Clear,"Dark, artificial",Dry,Fatal,Pedestrian Collisions,D31,26,Downsview-Roding-CFB (26),"{'type': 'Point', 'coordinates': (-79.483684, 43.733508)}"
1052462,2020,00:00.0,830,8,LAWRENCE AVE W,RENFIELD ST,NULL,1,Etobicoke York,NULL,NULL,Intersection,At Intersection,Stop Sign,Clear,Daylight,Dry,Non-Fatal Injury,Turning Movement,D12,30,Brookhaven-Amesbury (30),"{'type': 'Point', 'coordinates': (-79.498767, 43.703829)}"
1055551,2020,00:00.0,1656,16,555 WILSON HEIGHTS BLVD,NULL,NULL,3,North York,NULL,NULL,Mid-Block,At/Near Private Drive,No Control,Clear,Daylight,Dry,Non-Fatal Injury,Cyclist Collisions,D32,33,Clanton Park (33),"{'type': 'Point', 'coordinates': (-79.456256, 43.751074)}"
1064302,2020,00:00.0,2148,21,DUFFERIN ST,BLOOR ST W [DUFFERIN STREET S,20 m South of,1,Toronto and East York,9,NULL,Mid-Block,Non Intersection,No Control,Clear,"Dark, artificial",Dry,Non-Fatal Injury,Cyclist Collisions,D14,93,Dovercourt-Wallace Emerson-Junction (93),"{'type': 'Point', 'coordinates': (-79.435329, 43.659881)}"
1064422,2020,00:00.0,2211,22,BRIMLEY RD,COMRIE TER,NULL,3,Scarborough,20,NULL,Intersection,At Intersection,No Control,Clear,"Dark, artificial",Dry,Fatal,Turning Movement,D41,123,Cliffcrest (123),"{'type': 'Point', 'coordinates': (-79.243617, 43.726)}"
1070817,2020,00:00.0,2115,21,LAWRENCE AVE W,VARNA DR,NULL,1,North York,8,NULL,Intersection,At Intersection,Traffic Signal,Rain,"Dark, artificial",Wet,Non-Fatal Injury,Cyclist Collisions,D13,32,Englemount-Lawrence (32),"{'type': 'Point', 'coordinates': (-79.437656, 43.717494)}"
1071838,2020,00:00.0,219,2,F G GARDINER XY  E,GARDINER JAMESON AV RAMP,9 m East of,8,Toronto East York,NULL,NULL,Mid-Block,Non Intersection,No Control,Rain,"Dark, artificial",Wet,Non-Fatal Injury,SMV Other,D14,85,South Parkdale (85),"{'type': 'Point', 'coordinates': (-79.437084, 43.63383)}"
1086962,2020,00:00.0,1040,10,SHERBOURNE ST,QUEEN ST E,NULL,1,Toronto East York,13,51,Intersection,At Intersection,Traffic Signal,Clear,Daylight,Dry,Non-Fatal Injury,Cyclist Collisions,D51,73,Moss Park (73),"{'type': 'Point', 'coordinates': (-79.369418, 43.654452)}"
1109990,2020,00:00.0,2107,21,DUNDAS ST W,ROYAL YORK RD,34 m West of,1,Etobicoke York,NULL,22,Mid-Block,Overpass or Bridge,No Control,Clear,Dark,Dry,Non-Fatal Injury,Rear End,D22,15,Kingsway South (15),"{'type': 'Point', 'coordinates': (-79.51675, 43.658034)}"
1119919,2020,00:00.0,958,9,WOODBINE AVE,CORLEY AVE,NULL,1,Toronto East York,19,55,Intersection,At Intersection,Traffic Signal,Clear,Daylight,Dry,Non-Fatal Injury,Pedestrian Collisions,D55,62,East End-Danforth (62),"{'type': 'Point', 'coordinates': (-79.308925, 43.67639)}"
1153227,2020,00:00.0,611,6,LAWRENCE AVE W,DUPLEX AVE,NULL,1,North York,8,NULL,Intersection,At Intersection,Traffic Signal,Clear,Daylight,Dry,Non-Fatal Injury,Cyclist Collisions,D53,103,Lawrence Park South (103),"{'type': 'Point', 'coordinates': (-79.405566, 43.724314)}"
1153608,2020,00:00.0,752,7,COLLEGE ST,DUFFERIN ST,7 m North of,3,North York,9,NULL,Intersection,At Intersection,Traffic Signal,Clear,Daylight,Dry,Non-Fatal Injury,Angle,D14,84,Little Portugal (84),"{'type': 'Point', 'coordinates': (-79.432521, 43.652495)}"
1161689,2020,00:00.0,1130,11,ST CLAIR AVE W,OLD WESTON RD,11 m North of,1,Etobicoke York,9,NULL,Intersection,At Intersection,Traffic Signal,Clear,Daylight,Dry,Non-Fatal Injury,Pedestrian Collisions,D11,91,Weston-Pellam Park (91),"{'type': 'Point', 'coordinates': (-79.463008, 43.673464)}"
1162641,2020,00:00.0,1357,13,KEELE ST,WEST TORONTO ST,NULL,1,Etobicoke York,NULL,51,Intersection,At Intersection,Traffic Signal,Clear,Daylight,Dry,Non-Fatal Injury,Pedestrian Collisions,D11,90,Junction Area (90),"{'type': 'Point', 'coordinates': (-79.466464, 43.669963)}"
1180091,2020,00:00.0,2213,22,DANFORTH AVE,GREENWOOD AVE,62 m West of,1,North York,14,NULL,Mid-Block,Non Intersection,No Control,Clear,Dark,Dry,Non-Fatal Injury,Pedestrian Collisions,D55,69,Blake-Jones (69),"{'type': 'Point', 'coordinates': (-79.333301, 43.681163)}"
1184122,2020,00:00.0,1502,15,DANFORTH RD,TRUDELLE ST,4 m West of,1,Scarborough,21,43,Intersection,At Intersection,Traffic Signal,Clear,Daylight,Dry,Non-Fatal Injury,Turning Movement,D43,138,Eglinton East (138),"{'type': 'Point', 'coordinates': (-79.245502, 43.739917)}"
1184792,2020,00:00.0,1643,16,EGLINTON AVE W,SCARLETT RD,NULL,1,Etobicoke York,NULL,43,Intersection,At Intersection,Traffic Signal,Clear,Daylight,Dry,Non-Fatal Injury,Cyclist Collisions,D22,8,Humber Heights-Westmount (8),"{'type': 'Point', 'coordinates': (-79.511417, 43.68389)}"
1186968,2020,00:00.0,2256,22,DREWRY AVE,GRANTBROOK ST,NULL,3,North York,18,32,Intersection,At Intersection,No Control,Rain,Dark,Wet,Non-Fatal Injury,Rear End,D32,36,Newtonbrook West (36),"{'type': 'Point', 'coordinates': (-79.433727, 43.783492)}"
1218699,2020,00:00.0,1255,12,PHARMACY AVE,HUNTINGWOOD DR,NULL,3,Scarborough,22,42,Intersection,At Intersection,Traffic Signal,Clear,Daylight,Dry,Non-Fatal Injury,Angle,D42,118,Tam O'Shanter-Sullivan (118),"{'type': 'Point', 'coordinates': (-79.320125, 43.781603)}"
1227964,2020,00:00.0,1703,17,BROADVIEW AVE,HILLSIDE DR,NULL,3,Toronto East York,14,54,Intersection,At Intersection,Traffic Signal,Clear,Daylight,Dry,Non-Fatal Injury,Turning Movement,D54,57,Broadview North (57),"{'type': 'Point', 'coordinates': (-79.356258, 43.685908000000005)}"
1228966,2020,00:00.0,1920,19,ORMONT DR,WESTON RD,NULL,1,Etobicoke York,7,31,Intersection,Intersection Related,Traffic Signal,Clear,Daylight,Dry,Non-Fatal Injury,Angle,D31,21,Humber Summit (21),"{'type': 'Point', 'coordinates': (-79.54533, 43.764869)}"
9002255296,2019,00:00.0,1352,13,LAWRENCE AVE W,ROSEWELL AVE,NULL,1,North York,NULL,NULL,Intersection,Intersection Related,No Control,Clear,Daylight,Dry,Fatal,Pedestrian Collisions,D53,103,Lawrence Park South (103),"{'type': 'Point', 'coordinates': (-79.414165, 43.722495)}"
1257891,2020,00:00.0,2030,20,SERGIO MARCHI ST,TORBARRIE RD,NULL,2,Etobicoke York,7,31,Intersection,Intersection Related,Traffic Signal,Clear,"Dusk, artificial",Dry,Non-Fatal Injury,Pedestrian Collisions,D31,26,Downsview-Roding-CFB (26),"{'type': 'Point', 'coordinates': (-79.524204, 43.730087)}"
1275484,2020,00:00.0,650,6,ENDSLEIGH CRES,MARGARET AVE,NULL,NULL,NULL,NULL,NULL,Intersection,At Intersection,No Control,Clear,Daylight,Dry,Non-Fatal Injury,Pedestrian Collisions,D33,46,Pleasant View (46),"{'type': 'Point', 'coordinates': (-79.335544, 43.781699)}"
1276216,2020,00:00.0,900,9,LIIKWOOD LANE,SPANBRIDGE RD,8 m North of,2,North York,16,54,Mid-Block,Non Intersection,Stop Sign,Clear,Daylight,Dry,Non-Fatal Injury,Pedestrian Collisions,D54,44,Flemingdon Park (44),"{'type': 'Point', 'coordinates': (-79.324474, 43.71236)}"
1286810,2020,00:00.0,1854,18,SPADINA AV,FORT YORK BV,80 m South of,NULL,NULL,NULL,NULL,Mid-Block,Non Intersection,No Control,Clear,Daylight,Wet,Non-Fatal Injury,Rear End,D52,77,Waterfront Communities-The Island (77),"{'type': 'Point', 'coordinates': (-79.392742, 43.63985400000001)}"
9001959528,2019,00:00.0,1918,19,LESLIE ST,RAVEL RD,20 m North of,1,North York,17,33,Intersection,At Intersection,Traffic Signal,Clear,Daylight,Dry,Non-Fatal Injury,Pedestrian Collisions,D33,48,Hillcrest Village (48),"{'type': 'Point', 'coordinates': (-79.36835000000002, 43.791484)}"
374527,2020,00:00.0,320,3,GRANDRAVINE DR,FUTURA DR,35 m East of,NULL,NULL,NULL,NULL,Mid-Block,Non Intersection,No Control,Clear,"Dark, artificial",Dry,Non-Fatal Injury,SMV Other,D31,25,Glenfield-Jane Heights (25),"{'type': 'Point', 'coordinates': (-79.506801, 43.748645)}"
1302166,2020,00:00.0,135,1,SOUTH KINGSWAY,QUEENSWAY S KINGSWAY RAMP,2 m South of,NULL,NULL,NULL,NULL,Mid-Block,Non Intersection,No Control,Clear,Dark,Dry,Non-Fatal Injury,Angle,D11,87,High Park-Swansea (87),"{'type': 'Point', 'coordinates': (-79.474475, 43.636096)}"
9002248311,2019,00:00.0,1340,13,MCCOWAN RD,SANDHURST CRCL,NULL,1,Scarborough,NULL,NULL,Intersection,At Intersection,Traffic Signal,Rain,Daylight,Wet,Fatal,Cyclist Collisions,D42,129,Agincourt North (129),"{'type': 'Point', 'coordinates': (-79.269183, 43.81154500000001)}"
1994232,2020,00:00.0,8,0,SHEPPARD AVE E,KENNEDY RD,NULL,1,Scarborough,22,42,Mid-Block,Non Intersection,No Control,Clear,"Dark, artificial",Dry,Fatal,SMV Other,D42,118,Tam O'Shanter-Sullivan (118),"{'type': 'Point', 'coordinates': (-79.289821, 43.782828)}"
1655498,2020,00:00.0,230,2,67 POTTERY RD,BROADVIEW AVE,339 m West of,NULL,NULL,NULL,NULL,Mid-Block,Non Intersection,No Control,Rain,"Dark, artificial",Wet,Non-Fatal Injury,SMV Other,D53,56,Leaside-Bennington (56),"{'type': 'Point', 'coordinates': (-79.36343, 43.688583)}"
9001960766,2019,00:00.0,2259,22,THE QUEENSWAY,STOCK AVE,47 m East of,1,Etobicoke York,3,22,Mid-Block,Non Intersection,No Control,Clear,"Dark, artificial",Dry,Non-Fatal Injury,Rear End,D22,14,Islington-City Centre West (14),"{'type': 'Point', 'coordinates': (-79.52484400000002, 43.621298)}"
9002496688,2019,00:00.0,2324,23,2901 JANE  ST,NULL,3 m East of,1,Etobicoke York,7,31,Mid-Block,Non Intersection,No Control,Clear,"Dark, artificial",Dry,Non-Fatal Injury,Pedestrian Collisions,D31,25,Glenfield-Jane Heights (25),"{'type': 'Point', 'coordinates': (-79.51665, 43.753241)}"
1995407,2020,00:00.0,744,7,LAWRENCE AVE E,ASTERFIELD DR,10 m West of,NULL,NULL,NULL,NULL,Intersection,Intersection Related,No Control,Rain,"Dark, artificial",Wet,Non-Fatal Injury,Turning Movement,D43,136,West Hill (136),"{'type': 'Point', 'coordinates': (-79.173893, 43.771152)}"
1656894,2020,00:00.0,937,9,BATHURST ST,WOLSELEY ST,8 m East of,1,Toronto and East York,10,14,Intersection,At Intersection,Stop Sign,Clear,Daylight,Dry,Non-Fatal Injury,SMV Other,D14,78,Kensington-Chinatown (78),"{'type': 'Point', 'coordinates': (-79.404293, 43.648017)}"
1311242,2020,00:00.0,950,9,YONGE ST,EGLINTON AV W,16 m West of,1,North York,NULL,53,Mid-Block,Non Intersection,Traffic Signal,Clear,Daylight,Dry,Non-Fatal Injury,Cyclist Collisions,D53,104,Mount Pleasant West (104),"{'type': 'Point', 'coordinates': (-79.398342, 43.706729)}"
450834,2020,00:00.0,1532,15,BLOOR ST W,BRENTWOOD RD S,NULL,1,Etobicoke York,3,22,Intersection,At Intersection,Stop Sign,Rain,Daylight,Wet,Non-Fatal Injury,Pedestrian Collisions,D22,16,Stonegate-Queensway (16),"{'type': 'Point', 'coordinates': (-79.513545, 43.646804)}"
9002250023,2019,00:00.0,1800,18,EGLINTON AVE W,GUESTVILLE AVE,NULL,1,Etobicoke York,5,12,Intersection,At Intersection,No Control,Rain,"Dark, artificial",Wet,Non-Fatal Injury,Pedestrian Collisions,D12,115,Mount Dennis (115),"{'type': 'Point', 'coordinates': (-79.490619, 43.686656)}"
9002500056,2019,00:00.0,1439,14,1325 ST CLAIR AVE W,NULL,NULL,1,Etobicoke York,9,13,Mid-Block,Non Intersection,No Control,Clear,Daylight,Dry,Non-Fatal Injury,Pedestrian Collisions,D13,92,Corso Italia-Davenport (92),"{'type': 'Point', 'coordinates': (-79.448985, 43.676577)}"
2019769,2020,00:00.0,1621,16,DUPONT ST,CHRISTIE ST,NULL,1,Toronto and East York,11,14,Intersection,Intersection Related,Traffic Signal,Clear,Daylight,Dry,Fatal,Pedestrian Collisions,D14,95,Annex (95),"{'type': 'Point', 'coordinates': (-79.421504, 43.671549)}"
9001963574,2019,00:00.0,1100,11,NORTHVIEW AVE,VICTORIA PARK AVE,120 m East of,4,Toronto and East York,20,41,Mid-Block,At/Near Private Drive,No Control,Clear,Daylight,Dry,Non-Fatal Injury,Pedestrian Collisions,D41,122,Birchcliffe-Cliffside (122),"{'type': 'Point', 'coordinates': (-79.283298, 43.68330600000001)}"
1670162,2020,00:00.0,431,4,DUNDAS ST W,NOTTINGHAM DR,NULL,1,Etobicoke York,2,22,Mid-Block,Non Intersection,No Control,Clear,"Dark, artificial",Dry,Fatal,SMV Other,D22,15,Kingsway South (15),"{'type': 'Point', 'coordinates': (-79.522228, 43.655867)}"
1331742,2020,00:00.0,218,2,RIVERWOOD PKWY,HUMBER VALLEY RD,44 m West of,NULL,NULL,NULL,NULL,Mid-Block,Non Intersection,No Control,Clear,"Dark, artificial",Dry,Non-Fatal Injury,SMV Other,D22,16,Stonegate-Queensway (16),"{'type': 'Point', 'coordinates': (-79.490726, 43.640117)}"
382209,2020,00:00.0,707,7,DON MILLS RD,LAWRENCE AVE E,NULL,1,Etobicoke York,16,33,Intersection,At Intersection,Traffic Signal,Clear,Daylight,Dry,Non-Fatal Injury,Angle,D33,42,Banbury-Don Mills (42),"{'type': 'Point', 'coordinates': (-79.34341, 43.737101)}"
2026103,2020,00:00.0,1620,16,BATHURST ST,5988 BATHURST ST,15 m West of,1,North York,NULL,32,NULL,At/Near Private Drive,No Control,Clear,Daylight,Dry,Non-Fatal Injury,Pedestrian Collisions,D32,36,Newtonbrook West (36),"{'type': 'Point', 'coordinates': (-79.445766, 43.784778)}"
9002500260,2019,00:00.0,1514,15,GERRARD ST W,BAY ST,NULL,1,Toronto and East York,11,52,Intersection,At Intersection,Traffic Signal,Clear,Daylight,Dry,Non-Fatal Injury,Pedestrian Collisions,D52,76,Bay Street Corridor (76),"{'type': 'Point', 'coordinates': (-79.384853, 43.658438)}"
1343123,2020,00:00.0,1802,18,LAWRENCE AVE E,MCMILLAN AVE,NULL,3,Scarborough,25,43,Intersection,Intersection Related,No Control,Clear,Daylight,Dry,Fatal,Approaching,D43,136,West Hill (136),"{'type': 'Point', 'coordinates': (-79.165462, 43.77298600000001)}"
540779,2020,00:00.0,1523,15,BRIMLEY RD,KINGSTON RD,NULL,1,Scarborough,20,NULL,Intersection,At Intersection,Traffic Signal,Clear,Daylight,Dry,Non-Fatal Injury,Turning Movement,D43,123,Cliffcrest (123),"{'type': 'Point', 'coordinates': (-79.240329, 43.718154)}"
385373,2020,00:00.0,1655,16,VICTORIA PARK AVE,HUNTINGWOOD DR,NULL,1,North York,NULL,NULL,Intersection,At Intersection,Traffic Signal,Clear,Daylight,Dry,Fatal,Pedestrian Collisions,D42,117,L'Amoreaux (117),"{'type': 'Point', 'coordinates': (-79.325359, 43.78028)}"
401654,2020,00:00.0,2105,21,ST CLAIR AVE W,OLD WESTON RD,NULL,1,Etobicoke York,9,NULL,Intersection,At Intersection,Traffic Signal,Clear,"Dark, artificial",Dry,Non-Fatal Injury,SMV Other,D11,91,Weston-Pellam Park (91),"{'type': 'Point', 'coordinates': (-79.463008, 43.673464)}"
418177,2020,00:00.0,650,6,SHERBOURNE ST,KING ST E,NULL,1,Toronto East York,13,51,Intersection,At Intersection,Traffic Signal,Clear,Dawn,Dry,Non-Fatal Injury,SMV Other,D51,73,Moss Park (73),"{'type': 'Point', 'coordinates': (-79.368228, 43.651187)}"
418513,2020,00:00.0,810,8,YONGE ST,EMPRESS AVE,NULL,1,North York,18,32,Intersection,At Intersection,Traffic Signal,Clear,Daylight,Wet,Non-Fatal Injury,Pedestrian Collisions,D32,51,Willowdale East (51),"{'type': 'Point', 'coordinates': (-79.41286, 43.769202)}"
429600,2020,00:00.0,1716,17,FINCH AVE W,SILVERSTONE DR,NULL,1,Etobicoke York,1,23,Intersection,At Intersection,Traffic Signal,Clear,Daylight,Dry,Non-Fatal Injury,Pedestrian Collisions,D23,1,West Humber-Clairville (1),"{'type': 'Point', 'coordinates': (-79.594913, 43.73594500000001)}"
437574,2020,00:00.0,2100,21,WILSON AVE,PETHERHILL  AVE,27 m East of,1,North York,6,31,Intersection,Intersection Related,No Control,Clear,"Dark, artificial",Dry,Non-Fatal Injury,Other,D31,26,Downsview-Roding-CFB (26),"{'type': 'Point', 'coordinates': (-79.491039, 43.724547)}"
442335,2020,00:00.0,1410,14,GERRARD ST E,BLANTYRE AVE,3 m West of,3,Scarborough,20,41,Intersection,At Intersection,Pedestrian Crossover,Rain,Daylight,Wet,Non-Fatal Injury,Pedestrian Collisions,D41,122,Birchcliffe-Cliffside (122),"{'type': 'Point', 'coordinates': (-79.283931, 43.687380000000005)}"
444225,2020,00:00.0,1815,18,KEELE ST,ST REGIS CRES,NULL,1,North York,NULL,31,Intersection,At Intersection,Traffic Signal,Clear,Dark,Wet,Non-Fatal Injury,Pedestrian Collisions,D31,27,York University Heights (27),"{'type': 'Point', 'coordinates': (-79.488719, 43.754439)}"
450742,2020,00:00.0,1520,15,GERRARD ST E,NORWOOD RD,NULL,3,Toronto East York,19,55,Intersection,At Intersection,Pedestrian Crossover,Rain,Daylight,Wet,Non-Fatal Injury,Pedestrian Collisions,D55,62,East End-Danforth (62),"{'type': 'Point', 'coordinates': (-79.302806, 43.683299)}"
451712,2020,00:00.0,1726,17,SCARLETT RD,EDENBRIDGE DR,NULL,3,Etobicoke York,2,22,Intersection,At Intersection,Traffic Signal,Clear,Dark,Wet,Non-Fatal Injury,Turning Movement,D22,8,Humber Heights-Westmount (8),"{'type': 'Point', 'coordinates': (-79.508807, 43.680697)}"