ACCNUM,YEAR,DATE,TIME,HOUR,STREET1,STREET2,OFFSET,ROAD_CLASS,DISTRICT,WARDNUM,DIVISION,LOCCOORD,ACCLOC,TRAFFCTL,VISIBILITY,LIGHT,RDSFCOND,ACCLASS,IMPACTYPE,POLICE_DIVISION,HOOD_ID,NEIGHBOURHOOD,geometry
1261497,2011,00:00.0,1127,11,YONGE ST,ELM ST,NULL,1,Toronto and East York,NULL,NULL,Intersection,NULL,No Control,Clear,Daylight,Dry,Non-Fatal Injury,Pedestrian Collisions,D51,75,Church-Yonge Corridor (75),"{'type': 'Point', 'coordinates': (-79.38159, 43.657945)}"
1260146,2011,00:00.0,630,6,SPADINA AVE W,KING ST W,NULL,1,Toronto and East York,10,NULL,Intersection,At Intersection,Traffic Signal,Clear,Dark,Dry,Fatal,Pedestrian Collisions,D52,77,Waterfront Communities-The Island (77),"{'type': 'Point', 'coordinates': (-79.39499, 43.645445)}"
1293835,2012,00:00.0,1239,12,DUPLEX AVE,ANDERSON AVE,NULL,2,Toronto and East York,12,53,Intersection,At Intersection,Stop Sign,Clear,Daylight,Dry,Fatal,Pedestrian Collisions,D53,100,Yonge-Eglinton (100),"{'type': 'Point', 'coordinates': (-79.40049, 43.704245)}"
1260759,2011,00:00.0,1515,15,QUEEN ST E,HASTINGS AVE,NULL,3,Toronto and East York,14,55,Intersection,NULL,No Control,Clear,Daylight,Dry,Non-Fatal Injury,Pedestrian Collisions,D55,70,South Riverdale (70),"{'type': 'Point', 'coordinates': (-79.32899, 43.663545)}"
1260760,2011,00:00.0,1835,18,EDITH DR,ORCHARD VIEW BLVD,NULL,2,North York,8,53,Intersection,At Intersection,Stop Sign,Clear,Dark,Dry,Non-Fatal Injury,Pedestrian Collisions,D53,100,Yonge-Eglinton (100),"{'type': 'Point', 'coordinates': (-79.40329, 43.707245)}"
1261275,2011,00:00.0,926,9,SNOWCREST AVE,WYVERN RD,NULL,4,North York,17,33,Intersection,At Intersection,Stop Sign,Rain,Daylight,Wet,Non-Fatal Injury,Pedestrian Collisions,D33,49,Bayview Woods-Steeles (49),"{'type': 'Point', 'coordinates': (-79.38609, 43.791845)}"
1261319,2011,00:00.0,1938,19,BATHURST ST,VAUGHAN RD,NULL,1,Toronto and East York,12,13,Intersection,At Intersection,No Control,Rain,Dark,Wet,Non-Fatal Injury,Pedestrian Collisions,D13,96,Casa Loma (96),"{'type': 'Point', 'coordinates': (-79.41769, 43.681645)}"
1261321,2011,00:00.0,1952,19,QUEENS PARK,QUEENS PARK CRES W,NULL,1,Toronto and East York,11,52,Mid-Block,NULL,No Control,Rain,Dark,Wet,Non-Fatal Injury,Pedestrian Collisions,D52,76,Bay Street Corridor (76),"{'type': 'Point', 'coordinates': (-79.39329, 43.666745)}"
1264906,2011,00:00.0,845,8,MIDDLEFIELD RD,PASSMORE AVE,NULL,3,Scarborough,23,42,Intersection,At Intersection,Traffic Signal,Clear,Daylight,Dry,Non-Fatal Injury,Cyclist Collisions,D42,130,Milliken (130),"{'type': 'Point', 'coordinates': (-79.26519, 43.827345)}"
1271103,2011,00:00.0,1510,15,JANE ST,GRANDRAVINE DR,NULL,1,Etobicoke York,7,31,Intersection,At Intersection,Traffic Signal,Clear,Daylight,Dry,Non-Fatal Injury,Pedestrian Collisions,D31,25,Glenfield-Jane Heights (25),"{'type': 'Point', 'coordinates': (-79.51509, 43.747045)}"
1271644,2011,00:00.0,1405,14,ROGERS RD,SILVERTHORN AVE,NULL,3,Etobicoke York,NULL,12,Mid-Block,NULL,No Control,Clear,Daylight,Dry,Non-Fatal Injury,Rear End,D12,110,Keelesdale-Eglinton West (110),"{'type': 'Point', 'coordinates': (-79.46269, 43.682944)}"
1277761,2011,00:00.0,1920,19,CHURCH ST,GOULD ST,NULL,3,Toronto and East York,13,51,Intersection,At Intersection,Traffic Signal,Clear,Dark,Dry,Non-Fatal Injury,Cyclist Collisions,D51,75,Church-Yonge Corridor (75),"{'type': 'Point', 'coordinates': (-79.37789, 43.658245)}"
1271678,2011,00:00.0,2020,20,FINCH Aven W,KIPLING Aven,NULL,1,Etobicoke York,1,23,Intersection,NULL,No Control,Clear,Dark,Dry,Non-Fatal Injury,Pedestrian Collisions,D23,3,Thistletown-Beaumond Heights (3),"{'type': 'Point', 'coordinates': (-79.58199, 43.743245)}"
1268357,2011,00:00.0,2000,20,DANFORTH AVE,AUGUST AVE,NULL,1,Scarborough,20,41,Intersection,At Intersection,No Control,Clear,Dark,Dry,Non-Fatal Injury,Pedestrian Collisions,D41,121,Oakridge (121),"{'type': 'Point', 'coordinates': (-79.28109, 43.692845)}"
1265988,2011,00:00.0,915,9,LAIRD DR,MILLWOOD RD,NULL,1,North York,15,53,Intersection,At Intersection,Traffic Signal,Clear,Daylight,Dry,Non-Fatal Injury,Rear End,D53,55,Thorncliffe Park (55),"{'type': 'Point', 'coordinates': (-79.36059, 43.703145)}"
1272062,2011,00:00.0,1030,10,240 WELLESLEY St E,NULL,NULL,3,Toronto and East York,13,51,Intersection,NULL,No Control,Clear,Daylight,Dry,Non-Fatal Injury,Cyclist Collisions,D51,71,Cabbagetown-South St.James Town (71),"{'type': 'Point', 'coordinates': (-79.37089, 43.667845)}"
1288652,2012,00:00.0,1438,14,LAWRENCE Aven E,MILDENHALL Road,NULL,1,North York,15,NULL,Mid-Block,NULL,No Control,Clear,Daylight,Dry,Non-Fatal Injury,Rear End,D53,41,Bridle Path-Sunnybrook-York Mills (41),"{'type': 'Point', 'coordinates': (-79.38709, 43.728245)}"
1254931,2011,00:00.0,1354,13,4277 LAWRENCE AVE E,NULL,NULL,3,Scarborough,25,43,Mid-Block,NULL,No Control,Rain,Daylight,Wet,Non-Fatal Injury,Cyclist Collisions,D43,136,West Hill (136),"{'type': 'Point', 'coordinates': (-79.17909, 43.770045)}"
1264189,2011,00:00.0,2122,21,BATHURST St,HERRICK St,NULL,1,Toronto and East York,11,14,Intersection,NULL,No Control,Clear,Dark,Dry,Non-Fatal Injury,Turning Movement,D14,79,University (79),"{'type': 'Point', 'coordinates': (-79.41019, 43.662645)}"
1273336,2011,00:00.0,712,7,JANE Stre,WILSON Aven,NULL,1,Etobicoke York,NULL,31,Intersection,At Intersection,Traffic Signal,Clear,Dawn,Dry,Non-Fatal Injury,Pedestrian Collisions,D31,26,Downsview-Roding-CFB (26),"{'type': 'Point', 'coordinates': (-79.50859, 43.720945)}"
1256019,2011,00:00.0,1450,14,CONSILIUM PL,CORPORATE DR,NULL,2,Scarborough,24,43,Intersection,At Intersection,Traffic Signal,Clear,Daylight,Dry,Non-Fatal Injury,Turning Movement,D43,137,Woburn (137),"{'type': 'Point', 'coordinates': (-79.25119, 43.779645)}"
1267111,2011,00:00.0,312,3,YONGE ST,SHEPPARD AVE E,NULL,1,North York,18,32,Intersection,At Intersection,Traffic Signal,Clear,"Dark, artificial",Dry,Non-Fatal Injury,Turning Movement,D32,51,Willowdale East (51),"{'type': 'Point', 'coordinates': (-79.41089, 43.761545)}"
1265429,2011,00:00.0,1400,14,YONGE Stre,ST MARY Stre,NULL,1,Toronto and East York,13,NULL,Intersection,NULL,Stop Sign,Clear,Daylight,Dry,Non-Fatal Injury,Pedestrian Collisions,D52,75,Church-Yonge Corridor (75),"{'type': 'Point', 'coordinates': (-79.38589, 43.667945)}"
1254156,2011,00:00.0,1804,18,FINCH AVE E,SKYMARK DR,NULL,1,North York,17,33,Intersection,At Intersection,Traffic Signal,Clear,"Dusk, artificial",Dry,Non-Fatal Injury,Rear End,D33,47,Don Valley Village (47),"{'type': 'Point', 'coordinates': (-79.352252, 43.79309000000001)}"
1266099,2011,00:00.0,1320,13,AVENUE Road,BERNARD Aven,NULL,1,Toronto and East York,11,53,Intersection,NULL,No Control,Clear,Daylight,Dry,Non-Fatal Injury,Rear End,D53,95,Annex (95),"{'type': 'Point', 'coordinates': (-79.39629, 43.673945)}"
1265542,2011,00:00.0,120,1,DAVENPORT RD,HURON ST,NULL,3,Toronto and East York,12,53,Intersection,At Intersection,Stop Sign,Clear,Dark,Dry,Non-Fatal Injury,SMV Other,D53,96,Casa Loma (96),"{'type': 'Point', 'coordinates': (-79.40569, 43.678045)}"
1254898,2011,00:00.0,355,3,KIPLING Aven,THORNCREST Road,NULL,1,Etobicoke York,2,22,Intersection,At Intersection,Stop Sign,Clear,Dark,Dry,Non-Fatal Injury,Pedestrian Collisions,D22,10,Princess-Rosethorn (10),"{'type': 'Point', 'coordinates': (-79.54389, 43.661345)}"
1265838,2011,00:00.0,1955,19,BLACK CREEK DR,TRETHEWEY DR,NULL,1,Etobicoke York,5,12,Intersection,At Intersection,Traffic Signal,Rain,Dark,Wet,Non-Fatal Injury,Pedestrian Collisions,D12,112,Beechborough-Greenbrook (112),"{'type': 'Point', 'coordinates': (-79.48609, 43.694645)}"
1255068,2011,00:00.0,1723,17,ANTIBES DR,BATHURST ST,NULL,1,North York,NULL,32,Intersection,At Intersection,Traffic Signal,Clear,Daylight,Dry,Non-Fatal Injury,Cyclist Collisions,D32,36,Newtonbrook West (36),"{'type': 'Point', 'coordinates': (-79.44479, 43.781045)}"
1266347,2011,00:00.0,2233,22,DUFFERIN Stre,DUNDAS Stre W,NULL,3,Toronto and East York,9,NULL,Intersection,At Intersection,Traffic Signal,Clear,"Dark, artificial",Wet,Non-Fatal Injury,Cyclist Collisions,D11,84,Little Portugal (84),"{'type': 'Point', 'coordinates': (-79.43149, 43.64964500000001)}"
1266314,2011,00:00.0,2328,23,DANFORTH AVE,COXWELL AVE,NULL,1,Toronto and East York,NULL,NULL,Intersection,At Intersection,Traffic Signal,Rain,Dark,Wet,Non-Fatal Injury,Pedestrian Collisions,D55,64,Woodbine Corridor (64),"{'type': 'Point', 'coordinates': (-79.32359, 43.683345)}"
1266571,2011,00:00.0,936,9,KINGSTON RD,BLANTYRE AVE,NULL,1,Scarborough,20,41,Mid-Block,NULL,No Control,Clear,Daylight,Dry,Non-Fatal Injury,Pedestrian Collisions,D41,122,Birchcliffe-Cliffside (122),"{'type': 'Point', 'coordinates': (-79.28079, 43.681645)}"
1255918,2011,00:00.0,1617,16,O CONNOR Driv,DOHME Aven,NULL,1,Toronto and East York,19,54,Intersection,At Intersection,Traffic Signal,Clear,Daylight,Dry,Non-Fatal Injury,Pedestrian Collisions,D54,54,O'Connor-Parkview (54),"{'type': 'Point', 'coordinates': (-79.30899, 43.710545)}"
1266373,2011,00:00.0,1910,19,MOUNT PLEASANT Road,KEEWATIN Aven,NULL,1,North York,15,53,Intersection,At Intersection,Stop Sign,Clear,Dark,Dry,Non-Fatal Injury,Turning Movement,D53,99,Mount Pleasant East (99),"{'type': 'Point', 'coordinates': (-79.39219, 43.713745)}"
1255438,2011,00:00.0,243,2,DIXON Rd,CARLINGVIEW Dr,NULL,1,Etobicoke York,1,23,Mid-Block,NULL,No Control,Clear,"Dark, artificial",Dry,Non-Fatal Injury,SMV Other,D23,1,West Humber-Clairville (1),"{'type': 'Point', 'coordinates': (-79.59699, 43.686645000000006)}"
1266558,2011,00:00.0,1613,16,HARBORD ST,MAJOR ST,NULL,3,Toronto and East York,11,14,Intersection,At Intersection,No Control,Rain,Daylight,Wet,Non-Fatal Injury,Cyclist Collisions,D14,79,University (79),"{'type': 'Point', 'coordinates': (-79.40479, 43.662445)}"
1255565,2011,00:00.0,1912,19,MARTIN GROVE Road,DIXON Road,NULL,1,Etobicoke York,NULL,23,Intersection,At Intersection,Traffic Signal,Rain,Dark,Wet,Fatal,Pedestrian Collisions,D23,1,West Humber-Clairville (1),"{'type': 'Point', 'coordinates': (-79.57079, 43.691545)}"
1266612,2011,00:00.0,1505,15,BIRMINGHAM Stre,ETTA WYLIE Road,NULL,2,Etobicoke York,3,22,Intersection,At Intersection,No Control,Clear,Daylight,Dry,Non-Fatal Injury,Cyclist Collisions,D22,18,New Toronto (18),"{'type': 'Point', 'coordinates': (-79.51009, 43.602445)}"
1266936,2011,00:00.0,130,1,1279 BLOOR St W,NULL,NULL,1,Toronto and East York,9,11,Mid-Block,NULL,No Control,Clear,Dark,Dry,Non-Fatal Injury,Pedestrian Collisions,D11,83,Dufferin Grove (83),"{'type': 'Point', 'coordinates': (-79.44219, 43.658445)}"
1266995,2011,00:00.0,1945,19,GRACEDALE Boul,DUNCANWOODS Driv,NULL,2,Etobicoke York,7,31,Intersection,At Intersection,Stop Sign,Clear,Dark,Dry,Non-Fatal Injury,Cyclist Collisions,D31,21,Humber Summit (21),"{'type': 'Point', 'coordinates': (-79.56039, 43.751045)}"
1267110,2011,00:00.0,1905,19,16 STORMONT AVE,NULL,NULL,4,North York,8,53,Mid-Block,NULL,No Control,Clear,Daylight,Dry,Non-Fatal Injury,Pedestrian Collisions,D53,39,Bedford Park-Nortown (39),"{'type': 'Point', 'coordinates': (-79.42329, 43.719745)}"
1259697,2011,00:00.0,830,8,BATHURST Stre,REINER Road,NULL,1,North York,6,32,Intersection,At Intersection,Stop Sign,Clear,Daylight,Dry,Non-Fatal Injury,Pedestrian Collisions,D32,38,Lansing-Westgate (38),"{'type': 'Point', 'coordinates': (-79.43769, 43.752345)}"
1267808,2011,00:00.0,1515,15,WELLINGTON ST W,BLUE JAYS WAY,NULL,2,Toronto and East York,10,52,Intersection,NULL,Traffic Signal,Clear,Daylight,Dry,Non-Fatal Injury,Pedestrian Collisions,D52,77,Waterfront Communities-The Island (77),"{'type': 'Point', 'coordinates': (-79.39179, 43.644745)}"
1267797,2011,00:00.0,1912,19,LAKE SHORE BLVD W,KIPLING AVE,NULL,1,Etobicoke York,3,22,Intersection,At Intersection,Traffic Signal,Rain,Dark,Wet,Non-Fatal Injury,Pedestrian Collisions,D22,18,New Toronto (18),"{'type': 'Point', 'coordinates': (-79.51689, 43.598145)}"
1256813,2011,00:00.0,1248,12,WILLIAM R ALLEN RD N,SHEPPARD AVE W,NULL,1,North York,6,32,Mid-Block,NULL,Traffic Signal,Clear,Daylight,Dry,Non-Fatal Injury,Sideswipe,D32,26,Downsview-Roding-CFB (26),"{'type': 'Point', 'coordinates': (-79.46239, 43.74794500000001)}"
1258477,2011,00:00.0,640,6,KIPLING Aven,FROST Stre,NULL,1,Etobicoke York,1,23,Intersection,NULL,No Control,Rain,Daylight,Wet,Non-Fatal Injury,Pedestrian Collisions,D23,4,Rexdale-Kipling (4),"{'type': 'Point', 'coordinates': (-79.56789, 43.714145)}"
1267989,2011,00:00.0,1609,16,BAY ST,GRENVILLE ST,NULL,1,Toronto and East York,NULL,52,Mid-Block,NULL,No Control,Clear,Daylight,Dry,Non-Fatal Injury,Cyclist Collisions,D52,76,Bay Street Corridor (76),"{'type': 'Point', 'coordinates': (-79.38619, 43.662045)}"
1267990,2011,00:00.0,1700,17,QUEEN ST E,HILTZ AVE,NULL,3,Toronto and East York,14,55,Mid-Block,NULL,No Control,Clear,Daylight,Dry,Non-Fatal Injury,Rear End,D55,65,Greenwood-Coxwell (65),"{'type': 'Point', 'coordinates': (-79.32679, 43.663945)}"
1257535,2011,00:00.0,1716,17,KIPLING AVE,REDWATER DR,NULL,1,Etobicoke York,1,23,Mid-Block,NULL,No Control,Clear,Daylight,Dry,Non-Fatal Injury,SMV Other,D23,4,Rexdale-Kipling (4),"{'type': 'Point', 'coordinates': (-79.56819, 43.714845)}"
1257517,2011,00:00.0,829,8,LAWRENCE Aven W,LEDBURY Stre,NULL,1,North York,8,NULL,Intersection,NULL,Traffic Signal,Clear,Daylight,Dry,Non-Fatal Injury,Pedestrian Collisions,D32,39,Bedford Park-Nortown (39),"{'type': 'Point', 'coordinates': (-79.42249, 43.720845)}"
1257763,2011,00:00.0,1945,19,JANE St,COURAGE Ave,NULL,1,Etobicoke York,7,31,Intersection,At Intersection,No Control,Clear,Dark,Dry,Non-Fatal Injury,Pedestrian Collisions,D31,25,Glenfield-Jane Heights (25),"{'type': 'Point', 'coordinates': (-79.51459, 43.744845)}"
1262837,2011,00:00.0,1450,14,DANFORTH Aven,CHISHOLM Aven,NULL,1,Toronto and East York,19,NULL,Mid-Block,At Intersection,No Control,Clear,Daylight,Dry,Non-Fatal Injury,Pedestrian Collisions,D54,62,East End-Danforth (62),"{'type': 'Point', 'coordinates': (-79.30339, 43.687845)}"
1279958,2012,00:00.0,1725,17,YONGE ST,THE ESPLANADE Stre E,NULL,1,Toronto and East York,NULL,NULL,Mid-Block,NULL,No Control,Drifting Snow,"Dusk, artificial",Dry,Non-Fatal Injury,Pedestrian Collisions,D52,77,Waterfront Communities-The Island (77),"{'type': 'Point', 'coordinates': (-79.37679, 43.646445)}"
1266689,2011,00:00.0,1635,16,BIRCHMOUNT RD,BESWICK PARK  CRT,NULL,1,Scarborough,22,42,Intersection,NULL,No Control,Rain,"Dark, artificial",Wet,Non-Fatal Injury,Pedestrian Collisions,D42,116,Steeles (116),"{'type': 'Point', 'coordinates': (-79.31319, 43.813045)}"
8000879182,2018,00:00.0,2237,22,LAKE SHORE BLVD W,THIRTEENTH ST,NULL,1,Etobicoke York,3,22,Intersection,Intersection Related,No Control,NULL,Dark,NULL,Fatal,Sideswipe,D22,18,New Toronto (18),"{'type': 'Point', 'coordinates': (-79.512874, 43.599005)}"
1279961,2012,00:00.0,1850,18,STEELES Ave W,KLONDIKE Dr,NULL,1,Etobicoke York,7,31,Intersection,NULL,No Control,Clear,"Dark, artificial",Dry,Non-Fatal Injury,Rear End,D31,21,Humber Summit (21),"{'type': 'Point', 'coordinates': (-79.55219, 43.769145)}"
1289541,2012,00:00.0,305,3,ST DENNIS Dr,LINKWOOD LANE,NULL,3,North York,16,54,Mid-Block,NULL,No Control,Snow,"Dark, artificial",Loose Snow,Non-Fatal Injury,Approaching,D54,44,Flemingdon Park (44),"{'type': 'Point', 'coordinates': (-79.32679, 43.72264500000001)}"
1280050,2012,00:00.0,404,4,DUNDAS ST E,GEORGE ST,NULL,1,Toronto and East York,13,51,Mid-Block,At Intersection,No Control,Clear,"Dark, artificial",Loose Snow,Non-Fatal Injury,SMV Other,D51,73,Moss Park (73),"{'type': 'Point', 'coordinates': (-79.37299, 43.657745)}"
1280536,2012,00:00.0,1526,15,KEELE ST,WILSON AVE,NULL,1,North York,6,31,Mid-Block,At Intersection,No Control,Clear,Daylight,Dry,Non-Fatal Injury,Pedestrian Collisions,D31,26,Downsview-Roding-CFB (26),"{'type': 'Point', 'coordinates': (-79.48189, 43.726045)}"
1289091,2012,00:00.0,1505,15,EGLINTON Ave E,BROWNLOW Ave,NULL,1,Toronto and East York,12,53,Mid-Block,NULL,No Control,Clear,Daylight,Wet,Non-Fatal Injury,SMV Other,D53,104,Mount Pleasant West (104),"{'type': 'Point', 'coordinates': (-79.39089, 43.708245)}"
1288937,2012,00:00.0,1542,15,FINCH AVE E,BRIMLEY RD,NULL,1,Scarborough,23,42,Intersection,At Intersection,Traffic Signal,Clear,Daylight,Dry,Non-Fatal Injury,Pedestrian Collisions,D42,129,Agincourt North (129),"{'type': 'Point', 'coordinates': (-79.27739, 43.805745)}"
1289419,2012,00:00.0,1430,14,KING St W,TECUMSETH St,NULL,1,Toronto and East York,10,14,Intersection,At Intersection,Traffic Signal,Clear,Daylight,Wet,Non-Fatal Injury,Cyclist Collisions,D14,82,Niagara (82),"{'type': 'Point', 'coordinates': (-79.40529, 43.643345)}"
1280520,2012,00:00.0,1100,11,250 THE EAST MALL,NULL,NULL,3,Etobicoke York,3,22,Intersection,At Intersection,Traffic Signal,Clear,Daylight,Dry,Non-Fatal Injury,Turning Movement,D22,14,Islington-City Centre West (14),"{'type': 'Point', 'coordinates': (-79.55229, 43.631445)}"
1289501,2012,00:00.0,1415,14,COXWELL AVE,QUEEN ST E,NULL,3,Toronto and East York,NULL,55,Intersection,At Intersection,Traffic Signal,Clear,Daylight,Wet,Non-Fatal Injury,Other,D55,65,Greenwood-Coxwell (65),"{'type': 'Point', 'coordinates': (-79.31659, 43.666345)}"
1280694,2012,00:00.0,1942,19,STEELES AVE E,YONGE ST,NULL,1,North York,18,32,Intersection,At Intersection,Traffic Signal,Clear,Dark,Wet,Non-Fatal Injury,Pedestrian Collisions,D32,50,Newtonbrook East (50),"{'type': 'Point', 'coordinates': (-79.42009, 43.797945000000006)}"
1289649,2012,00:00.0,515,5,ISLINGTON AVE,SANDHILL DR,NULL,1,Etobicoke York,1,23,Mid-Block,At Intersection,No Control,Snow,Dark,Packed Snow,Non-Fatal Injury,Approaching,D23,3,Thistletown-Beaumond Heights (3),"{'type': 'Point', 'coordinates': (-79.56439, 43.735045)}"
1290476,2012,00:00.0,1505,15,BROADVIEW AVE,BAIN AVE,NULL,3,Toronto and East York,14,55,Intersection,NULL,No Control,Clear,Daylight,Dry,Non-Fatal Injury,Pedestrian Collisions,D55,68,North Riverdale (68),"{'type': 'Point', 'coordinates': (-79.35389, 43.670445)}"
1281322,2012,00:00.0,1551,15,47 RAVINE PARK CRES,NULL,NULL,4,Scarborough,25,43,Mid-Block,NULL,No Control,Rain,Daylight,Wet,Non-Fatal Injury,SMV Other,D43,131,Rouge (131),"{'type': 'Point', 'coordinates': (-79.136089, 43.788745)}"
1290049,2012,00:00.0,1910,19,STEELES AVE E,TOWNSEND RD,NULL,1,North York,17,33,Intersection,At Intersection,Traffic Signal,Clear,Dark,Wet,Non-Fatal Injury,Pedestrian Collisions,D33,48,Hillcrest Village (48),"{'type': 'Point', 'coordinates': (-79.35749, 43.811945)}"
1277427,2011,00:00.0,1840,18,KENNEDY RD,401 C E KENNEDY RAMP RD,NULL,1,Scarborough,21,41,Intersection,NULL,Traffic Signal,Clear,"Daylight, artificial",Wet,Non-Fatal Injury,Angle,D41,126,Dorset Park (126),"{'type': 'Point', 'coordinates': (-79.28379000000001, 43.773045)}"
1342832,2012,00:00.0,2040,20,MIDLAND AVE,EGLINTON AVE E,NULL,1,Scarborough,NULL,41,Intersection,At Intersection,Traffic Signal,Clear,Dark,Dry,Non-Fatal Injury,Pedestrian Collisions,D41,138,Eglinton East (138),"{'type': 'Point', 'coordinates': (-79.25809, 43.734545)}"
1290615,2012,00:00.0,142,1,WOODBINE AVE,DANFORTH AVE,NULL,1,Toronto and East York,19,55,Mid-Block,NULL,No Control,Clear,Dark,Dry,Non-Fatal Injury,SMV Unattended Vehicle,D55,62,East End-Danforth (62),"{'type': 'Point', 'coordinates': (-79.31259, 43.685145)}"
1290624,2012,00:00.0,2020,20,DUNDAS ST W,ST CLARENS AVE,NULL,3,Toronto and East York,9,11,Intersection,At Intersection,Stop Sign,Clear,Dark,Dry,Non-Fatal Injury,Cyclist Collisions,D11,83,Dufferin Grove (83),"{'type': 'Point', 'coordinates': (-79.43829, 43.650045)}"
1282294,2012,00:00.0,2356,23,BATHURST ST,MCALLISTER RD,NULL,1,North York,6,32,Intersection,NULL,No Control,Clear,"Dark, artificial",Dry,Non-Fatal Injury,Pedestrian Collisions,D32,38,Lansing-Westgate (38),"{'type': 'Point', 'coordinates': (-79.43799, 43.753445)}"
1282447,2012,00:00.0,1849,18,JAMESON AVE,LAXTON AVE W,NULL,3,Toronto and East York,4,14,Mid-Block,NULL,No Control,Rain,Dark,Wet,Non-Fatal Injury,Pedestrian Collisions,D14,85,South Parkdale (85),"{'type': 'Point', 'coordinates': (-79.43709, 43.640045)}"
1290852,2012,00:00.0,2023,20,HUMBERLINE DR,HUMBER COLLEGE BLVD,NULL,3,Etobicoke York,1,23,Intersection,At Intersection,Traffic Signal,Rain,Dark,Wet,Non-Fatal Injury,Pedestrian Collisions,D23,1,West Humber-Clairville (1),"{'type': 'Point', 'coordinates': (-79.60909, 43.732145)}"
1291004,2012,00:00.0,1951,19,3850 SHEPPARD AVE E,NULL,NULL,1,Scarborough,22,42,Mid-Block,NULL,No Control,Clear,Daylight,Dry,Non-Fatal Injury,Pedestrian Collisions,D42,118,Tam O'Shanter-Sullivan (118),"{'type': 'Point', 'coordinates': (-79.29249, 43.78234500000001)}"
1291089,2012,00:00.0,110,1,YONGE Stre,EGLINTON Aven E,NULL,1,North York,NULL,53,Mid-Block,NULL,No Control,Clear,Dark,Dry,Non-Fatal Injury,Pedestrian Collisions,D53,104,Mount Pleasant West (104),"{'type': 'Point', 'coordinates': (-79.39849, 43.707345)}"
1291108,2012,00:00.0,1635,16,EGLINTON AVE E,BIRCHMOUNT RD,NULL,1,Scarborough,NULL,41,Intersection,At Intersection,Traffic Signal,Clear,Daylight,Dry,Non-Fatal Injury,Pedestrian Collisions,D41,125,Ionview (125),"{'type': 'Point', 'coordinates': (-79.27789, 43.729945)}"
1291534,2012,00:00.0,1812,18,PARLIAMENT ST,SPRUCE ST,NULL,3,Toronto and East York,13,51,Intersection,NULL,No Control,Clear,Daylight,Dry,Non-Fatal Injury,Pedestrian Collisions,D51,71,Cabbagetown-South St.James Town (71),"{'type': 'Point', 'coordinates': (-79.36759, 43.66324500000001)}"
1291646,2012,00:00.0,1515,15,ADELAIDE Stre W,UNIVERSITY Aven,NULL,1,Toronto and East York,10,52,Mid-Block,NULL,No Control,Clear,Daylight,Dry,Non-Fatal Injury,Pedestrian Collisions,D52,76,Bay Street Corridor (76),"{'type': 'Point', 'coordinates': (-79.38509, 43.648945)}"
1282854,2012,00:00.0,2322,23,KINGSTON Road,SANDOWN Aven,NULL,1,Scarborough,20,41,Intersection,At Intersection,Traffic Signal,Clear,"Dark, artificial",Dry,Non-Fatal Injury,Pedestrian Collisions,D41,122,Birchcliffe-Cliffside (122),"{'type': 'Point', 'coordinates': (-79.24979, 43.708745)}"
1266690,2011,00:00.0,1746,17,DOVEHOUSE AVE,KEELE ST,NULL,1,North York,6,31,Intersection,NULL,Traffic Signal,Rain,"Dark, artificial",Wet,Non-Fatal Injury,Pedestrian Collisions,D31,27,York University Heights (27),"{'type': 'Point', 'coordinates': (-79.48759, 43.749645)}"
1246967,2011,00:00.0,1236,12,LAKE SHORE BLVD W,EIGHTH ST,NULL,1,Etobicoke York,3,22,Intersection,At Intersection,No Control,Clear,Daylight,Dry,Fatal,Pedestrian Collisions,D22,18,New Toronto (18),"{'type': 'Point', 'coordinates': (-79.50639000000001, 43.600445)}"
1269088,2011,00:00.0,1900,19,STEELES AVE E,MARKHAM RD,NULL,1,Scarborough,23,42,Intersection,At Intersection,Traffic Signal,Rain,"Dusk, artificial",Wet,Non-Fatal Injury,Pedestrian Collisions,D42,131,Rouge (131),"{'type': 'Point', 'coordinates': (-79.251178, 43.836589)}"
1247048,2011,00:00.0,1550,15,BATHURST Stre,FOLLIS Aven,NULL,1,Toronto and East York,11,14,Intersection,NULL,No Control,Clear,Daylight,Dry,Non-Fatal Injury,Pedestrian Collisions,D14,95,Annex (95),"{'type': 'Point', 'coordinates': (-79.41299, 43.669545)}"
1247356,2011,00:00.0,1322,13,DANFORTH AVE,BYRON AVE,NULL,1,Toronto and East York,14,NULL,Intersection,NULL,No Control,Clear,Daylight,Dry,Non-Fatal Injury,Pedestrian Collisions,D55,66,Danforth (66),"{'type': 'Point', 'coordinates': (-79.33539, 43.680845)}"
1256431,2011,00:00.0,1604,16,GERRARD Stre E,SCARBOROUGH Road,NULL,3,Toronto and East York,19,55,Intersection,At Intersection,Stop Sign,Clear,Daylight,Dry,Non-Fatal Injury,Turning Movement,D55,62,East End-Danforth (62),"{'type': 'Point', 'coordinates': (-79.28949, 43.686245)}"
1273068,2011,00:00.0,1700,17,BLOOR Stre W,SALEM Aven,NULL,1,Toronto and East York,9,14,Intersection,At Intersection,No Control,Clear,Daylight,Dry,Non-Fatal Injury,Cyclist Collisions,D14,83,Dufferin Grove (83),"{'type': 'Point', 'coordinates': (-79.43169, 43.660645)}"