ACCNUM,YEAR,DATE,TIME,HOUR,STREET1,STREET2,OFFSET,ROAD_CLASS,DISTRICT,WARDNUM,DIVISION,LOCCOORD,ACCLOC,TRAFFCTL,VISIBILITY,LIGHT,RDSFCOND,ACCLASS,IMPACTYPE,POLICE_DIVISION,HOOD_ID,NEIGHBOURHOOD,geometry
1260223,2011,00:00.0,1320,13,BATHURST ST,BARTON AVE,NULL,1,Toronto and East York,11,14,Intersection,At Intersection,Traffic Signal,Clear,Daylight,Dry,Non-Fatal Injury,Turning Movement,D14,95,Annex (95),"{'type': 'Point', 'coordinates': (-79.41239, 43.668145)}"
1256606,2011,00:00.0,1842,18,AILEEN AVE,KEELE ST,NULL,4,Etobicoke York,5,12,Mid-Block,NULL,No Control,Rain,Daylight,Wet,Non-Fatal Injury,Cyclist Collisions,D12,110,Keelesdale-Eglinton West (110),"{'type': 'Point', 'coordinates': (-79.47149, 43.683345)}"
1247398,2011,00:00.0,205,2,LAKE SHORE BLVD W,LAKE CRES W,NULL,1,Etobicoke York,3,22,Mid-Block,At Intersection,No Control,Clear,Dark,Dry,Non-Fatal Injury,SMV Other,D22,17,Mimico (17),"{'type': 'Point', 'coordinates': (-79.49039, 43.607645)}"
1247894,2011,00:00.0,2301,23,YORK MILLS RD,DVP N YORK MILLS W RAMP,NULL,1,North York,16,33,Intersection,NULL,Traffic Signal,Clear,Dark,Dry,Non-Fatal Injury,Cyclist Collisions,D33,45,Parkwoods-Donalda (45),"{'type': 'Point', 'coordinates': (-79.334056, 43.758891)}"
1249781,2011,00:00.0,2318,23,QUEEN ST W,YORK ST,NULL,1,Toronto and East York,10,52,Mid-Block,NULL,No Control,Clear,Dark,Dry,Non-Fatal Injury,Pedestrian Collisions,D52,76,Bay Street Corridor (76),"{'type': 'Point', 'coordinates': (-79.38349, 43.651545)}"
1247766,2011,00:00.0,902,9,GREENWOOD AVE,PLAINS RD,NULL,2,Toronto and East York,14,54,Intersection,At Intersection,Stop Sign,Clear,Daylight,Dry,Fatal,Cyclist Collisions,D54,58,Old East York (58),"{'type': 'Point', 'coordinates': (-79.33849, 43.693845)}"
1257236,2011,00:00.0,1509,15,DEWSON ST,OSSINGTON AVE,NULL,3,Toronto and East York,NULL,14,Intersection,At Intersection,Stop Sign,Clear,Daylight,Dry,Non-Fatal Injury,Turning Movement,D14,80,Palmerston-Little Italy (80),"{'type': 'Point', 'coordinates': (-79.42369, 43.656945)}"
1251014,2011,00:00.0,1335,13,60 LACEY AVE,CAMERON Aven,NULL,4,Etobicoke York,5,12,Mid-Block,NULL,No Control,Clear,Daylight,Dry,Non-Fatal Injury,Cyclist Collisions,D12,110,Keelesdale-Eglinton West (110),"{'type': 'Point', 'coordinates': (-79.46859, 43.689845)}"
1257392,2011,00:00.0,137,1,BLACK CREEK DR,PHOTOGRAPHY DR W,NULL,1,Etobicoke York,5,12,Mid-Block,At Intersection,No Control,Clear,Dark,Dry,Non-Fatal Injury,Rear End,D12,110,Keelesdale-Eglinton West (110),"{'type': 'Point', 'coordinates': (-79.48269, 43.687845)}"
1247862,2011,00:00.0,1154,11,DIXON RD,GOLFWOOD HTS Heig,NULL,1,Etobicoke York,NULL,23,Intersection,At Intersection,Traffic Signal,Clear,Daylight,Dry,Fatal,Turning Movement,D23,6,Kingsview Village-The Westway (6),"{'type': 'Point', 'coordinates': (-79.53989, 43.698545)}"
1258248,2011,00:00.0,1457,14,BIRCHMOUNT RD,BONIS AVE,NULL,1,Scarborough,22,42,Intersection,At Intersection,Traffic Signal,Clear,Daylight,Dry,Non-Fatal Injury,Cyclist Collisions,D42,118,Tam O'Shanter-Sullivan (118),"{'type': 'Point', 'coordinates': (-79.29929, 43.783545)}"
1258512,2011,00:00.0,1810,18,QUEEN ST E,DALHOUSIE ST,NULL,1,Toronto and East York,13,51,Intersection,NULL,No Control,Clear,Daylight,Dry,Non-Fatal Injury,Rear End,D51,75,Church-Yonge Corridor (75),"{'type': 'Point', 'coordinates': (-79.37519, 43.653345)}"
1251421,2011,00:00.0,2141,21,ST CLAIR AVE E,VICROSS RD,NULL,1,Toronto and East York,19,54,Intersection,NULL,No Control,Clear,Dark,Dry,Non-Fatal Injury,Pedestrian Collisions,D54,54,O'Connor-Parkview (54),"{'type': 'Point', 'coordinates': (-79.30189, 43.707845)}"
1258447,2011,00:00.0,1530,15,BISHOP Aven,KENNETH Aven,NULL,2,North York,18,32,Intersection,At Intersection,No Control,Clear,Daylight,Dry,Non-Fatal Injury,Pedestrian Collisions,D32,50,Newtonbrook East (50),"{'type': 'Point', 'coordinates': (-79.41309, 43.78234500000001)}"
1258313,2011,00:00.0,1430,14,STEELES AVE W,MARKBROOK LANE,NULL,1,Etobicoke York,1,23,Intersection,NULL,No Control,Clear,Daylight,Dry,Non-Fatal Injury,Rear End,D23,2,Mount Olive-Silverstone-Jamestown (2),"{'type': 'Point', 'coordinates': (-79.58609, 43.760045)}"
1248878,2011,00:00.0,1808,18,DUFFERIN Stre,STEEPROCK Driv,NULL,1,North York,6,32,Intersection,At Intersection,Traffic Signal,Clear,Daylight,Dry,Non-Fatal Injury,Turning Movement,D32,34,Bathurst Manor (34),"{'type': 'Point', 'coordinates': (-79.46519, 43.761045)}"
1248931,2011,00:00.0,1800,18,28 REGATTA CRES,NULL,NULL,4,North York,18,32,Intersection,NULL,No Control,Clear,Daylight,Dry,Fatal,Pedestrian Collisions,D32,36,Newtonbrook West (36),"{'type': 'Point', 'coordinates': (-79.44389, 43.789345)}"
1249167,2011,00:00.0,1825,18,THE QUEENSWAY,INVERLEIGH Dr,NULL,1,Etobicoke York,3,22,Intersection,NULL,No Control,Clear,Daylight,Dry,Non-Fatal Injury,Rear End,D22,16,Stonegate-Queensway (16),"{'type': 'Point', 'coordinates': (-79.49589, 43.627845)}"
1249168,2011,00:00.0,2110,21,F G GARDINER XY Expr E,427 X S GARDINER X E RAMP,NULL,NULL,Etobicoke York,3,22,Mid-Block,NULL,No Control,Clear,Dark,Dry,Non-Fatal Injury,Rear End,D22,20,Alderwood (20),"{'type': 'Point', 'coordinates': (-79.53439, 43.616045)}"
1249510,2011,00:00.0,606,6,374 BROCK AVE,PUBLIC LANE,NULL,7,Toronto and East York,9,11,"Park, Private Property, Public Lane",NULL,No Control,Clear,Daylight,Dry,Fatal,SMV Other,D11,83,Dufferin Grove (83),"{'type': 'Point', 'coordinates': (-79.43739, 43.652745)}"
1253834,2011,00:00.0,1640,16,BLUE JAYS WAY,NAVY WHARF CRT,NULL,3,Toronto and East York,10,52,Intersection,At Intersection,No Control,Clear,Daylight,Dry,Non-Fatal Injury,Cyclist Collisions,D52,77,Waterfront Communities-The Island (77),"{'type': 'Point', 'coordinates': (-79.39189, 43.641745)}"
1249833,2011,00:00.0,658,6,BATHURST ST,WILLIS ST,NULL,1,Toronto and East York,10,14,Intersection,NULL,No Control,Clear,Daylight,Dry,Non-Fatal Injury,Pedestrian Collisions,D14,78,Kensington-Chinatown (78),"{'type': 'Point', 'coordinates': (-79.40419, 43.647645)}"
1259502,2011,00:00.0,1235,12,QUEEN ST E,RUSHBROOKE AVE,NULL,3,Toronto and East York,14,55,Intersection,At Intersection,No Control,Clear,Daylight,Dry,Non-Fatal Injury,Pedestrian Collisions,D55,70,South Riverdale (70),"{'type': 'Point', 'coordinates': (-79.33229, 43.662845)}"
1259578,2011,00:00.0,2128,21,BLOOR ST W,HARCROFT RD,NULL,1,Toronto and East York,4,11,Intersection,NULL,No Control,Clear,Dark,Dry,Non-Fatal Injury,Cyclist Collisions,D11,87,High Park-Swansea (87),"{'type': 'Point', 'coordinates': (-79.47289, 43.651845)}"
1266990,2011,00:00.0,102,1,JANE ST,ELLIS AVE,NULL,1,Etobicoke York,5,12,Intersection,NULL,No Control,Clear,"Dark, artificial",Dry,Fatal,Pedestrian Collisions,D12,30,Brookhaven-Amesbury (30),"{'type': 'Point', 'coordinates': (-79.50359, 43.702145)}"
1267274,2011,00:00.0,1830,18,LAWRENCE AVE E,TOWNLEY AVE,NULL,1,Scarborough,21,41,Intersection,At Intersection,No Control,Clear,"Dusk, artificial",Dry,Fatal,Pedestrian Collisions,D41,119,Wexford/Maryvale (119),"{'type': 'Point', 'coordinates': (-79.30729, 43.742645)}"
1278387,2011,00:00.0,1830,18,BRIMWOOD BLVD,SANDHURST CRCL,NULL,2,Scarborough,23,42,Intersection,NULL,Stop Sign,Rain,Dark,Wet,Non-Fatal Injury,Pedestrian Collisions,D42,129,Agincourt North (129),"{'type': 'Point', 'coordinates': (-79.27099, 43.810945)}"
1268378,2011,00:00.0,353,3,960 WARDEN Ave,NULL,NULL,1,Scarborough,21,41,Mid-Block,NULL,No Control,Clear,Dark,Dry,Non-Fatal Injury,Rear End,D41,119,Wexford/Maryvale (119),"{'type': 'Point', 'coordinates': (-79.29049, 43.734745)}"
1277349,2011,00:00.0,1620,16,CHURCH ST,GLOUCESTER ST,NULL,3,Toronto and East York,13,51,Intersection,At Intersection,No Control,Clear,Daylight,Dry,Non-Fatal Injury,Pedestrian Collisions,D51,75,Church-Yonge Corridor (75),"{'type': 'Point', 'coordinates': (-79.38159, 43.667345)}"
1279443,2011,00:00.0,2210,22,EGLINTON AVE E,FALMOUTH AVE,NULL,1,Scarborough,NULL,41,Intersection,NULL,Traffic Signal,Rain,"Dark, artificial",Wet,Non-Fatal Injury,Pedestrian Collisions,D41,124,Kennedy Park (124),"{'type': 'Point', 'coordinates': (-79.25319, 43.735545)}"
1277511,2011,00:00.0,1527,15,PECKHAM AVE,CRISPIN CRES,NULL,4,North York,18,32,Intersection,At Intersection,No Control,Rain,Daylight,Wet,Non-Fatal Injury,Pedestrian Collisions,D32,36,Newtonbrook West (36),"{'type': 'Point', 'coordinates': (-79.43709, 43.792145)}"
1268173,2011,00:00.0,1954,19,SHEPPARD AVE E,VICTORIA PARK AVE,NULL,1,North York,NULL,NULL,Intersection,At Intersection,Traffic Signal,Clear,Dark,Dry,Non-Fatal Injury,Pedestrian Collisions,D42,118,Tam O'Shanter-Sullivan (118),"{'type': 'Point', 'coordinates': (-79.32299, 43.775245)}"
1276036,2011,00:00.0,1533,15,O CONNOR DR,PAPE AVE,NULL,1,Toronto and East York,14,54,Intersection,At Intersection,Traffic Signal,Clear,Daylight,Dry,Non-Fatal Injury,Pedestrian Collisions,D54,58,Old East York (58),"{'type': 'Point', 'coordinates': (-79.35029, 43.693245)}"
1278436,2011,00:00.0,1622,16,SPADINA AVE,NASSAU ST,NULL,1,Toronto and East York,11,NULL,Intersection,NULL,No Control,Clear,Daylight,Dry,Non-Fatal Injury,Pedestrian Collisions,D52,78,Kensington-Chinatown (78),"{'type': 'Point', 'coordinates': (-79.39919, 43.655845)}"
1278799,2011,00:00.0,1724,17,FRONT St E,SCOTT St,NULL,3,Toronto and East York,13,51,Intersection,NULL,No Control,Clear,"Dark, artificial",Dry,Non-Fatal Injury,SMV Other,D51,77,Waterfront Communities-The Island (77),"{'type': 'Point', 'coordinates': (-79.37579, 43.647445)}"
1278438,2011,00:00.0,2252,22,BROADVIEW AVE,GERRARD ST E,NULL,3,Toronto and East York,14,55,Intersection,At Intersection,Traffic Signal,Clear,Dark,Dry,Non-Fatal Injury,Pedestrian Collisions,D55,70,South Riverdale (70),"{'type': 'Point', 'coordinates': (-79.35259, 43.665444)}"
1279732,2011,00:00.0,711,7,STEELES AVE E,MARKHAM RD,NULL,1,Scarborough,23,42,Intersection,NULL,Traffic Signal,Rain,"Dark, artificial",Wet,Non-Fatal Injury,Pedestrian Collisions,D42,131,Rouge (131),"{'type': 'Point', 'coordinates': (-79.251178, 43.836589)}"
1279742,2011,00:00.0,950,9,ADELAIDE St W,BAY St,NULL,1,Toronto and East York,NULL,52,Intersection,At Intersection,Traffic Signal,Rain,Daylight,Wet,Non-Fatal Injury,Cyclist Collisions,D52,76,Bay Street Corridor (76),"{'type': 'Point', 'coordinates': (-79.38079, 43.649845)}"
1270054,2011,00:00.0,1503,15,FAIRVIEW MALL DR,GODSTONE RD,NULL,3,North York,17,33,Intersection,NULL,Traffic Signal,Rain,Daylight,Wet,Non-Fatal Injury,Pedestrian Collisions,D33,47,Don Valley Village (47),"{'type': 'Point', 'coordinates': (-79.34569, 43.779645)}"
1280448,2011,00:00.0,1430,14,QUEEN St W,CAMERON St,NULL,1,Toronto and East York,10,14,Mid-Block,NULL,No Control,Clear,Daylight,Dry,Non-Fatal Injury,Cyclist Collisions,D14,78,Kensington-Chinatown (78),"{'type': 'Point', 'coordinates': (-79.39779, 43.648445)}"
1270884,2011,00:00.0,706,7,JANE ST,DRIFTWOOD AVE,NULL,1,Etobicoke York,7,31,Intersection,At Intersection,Traffic Signal,Rain,"Dark, artificial",Wet,Fatal,Pedestrian Collisions,D31,24,Black Creek (24),"{'type': 'Point', 'coordinates': (-79.519672, 43.765898)}"
1281411,2011,00:00.0,1710,17,CHICOUTIMI AVE,LAWRENCE AVE W,NULL,1,North York,8,NULL,Intersection,NULL,No Control,Rain,Dark,Wet,Non-Fatal Injury,Pedestrian Collisions,D53,39,Bedford Park-Nortown (39),"{'type': 'Point', 'coordinates': (-79.42439, 43.720345)}"
1281373,2011,00:00.0,1807,18,EGLINTON AVE W,KANE AVE,NULL,1,Etobicoke York,5,12,Mid-Block,NULL,No Control,Clear,Dark,Dry,Non-Fatal Injury,Pedestrian Collisions,D12,110,Keelesdale-Eglinton West (110),"{'type': 'Point', 'coordinates': (-79.47099, 43.691045)}"
1281688,2011,00:00.0,1740,17,DUFFERIN ST,ROSECLIFFE AVE,NULL,1,Toronto and East York,9,13,Mid-Block,NULL,No Control,Clear,"Dark, artificial",Dry,Non-Fatal Injury,SMV Unattended Vehicle,D13,92,Corso Italia-Davenport (92),"{'type': 'Point', 'coordinates': (-79.44509, 43.682945)}"
1281493,2011,00:00.0,1128,11,LAIRD DR,EGLINTON AVE E,NULL,1,North York,15,53,Intersection,At Intersection,Traffic Signal,Clear,Daylight,Dry,Non-Fatal Injury,Pedestrian Collisions,D53,55,Thorncliffe Park (55),"{'type': 'Point', 'coordinates': (-79.36479, 43.71354500000001)}"
1271043,2011,00:00.0,1345,13,JANE ST,YORKWOODS GT,NULL,1,Etobicoke York,7,31,Mid-Block,NULL,No Control,Clear,Daylight,Dry,Non-Fatal Injury,Pedestrian Collisions,D31,25,Glenfield-Jane Heights (25),"{'type': 'Point', 'coordinates': (-79.51619, 43.751245)}"
1271163,2011,00:00.0,547,5,LAWRENCE AVE E,CURLEW DR,NULL,1,North York,16,33,Intersection,At Intersection,Traffic Signal,Clear,"Dark, artificial",Wet,Fatal,Turning Movement,D33,45,Parkwoods-Donalda (45),"{'type': 'Point', 'coordinates': (-79.31929, 43.741145)}"
1283294,2011,00:00.0,1000,10,1971 KEELE St,NULL,NULL,1,Etobicoke York,5,12,Mid-Block,NULL,No Control,Clear,Daylight,Dry,Non-Fatal Injury,Pedestrian Collisions,D12,110,Keelesdale-Eglinton West (110),"{'type': 'Point', 'coordinates': (-79.47489, 43.689745)}"
1282186,2011,00:00.0,1404,14,ST CLAIR Ave W,EARLSCOURT Ave,NULL,1,Toronto and East York,9,13,Intersection,NULL,Traffic Signal,Rain,Daylight,Wet,Non-Fatal Injury,Cyclist Collisions,D13,92,Corso Italia-Davenport (92),"{'type': 'Point', 'coordinates': (-79.44739, 43.677045)}"
1282206,2011,00:00.0,1740,17,THE EAST MALL,EAST MALL CRES,NULL,3,Etobicoke York,3,22,Intersection,NULL,Traffic Signal,Rain,Dark,Wet,Non-Fatal Injury,Pedestrian Collisions,D22,14,Islington-City Centre West (14),"{'type': 'Point', 'coordinates': (-79.55229, 43.631445)}"
1282189,2011,00:00.0,1920,19,GRANDSTAND ENT RD,HIGHWAY 27  S,NULL,5,Etobicoke York,1,23,Mid-Block,NULL,No Control,Snow,Dark,Loose Snow,Non-Fatal Injury,SMV Other,D23,1,West Humber-Clairville (1),"{'type': 'Point', 'coordinates': (-79.59139, 43.706245)}"
1282108,2011,00:00.0,1339,13,DUFFERIN ST,YORKDALE RD,NULL,1,North York,8,32,Intersection,NULL,Traffic Signal,Clear,Daylight,Dry,Non-Fatal Injury,Pedestrian Collisions,D32,31,Yorkdale-Glen Park (31),"{'type': 'Point', 'coordinates': (-79.45759, 43.726945)}"
1272572,2011,00:00.0,1745,17,MCCOWAN RD,FINCH AVE E,NULL,1,Scarborough,23,42,Intersection,At Intersection,Traffic Signal,Clear,"Dark, artificial",Dry,Non-Fatal Injury,Pedestrian Collisions,D42,129,Agincourt North (129),"{'type': 'Point', 'coordinates': (-79.26649, 43.808045)}"
1282583,2011,00:00.0,1826,18,DUFFERIN ST,LIVINGSTONE AVE,NULL,1,North York,8,13,Intersection,NULL,Stop Sign,Rain,Dusk,Wet,Non-Fatal Injury,Pedestrian Collisions,D13,108,Briar Hill-Belgravia (108),"{'type': 'Point', 'coordinates': (-79.45079, 43.696445)}"
1272451,2011,00:00.0,915,9,F G GARDINER XY  E,KIPLING Ave,NULL,NULL,Etobicoke York,3,22,Mid-Block,NULL,No Control,Rain,Daylight,Wet,Non-Fatal Injury,SMV Other,D22,17,Mimico (17),"{'type': 'Point', 'coordinates': (-79.52249, 43.618445)}"
1263909,2011,00:00.0,2211,22,KING ST W,BATHURST ST,NULL,1,Toronto and East York,10,14,Mid-Block,NULL,No Control,Clear,"Dark, artificial",Dry,Non-Fatal Injury,Pedestrian Collisions,D14,82,Niagara (82),"{'type': 'Point', 'coordinates': (-79.403369, 43.643778)}"
1320791,2012,00:00.0,8,0,WILSON AVE,RIDGE RD,NULL,1,North York,6,31,Intersection,NULL,Traffic Signal,Clear,Dark,Wet,Non-Fatal Injury,Rear End,D31,26,Downsview-Roding-CFB (26),"{'type': 'Point', 'coordinates': (-79.49419, 43.72394500000001)}"
1263147,2011,00:00.0,1134,11,DUNDAS ST W,STERLING RD,NULL,3,Toronto and East York,9,11,Intersection,At Intersection,Stop Sign,Clear,Daylight,Dry,Fatal,Cyclist Collisions,D11,83,Dufferin Grove (83),"{'type': 'Point', 'coordinates': (-79.44299, 43.650645)}"
1274044,2011,00:00.0,1650,16,MILLWOOD RD,CLEVELAND ST,NULL,2,North York,15,53,Intersection,At Intersection,Stop Sign,Clear,Dusk,Wet,Non-Fatal Injury,Angle,D53,99,Mount Pleasant East (99),"{'type': 'Point', 'coordinates': (-79.37799, 43.703545)}"
1263449,2011,00:00.0,1950,19,SPADINA AVE,BULWER ST,NULL,1,Toronto and East York,10,NULL,Intersection,NULL,No Control,Clear,"Dark, artificial",Dry,Non-Fatal Injury,Pedestrian Collisions,D52,78,Kensington-Chinatown (78),"{'type': 'Point', 'coordinates': (-79.39659, 43.649445)}"
1274121,2011,00:00.0,1803,18,DON MILLS Road,FINCH Aven E,NULL,1,North York,17,33,Mid-Block,At Intersection,No Control,Rain,"Dark, artificial",Wet,Non-Fatal Injury,Pedestrian Collisions,D33,48,Hillcrest Village (48),"{'type': 'Point', 'coordinates': (-79.35479, 43.793045)}"
1263764,2011,00:00.0,1111,11,DON VALLEY PARKWAY  S,BAYVIEW BLOOR DVP RAMP,NULL,NULL,Toronto and East York,14,54,Mid-Block,NULL,No Control,Clear,Daylight,Dry,Fatal,SMV Other,D54,57,Broadview North (57),"{'type': 'Point', 'coordinates': (-79.36239, 43.682345)}"
1270503,2011,00:00.0,600,6,JANE ST,ALLIANCE AVE,NULL,1,Etobicoke York,5,12,Intersection,At Intersection,No Control,Clear,"Dark, artificial",Dry,Non-Fatal Injury,Pedestrian Collisions,D12,111,Rockcliffe-Smythe (111),"{'type': 'Point', 'coordinates': (-79.49569, 43.67624500000001)}"
1274629,2011,00:00.0,1307,13,MARKHAM Road,TUXEDO Cour,NULL,1,Scarborough,24,43,Intersection,At Intersection,Traffic Signal,Clear,Daylight,Dry,Non-Fatal Injury,Rear End,D43,137,Woburn (137),"{'type': 'Point', 'coordinates': (-79.23299, 43.779445)}"
1274609,2011,00:00.0,2135,21,BERGAMOT AVE,ISLINGTON AVE,NULL,1,Etobicoke York,1,23,Intersection,At Intersection,Traffic Signal,Clear,"Dark, artificial",Dry,Non-Fatal Injury,Pedestrian Collisions,D23,5,Elms-Old Rexdale (5),"{'type': 'Point', 'coordinates': (-79.55599, 43.716945)}"
1274299,2011,00:00.0,1355,13,WESTON Road,CORDELLA Aven,NULL,3,Etobicoke York,5,12,Intersection,At Intersection,No Control,Clear,Daylight,Dry,Non-Fatal Injury,Turning Movement,D12,111,Rockcliffe-Smythe (111),"{'type': 'Point', 'coordinates': (-79.48129, 43.683545)}"
1264083,2011,00:00.0,1855,18,JANE ST,WILLIAM CRAGG DR,NULL,1,Etobicoke York,NULL,31,Mid-Block,At Intersection,No Control,Clear,"Dark, artificial",Dry,Non-Fatal Injury,Pedestrian Collisions,D31,26,Downsview-Roding-CFB (26),"{'type': 'Point', 'coordinates': (-79.50889, 43.721945)}"
1264317,2011,00:00.0,1704,17,MILNER Aven,MORNINGSIDE Aven,NULL,1,Scarborough,25,42,Intersection,NULL,Traffic Signal,Clear,"Dusk, artificial",Wet,Non-Fatal Injury,Rear End,D42,131,Rouge (131),"{'type': 'Point', 'coordinates': (-79.19908900000001, 43.800244)}"
1264528,2011,00:00.0,1045,10,DUNDAS ST W,GRACE ST,NULL,1,Toronto and East York,NULL,14,Intersection,At Intersection,Traffic Signal,Clear,Daylight,Dry,Non-Fatal Injury,Pedestrian Collisions,D14,81,Trinity-Bellwoods (81),"{'type': 'Point', 'coordinates': (-79.41389, 43.650745)}"
1264625,2011,00:00.0,955,9,F G GARDINER ExP E,PARK LAWN RD,NULL,NULL,Etobicoke York,3,22,Mid-Block,NULL,No Control,Clear,Daylight,Dry,Non-Fatal Injury,Rear End,D22,17,Mimico (17),"{'type': 'Point', 'coordinates': (-79.48739, 43.626045)}"
1277496,2011,00:00.0,1655,16,20 MURRAY ST,NULL,NULL,4,Toronto and East York,11,52,Mid-Block,NULL,No Control,Clear,Dusk,Dry,Non-Fatal Injury,Pedestrian Collisions,D52,78,Kensington-Chinatown (78),"{'type': 'Point', 'coordinates': (-79.39079, 43.656945)}"
1264639,2011,00:00.0,1735,17,DON MILLS RD,OVERLEA BLVD,NULL,1,North York,16,54,Mid-Block,NULL,No Control,Clear,Dark,Dry,Non-Fatal Injury,Pedestrian Collisions,D54,44,Flemingdon Park (44),"{'type': 'Point', 'coordinates': (-79.33459, 43.710445)}"
1265142,2011,00:00.0,1511,15,BATHURST ST,RIDGEWOOD RD,NULL,1,Toronto and East York,12,13,Mid-Block,NULL,No Control,Clear,Daylight,Dry,Non-Fatal Injury,Rear End,D13,101,Forest Hill South (101),"{'type': 'Point', 'coordinates': (-79.42129, 43.690745)}"
1265525,2011,00:00.0,2145,21,BATHURST ST,BARTON AVE,NULL,1,Toronto and East York,11,14,Intersection,NULL,No Control,Rain,"Dark, artificial",Wet,Non-Fatal Injury,Pedestrian Collisions,D14,95,Annex (95),"{'type': 'Point', 'coordinates': (-79.41239, 43.668145)}"
1278390,2011,00:00.0,1851,18,BATHURST Stre,DUNDAS Stre W,NULL,1,Toronto and East York,NULL,14,Intersection,NULL,Traffic Signal,Rain,Dark,Wet,Non-Fatal Injury,Pedestrian Collisions,D14,78,Kensington-Chinatown (78),"{'type': 'Point', 'coordinates': (-79.40599, 43.652345)}"
1265520,2011,00:00.0,2057,20,STONG CRT,JANE ST,NULL,2,Etobicoke York,7,31,Mid-Block,NULL,No Control,Rain,"Dark, artificial",Wet,Non-Fatal Injury,SMV Other,D31,24,Black Creek (24),"{'type': 'Point', 'coordinates': (-79.51809, 43.762045)}"
1275666,2011,00:00.0,118,1,WILSON HEIGHTS BLVD,SHEPPARD AVE W,NULL,1,North York,6,32,Intersection,At Intersection,Traffic Signal,Rain,"Dark, artificial",Wet,Non-Fatal Injury,Pedestrian Collisions,D32,33,Clanton Park (33),"{'type': 'Point', 'coordinates': (-79.45669, 43.751645)}"
1265738,2011,00:00.0,2240,22,DUFFERIN ST,KENNARD AVE,NULL,1,North York,6,32,Mid-Block,NULL,No Control,Clear,"Dark, artificial",Dry,Non-Fatal Injury,Pedestrian Collisions,D32,34,Bathurst Manor (34),"{'type': 'Point', 'coordinates': (-79.46499, 43.760045)}"
1275736,2011,00:00.0,1440,14,RUNNYMEDE RD,DEFOREST RD,NULL,2,Toronto and East York,4,11,Intersection,NULL,Stop Sign,Clear,Daylight,Dry,Non-Fatal Injury,Cyclist Collisions,D11,87,High Park-Swansea (87),"{'type': 'Point', 'coordinates': (-79.47529, 43.648845)}"
1265912,2011,00:00.0,2017,20,DIXON RD,CARLINGVIEW DR,NULL,1,Etobicoke York,1,23,Mid-Block,NULL,No Control,Clear,Dark,Dry,Non-Fatal Injury,Pedestrian Collisions,D23,1,West Humber-Clairville (1),"{'type': 'Point', 'coordinates': (-79.59639, 43.686745)}"
1323691,2012,00:00.0,152,1,WESTON Rd,LAWRENCE Ave W,NULL,1,Etobicoke York,5,12,Intersection,At Intersection,Traffic Signal,Rain,"Dark, artificial",Wet,Non-Fatal Injury,Angle,D12,113,Weston (113),"{'type': 'Point', 'coordinates': (-79.516185, 43.700148)}"
1276528,2011,00:00.0,958,9,RICHMOND Stre E,YONGE Stre,NULL,1,Toronto and East York,13,NULL,Intersection,At Intersection,Traffic Signal,Clear,Daylight,Dry,Non-Fatal Injury,Cyclist Collisions,D52,75,Church-Yonge Corridor (75),"{'type': 'Point', 'coordinates': (-79.37899, 43.651645)}"
1266196,2011,00:00.0,1556,15,KINGSTON Road,RASPBERRY Road,NULL,1,Scarborough,25,42,Intersection,At Intersection,No Control,Clear,Daylight,Dry,Non-Fatal Injury,Cyclist Collisions,D42,131,Rouge (131),"{'type': 'Point', 'coordinates': (-79.14229000000002, 43.801445)}"
1275965,2011,00:00.0,1604,16,YORK MILLS Road,LESMILL Road,NULL,1,North York,16,33,Intersection,NULL,Traffic Signal,Clear,Daylight,Dry,Non-Fatal Injury,Cyclist Collisions,D33,42,Banbury-Don Mills (42),"{'type': 'Point', 'coordinates': (-79.35199, 43.754645)}"
1323544,2012,00:00.0,652,6,LAWRENCE AVE W,CORONA ST,NULL,1,North York,8,NULL,Mid-Block,NULL,No Control,Rain,Dark,Wet,Fatal,Pedestrian Collisions,D13,31,Yorkdale-Glen Park (31),"{'type': 'Point', 'coordinates': (-79.45329, 43.714145)}"
1324513,2012,00:00.0,1437,14,RICHMOND ST W,UNIVERSITY AVE,NULL,1,Toronto and East York,10,52,Intersection,At Intersection,Traffic Signal,Clear,Daylight,Dry,Fatal,Cyclist Collisions,D52,76,Bay Street Corridor (76),"{'type': 'Point', 'coordinates': (-79.38629000000002, 43.650045)}"
1291622,2012,00:00.0,934,9,TAPSCOTT Road,WASHBURN Way,NULL,3,Scarborough,23,42,Intersection,At Intersection,Traffic Signal,Clear,Daylight,Dry,Non-Fatal Injury,Pedestrian Collisions,D42,132,Malvern (132),"{'type': 'Point', 'coordinates': (-79.22419, 43.804445)}"
1323931,2012,00:00.0,654,6,EGLINTON AVE W,PEVERIL HILL  N,NULL,1,North York,NULL,13,Intersection,NULL,No Control,Rain,Dark,Wet,Non-Fatal Injury,Pedestrian Collisions,D13,102,Forest Hill North (102),"{'type': 'Point', 'coordinates': (-79.42669, 43.700745)}"
1331690,2012,00:00.0,715,7,STAINES RD,SEASONS DR,NULL,2,Scarborough,23,42,Intersection,NULL,No Control,Rain,Daylight,Wet,Non-Fatal Injury,Pedestrian Collisions,D42,131,Rouge (131),"{'type': 'Point', 'coordinates': (-79.22369, 43.830445)}"
1329449,2012,00:00.0,2128,21,VICTORIA PARK Ave,BISCAYNE BLVD,NULL,1,North York,NULL,NULL,Mid-Block,NULL,No Control,Clear,"Dark, artificial",Dry,Non-Fatal Injury,Turning Movement,D41,119,Wexford/Maryvale (119),"{'type': 'Point', 'coordinates': (-79.30463, 43.729544)}"