ACCNUM,YEAR,DATE,TIME,HOUR,STREET1,STREET2,OFFSET,ROAD_CLASS,DISTRICT,WARDNUM,DIVISION,LOCCOORD,ACCLOC,TRAFFCTL,VISIBILITY,LIGHT,RDSFCOND,ACCLASS,IMPACTYPE,POLICE_DIVISION,HOOD_ID,NEIGHBOURHOOD,geometry
1319584,2012,00:00.0,115,1,COLLEGE ST,LIPPINCOTT ST,NULL,1,Toronto and East York,11,14,Intersection,At Intersection,No Control,Clear,"Dark, artificial",Dry,Non-Fatal Injury,Cyclist Collisions,D14,78,Kensington-Chinatown (78),"{'type': 'Point', 'coordinates': (-79.406482, 43.656649)}"
1319643,2012,00:00.0,1855,18,WESTON RD,GLENVALLEY DR,NULL,3,Etobicoke York,5,12,Intersection,At Intersection,Stop Sign,Clear,Daylight,Dry,Non-Fatal Injury,Cyclist Collisions,D12,115,Mount Dennis (115),"{'type': 'Point', 'coordinates': (-79.49259, 43.688145)}"
1316598,2012,00:00.0,1755,17,PINE ST,WILLIAM ST,NULL,2,Etobicoke York,5,12,Intersection,NULL,Stop Sign,Clear,Daylight,Dry,Non-Fatal Injury,Pedestrian Collisions,D12,113,Weston (113),"{'type': 'Point', 'coordinates': (-79.50949, 43.704645)}"
1313400,2012,00:00.0,1615,16,KENNETH AVE,PEMBERTON AVE,NULL,4,North York,18,32,Intersection,NULL,No Control,Clear,Daylight,Dry,Non-Fatal Injury,Pedestrian Collisions,D32,50,Newtonbrook East (50),"{'type': 'Point', 'coordinates': (-79.41269, 43.781345)}"
1320057,2012,00:00.0,615,6,KENNEDY RD,FOXRIDGE DR,NULL,1,Scarborough,20,41,Intersection,At Intersection,No Control,Clear,"Daylight, artificial",Dry,Non-Fatal Injury,Cyclist Collisions,D41,124,Kennedy Park (124),"{'type': 'Point', 'coordinates': (-79.26449, 43.724045)}"
1316027,2012,00:00.0,1440,14,KING ST E,VICTORIA ST,NULL,1,Toronto and East York,13,51,Intersection,At Intersection,No Control,Clear,Daylight,Dry,Non-Fatal Injury,Cyclist Collisions,D51,75,Church-Yonge Corridor (75),"{'type': 'Point', 'coordinates': (-79.37669, 43.649345)}"
1322166,2012,00:00.0,2040,20,BYNG AVE,DORIS AVE,NULL,3,North York,18,32,Intersection,NULL,Traffic Signal,Clear,"Dark, artificial",Dry,Non-Fatal Injury,Pedestrian Collisions,D32,51,Willowdale East (51),"{'type': 'Point', 'coordinates': (-79.41319, 43.776945)}"
1320320,2012,00:00.0,1345,13,BRAHMS AVE,CRESTHAVEN DR,NULL,2,North York,17,33,Intersection,NULL,No Control,Rain,Daylight,Wet,Non-Fatal Injury,Pedestrian Collisions,D33,48,Hillcrest Village (48),"{'type': 'Point', 'coordinates': (-79.36059, 43.798645)}"
1328738,2012,00:00.0,637,6,SHUTER ST,VICTORIA ST,NULL,3,Toronto and East York,13,51,Intersection,At Intersection,Traffic Signal,Clear,"Dawn, artificial",Dry,Non-Fatal Injury,Pedestrian Collisions,D51,75,Church-Yonge Corridor (75),"{'type': 'Point', 'coordinates': (-79.37879, 43.654345)}"
1320520,2012,00:00.0,1438,14,1265 WILSON AVE,NULL,NULL,1,North York,6,31,Mid-Block,NULL,No Control,Clear,Daylight,Dry,Non-Fatal Injury,Turning Movement,D31,26,Downsview-Roding-CFB (26),"{'type': 'Point', 'coordinates': (-79.491901, 43.724417)}"
1320459,2012,00:00.0,2225,22,YONGE ST,COLLEGE ST,NULL,1,Toronto and East York,NULL,NULL,Intersection,At Intersection,Traffic Signal,Clear,"Dark, artificial",Dry,Non-Fatal Injury,Pedestrian Collisions,D51,75,Church-Yonge Corridor (75),"{'type': 'Point', 'coordinates': (-79.38309000000001, 43.661345)}"
1316023,2012,00:00.0,915,9,ALBION RD,FINCH AVE W,NULL,1,Etobicoke York,1,23,Intersection,At Intersection,Traffic Signal,Clear,Daylight,Dry,Non-Fatal Injury,Rear End,D23,2,Mount Olive-Silverstone-Jamestown (2),"{'type': 'Point', 'coordinates': (-79.589214, 43.741084)}"
1314089,2012,00:00.0,943,9,3133 BAYVIEW AVE,BYNG AVE,NULL,1,North York,NULL,NULL,Intersection,NULL,No Control,Clear,Daylight,Dry,Fatal,Pedestrian Collisions,D33,52,Bayview Village (52),"{'type': 'Point', 'coordinates': (-79.39149000000002, 43.782045000000004)}"
1320431,2012,00:00.0,1825,18,DANFORTH Road,HUNTINGTON Aven,NULL,1,Scarborough,20,41,Intersection,NULL,No Control,Clear,Daylight,Dry,Non-Fatal Injury,Rear End,D41,124,Kennedy Park (124),"{'type': 'Point', 'coordinates': (-79.25249, 43.727745)}"
1331518,2012,00:00.0,1900,19,MCCOWAN RD,PITFIELD RD,NULL,1,Scarborough,23,42,Intersection,At Intersection,Traffic Signal,Rain,"Dark, artificial",Wet,Non-Fatal Injury,Turning Movement,D42,128,Agincourt South-Malvern West (128),"{'type': 'Point', 'coordinates': (-79.257289, 43.787345)}"
1314296,2012,00:00.0,840,8,GLENGROVE AVE,MARLEE AVE,NULL,3,North York,8,13,Intersection,At Intersection,Stop Sign,Clear,Daylight,Dry,Fatal,Angle,D13,31,Yorkdale-Glen Park (31),"{'type': 'Point', 'coordinates': (-79.44449, 43.710745)}"
1316385,2012,00:00.0,647,6,VICTORIA PARK AVE,TERRAVIEW BLVD,NULL,1,North York,NULL,NULL,Intersection,NULL,No Control,Clear,Daylight,Dry,Non-Fatal Injury,Pedestrian Collisions,D41,119,Wexford/Maryvale (119),"{'type': 'Point', 'coordinates': (-79.31809, 43.764445)}"
1315100,2012,00:00.0,102,1,F G GARDINER XY  E,SOUTH KINGSWAY,NULL,NULL,Toronto and East York,4,11,Mid-Block,NULL,No Control,Clear,"Dark, artificial",Dry,Fatal,SMV Other,D11,85,South Parkdale (85),"{'type': 'Point', 'coordinates': (-79.470248, 43.634787)}"
1320816,2012,00:00.0,858,8,EGLINTON AVE E,BIRCHMOUNT RD,NULL,1,Scarborough,NULL,41,Intersection,At Intersection,Traffic Signal,Clear,Daylight,Dry,Non-Fatal Injury,Pedestrian Collisions,D41,125,Ionview (125),"{'type': 'Point', 'coordinates': (-79.27789, 43.729945)}"
1327549,2012,00:00.0,2316,23,KENNEDY RD,STEELES AVE E,NULL,1,Scarborough,22,42,Intersection,At Intersection,Traffic Signal,Rain,"Dark, artificial",Wet,Non-Fatal Injury,Pedestrian Collisions,D42,130,Milliken (130),"{'type': 'Point', 'coordinates': (-79.30709, 43.823645)}"
1297456,2012,00:00.0,2043,20,KINGSTON RD,VALHALLA BLVD,NULL,1,Scarborough,20,41,Intersection,At Intersection,No Control,Clear,"Dusk, artificial",Dry,Non-Fatal Injury,Turning Movement,D41,122,Birchcliffe-Cliffside (122),"{'type': 'Point', 'coordinates': (-79.268268, 43.689433)}"
1319536,2012,00:00.0,410,4,ROGERS RD,OLD WESTON RD,NULL,3,Etobicoke York,NULL,12,Intersection,At Intersection,Traffic Signal,Rain,"Dark, artificial",Wet,Fatal,SMV Other,D12,110,Keelesdale-Eglinton West (110),"{'type': 'Point', 'coordinates': (-79.46769, 43.681845)}"
1297568,2012,00:00.0,1435,14,YONGE ST,NORTHTOWN WAY,NULL,1,North York,18,32,Intersection,NULL,No Control,Clear,Daylight,Dry,Non-Fatal Injury,Pedestrian Collisions,D32,51,Willowdale East (51),"{'type': 'Point', 'coordinates': (-79.41439, 43.775245)}"
1325969,2012,00:00.0,900,9,CARLAW AVE,EASTERN AVE,NULL,3,Toronto and East York,14,55,Mid-Block,NULL,No Control,Clear,Daylight,Dry,Non-Fatal Injury,Turning Movement,D55,70,South Riverdale (70),"{'type': 'Point', 'coordinates': (-79.33969, 43.660145)}"
1328014,2012,00:00.0,1039,10,BERNARD AVE,SPADINA RD,NULL,3,Toronto and East York,11,NULL,Intersection,At Intersection,Traffic Signal,Clear,Daylight,Dry,Non-Fatal Injury,Pedestrian Collisions,D53,95,Annex (95),"{'type': 'Point', 'coordinates': (-79.40599, 43.672145)}"
1328002,2012,00:00.0,1900,19,MIDLAND AVE,PRUDENTIAL DR,NULL,1,Scarborough,21,41,Intersection,At Intersection,Traffic Signal,Clear,"Dark, artificial",Dry,Non-Fatal Injury,Pedestrian Collisions,D41,127,Bendale (127),"{'type': 'Point', 'coordinates': (-79.26449, 43.749645)}"
1327859,2012,00:00.0,715,7,ELLESMERE RD,PARKINGTON CRES,NULL,1,Scarborough,24,43,Intersection,At Intersection,Traffic Signal,Clear,Daylight,Dry,Non-Fatal Injury,Pedestrian Collisions,D43,137,Woburn (137),"{'type': 'Point', 'coordinates': (-79.24629, 43.773345)}"
1321983,2012,00:00.0,1944,19,ROGERS RD,SILVERTHORN AVE,NULL,3,Etobicoke York,NULL,12,Intersection,At Intersection,Traffic Signal,Rain,Dark,Wet,Non-Fatal Injury,Pedestrian Collisions,D12,110,Keelesdale-Eglinton West (110),"{'type': 'Point', 'coordinates': (-79.46329, 43.682745000000004)}"
1328243,2012,00:00.0,2108,21,LAKE SHORE Blvd W,BATHURST St,NULL,1,Toronto and East York,10,14,Intersection,At Intersection,Traffic Signal,Rain,"Dark, artificial",Wet,Non-Fatal Injury,Angle,D14,77,Waterfront Communities-The Island (77),"{'type': 'Point', 'coordinates': (-79.39963800000001, 43.63647300000001)}"
1328097,2012,00:00.0,350,3,1144 ALBION RD,NULL,NULL,1,Etobicoke York,1,23,Mid-Block,NULL,No Control,Clear,Dark,Dry,Non-Fatal Injury,SMV Other,D23,3,Thistletown-Beaumond Heights (3),"{'type': 'Point', 'coordinates': (-79.567287, 43.737559)}"
1321027,2012,00:00.0,518,5,DON VALLEY PARKWAY  S,SPANBRIDGE RD,NULL,NULL,North York,16,54,Mid-Block,NULL,No Control,Clear,"Dark, artificial",Wet,Fatal,SMV Other,D54,44,Flemingdon Park (44),"{'type': 'Point', 'coordinates': (-79.325488, 43.714343)}"
1328148,2012,00:00.0,955,9,EGLINTON AVE E,SUTHERLAND DR,NULL,1,North York,15,53,Intersection,At Intersection,Traffic Signal,Clear,Daylight,Dry,Non-Fatal Injury,Pedestrian Collisions,D53,56,Leaside-Bennington (56),"{'type': 'Point', 'coordinates': (-79.36719, 43.713045)}"
1330495,2012,00:00.0,1145,11,DUPONT ST,OSSINGTON AVE,NULL,1,Toronto and East York,11,14,Mid-Block,NULL,No Control,Clear,Daylight,Dry,Non-Fatal Injury,Turning Movement,D14,93,Dovercourt-Wallace Emerson-Junction (93),"{'type': 'Point', 'coordinates': (-79.42749, 43.670345)}"
1321216,2012,00:00.0,325,3,MCNICOLL AVE,BIRCHMOUNT RD,NULL,3,Scarborough,22,42,Mid-Block,At Intersection,No Control,Clear,"Dark, artificial",Dry,Fatal,SMV Other,D42,116,Steeles (116),"{'type': 'Point', 'coordinates': (-79.314189, 43.807944)}"
1321562,2012,00:00.0,704,7,SHEPPARD AVE W,KEELE ST,NULL,1,North York,6,31,Mid-Block,NULL,No Control,Clear,Daylight,Dry,Non-Fatal Injury,Pedestrian Collisions,D31,27,York University Heights (27),"{'type': 'Point', 'coordinates': (-79.48739, 43.744645)}"
1321561,2012,00:00.0,1059,10,FINCH AVE E,MILLIKEN BLVD,NULL,1,Scarborough,22,42,Intersection,At Intersection,Traffic Signal,Clear,Daylight,Dry,Non-Fatal Injury,Cyclist Collisions,D42,130,Milliken (130),"{'type': 'Point', 'coordinates': (-79.29429, 43.801845)}"
1328482,2012,00:00.0,1343,13,PARLIAMENT ST,CARLTON ST,NULL,3,Toronto and East York,13,51,Intersection,At Intersection,Traffic Signal,Clear,Daylight,Dry,Non-Fatal Injury,Pedestrian Collisions,D51,71,Cabbagetown-South St.James Town (71),"{'type': 'Point', 'coordinates': (-79.36799, 43.664245)}"
1328489,2012,00:00.0,1525,15,851 HUNTINGWOOD DR,NULL,NULL,3,Scarborough,22,42,Intersection,At Intersection,No Control,Clear,Daylight,Dry,Non-Fatal Injury,Rear End,D42,118,Tam O'Shanter-Sullivan (118),"{'type': 'Point', 'coordinates': (-79.294872, 43.794787)}"
1321792,2012,00:00.0,1937,19,DIXON RD,CELESTINE DR,NULL,1,Etobicoke York,NULL,23,Intersection,At Intersection,Traffic Signal,Clear,"Dark, artificial",Dry,Non-Fatal Injury,Pedestrian Collisions,D23,7,Willowridge-Martingrove-Richview (7),"{'type': 'Point', 'coordinates': (-79.56249, 43.693345)}"
1322204,2012,00:00.0,1522,15,ST CLAIR AVE W,HENDRICK AVE,NULL,1,Toronto and East York,12,13,Intersection,NULL,No Control,Clear,Daylight,Dry,Non-Fatal Injury,Pedestrian Collisions,D13,94,Wychwood (94),"{'type': 'Point', 'coordinates': (-79.431087, 43.680545)}"
1322361,2012,00:00.0,835,8,BOGERT AVE,BEECROFT RD,NULL,4,North York,18,32,Mid-Block,NULL,No Control,Clear,Daylight,Dry,Non-Fatal Injury,Pedestrian Collisions,D32,38,Lansing-Westgate (38),"{'type': 'Point', 'coordinates': (-79.41139, 43.760545)}"
1329099,2012,00:00.0,2135,21,FINCH AVE W,ARDWICK BLVD,NULL,1,Etobicoke York,7,31,Intersection,At Intersection,Traffic Signal,Rain,"Dark, artificial",Wet,Non-Fatal Injury,Pedestrian Collisions,D31,22,Humbermede (22),"{'type': 'Point', 'coordinates': (-79.55759, 43.748745)}"
1297963,2012,00:00.0,1624,16,COXWELL Ave,COSBURN Ave,NULL,3,Toronto and East York,NULL,54,Mid-Block,NULL,No Control,Clear,Daylight,Dry,Non-Fatal Injury,Pedestrian Collisions,D54,59,Danforth East York (59),"{'type': 'Point', 'coordinates': (-79.32779, 43.693545)}"
1322488,2012,00:00.0,2208,22,YONGE ST,ORCHARD VIEW BLVD,NULL,1,North York,NULL,53,Intersection,NULL,No Control,Rain,Dark,Wet,Non-Fatal Injury,Pedestrian Collisions,D53,104,Mount Pleasant West (104),"{'type': 'Point', 'coordinates': (-79.39869, 43.708245)}"
1329595,2012,00:00.0,2210,22,SHAUGHNESSY BLVD,ROCHELLE CRES,NULL,2,North York,17,33,Intersection,At Intersection,No Control,Rain,"Dark, artificial",Wet,Non-Fatal Injury,Pedestrian Collisions,D33,47,Don Valley Village (47),"{'type': 'Point', 'coordinates': (-79.35359, 43.774345)}"
1329462,2012,00:00.0,719,7,CASTLEFIELD AVE,CALEDONIA RD,NULL,3,North York,8,13,Intersection,At Intersection,Traffic Signal,Rain,Dark,Wet,Non-Fatal Injury,Pedestrian Collisions,D13,108,Briar Hill-Belgravia (108),"{'type': 'Point', 'coordinates': (-79.46349, 43.698445)}"
1288324,2012,00:00.0,1048,10,EGLINTON AVE W,CALEDONIA RD,NULL,1,North York,NULL,13,Intersection,NULL,Traffic Signal,Clear,Daylight,Dry,Non-Fatal Injury,Pedestrian Collisions,D13,108,Briar Hill-Belgravia (108),"{'type': 'Point', 'coordinates': (-79.46219, 43.693045)}"
1297829,2012,00:00.0,1850,18,ELMHURST DR,ISLINGTON AVE,NULL,1,Etobicoke York,1,23,Intersection,At Intersection,Traffic Signal,Clear,Daylight,Dry,Non-Fatal Injury,Pedestrian Collisions,D23,5,Elms-Old Rexdale (5),"{'type': 'Point', 'coordinates': (-79.55889, 43.723145)}"
1298032,2012,00:00.0,1220,12,SHEPPARD AVE E,PARKWAY FOREST DR,NULL,1,North York,17,33,Intersection,At Intersection,Traffic Signal,Clear,Daylight,Dry,Non-Fatal Injury,Rear End,D33,47,Don Valley Village (47),"{'type': 'Point', 'coordinates': (-79.34369, 43.775845)}"
1298031,2012,00:00.0,1030,10,DON MILLS RD,STEELES AVE E,NULL,1,North York,17,33,Intersection,At Intersection,Traffic Signal,Rain,Daylight,Wet,Non-Fatal Injury,Pedestrian Collisions,D33,48,Hillcrest Village (48),"{'type': 'Point', 'coordinates': (-79.360767, 43.811175)}"
1289088,2012,00:00.0,1752,17,SHEPPARD AVE E,PHARMACY AVE,NULL,1,Scarborough,22,42,Mid-Block,NULL,No Control,Clear,Daylight,Dry,Non-Fatal Injury,Rear End,D42,118,Tam O'Shanter-Sullivan (118),"{'type': 'Point', 'coordinates': (-79.31719, 43.776645)}"
1298592,2012,00:00.0,1143,11,WESTON RD,DORA SPENCER RD,NULL,3,Etobicoke York,5,12,Intersection,At Intersection,Stop Sign,Clear,Daylight,Dry,Non-Fatal Injury,Turning Movement,D12,115,Mount Dennis (115),"{'type': 'Point', 'coordinates': (-79.50279, 43.692045)}"
1290199,2012,00:00.0,2050,20,MORNINGSIDE AVE,MILNER AVE,NULL,1,Scarborough,25,42,Intersection,At Intersection,Traffic Signal,Clear,"Dark, artificial",Dry,Fatal,Pedestrian Collisions,D42,131,Rouge (131),"{'type': 'Point', 'coordinates': (-79.19909, 43.800245)}"
1289788,2012,00:00.0,2310,23,BATHURST ST,MASCOT PL,NULL,1,North York,NULL,32,Intersection,At Intersection,No Control,Clear,"Dark, artificial",Dry,Non-Fatal Injury,Pedestrian Collisions,D32,37,Willowdale West (37),"{'type': 'Point', 'coordinates': (-79.44209, 43.770345000000006)}"
1289974,2012,00:00.0,1203,12,MORNINGSIDE AVE,MILNER AVE,NULL,1,Scarborough,25,42,Mid-Block,NULL,No Control,Clear,Daylight,Dry,Fatal,SMV Other,D42,131,Rouge (131),"{'type': 'Point', 'coordinates': (-79.19929, 43.800745)}"
1289975,2012,00:00.0,1434,14,NEILSON RD,SHEPPARD AVE E,NULL,1,Scarborough,NULL,42,Intersection,At Intersection,Traffic Signal,Clear,Daylight,Dry,Non-Fatal Injury,Turning Movement,D42,132,Malvern (132),"{'type': 'Point', 'coordinates': (-79.21769, 43.798145)}"
1298696,2012,00:00.0,2127,21,SPADINA RD,LOWTHER AVE,NULL,3,Toronto and East York,11,NULL,Intersection,At Intersection,Traffic Signal,Clear,"Dark, artificial",Dry,Non-Fatal Injury,Cyclist Collisions,D14,95,Annex (95),"{'type': 'Point', 'coordinates': (-79.40479, 43.668945)}"
1293932,2012,00:00.0,149,1,LAKE SHORE BLVD W,ELLIS AVE,NULL,1,Toronto and East York,4,11,Mid-Block,NULL,No Control,Clear,"Dark, artificial",Dry,Non-Fatal Injury,SMV Other,D11,85,South Parkdale (85),"{'type': 'Point', 'coordinates': (-79.46349, 43.637045)}"
1298848,2012,00:00.0,149,1,LAKE SHORE BLVD W,ELLIS AVE,NULL,1,Toronto and East York,4,11,Mid-Block,NULL,No Control,Clear,"Dark, artificial",Dry,Non-Fatal Injury,SMV Other,D11,85,South Parkdale (85),"{'type': 'Point', 'coordinates': (-79.46359, 43.63664500000001)}"
1290105,2012,00:00.0,1447,14,DON VALLEY PARKWAY  N,GERRARD ST E,NULL,NULL,Toronto and East York,14,55,Mid-Block,NULL,No Control,Clear,Daylight,Dry,Fatal,SMV Other,D55,68,North Riverdale (68),"{'type': 'Point', 'coordinates': (-79.35589, 43.665145)}"
1299089,2012,00:00.0,250,2,ST CLAIR AVE W,KEELE ST,NULL,1,Etobicoke York,5,NULL,Mid-Block,NULL,No Control,Rain,"Dark, artificial",Wet,Non-Fatal Injury,SMV Other,D11,90,Junction Area (90),"{'type': 'Point', 'coordinates': (-79.46849, 43.67234500000001)}"
1290282,2012,00:00.0,412,4,EGLINTON AVE W,KIPLING AVE,NULL,1,Etobicoke York,2,NULL,Mid-Block,NULL,No Control,Clear,"Dark, artificial",Dry,Non-Fatal Injury,Angle,D22,10,Princess-Rosethorn (10),"{'type': 'Point', 'coordinates': (-79.55299, 43.676645)}"
1369173,2013,00:00.0,305,3,STEELES AVE W,ISLINGTON AVE,NULL,1,Etobicoke York,7,31,Mid-Block,NULL,No Control,Clear,"Dark, artificial",Dry,Fatal,SMV Other,D31,21,Humber Summit (21),"{'type': 'Point', 'coordinates': (-79.577289, 43.763743)}"
1290286,2012,00:00.0,1337,13,VICTORIA PARK AVE,ARNCLIFFE CRES,NULL,1,North York,NULL,NULL,Intersection,NULL,Traffic Signal,Clear,Daylight,Dry,Non-Fatal Injury,Cyclist Collisions,D41,119,Wexford/Maryvale (119),"{'type': 'Point', 'coordinates': (-79.30559, 43.731845)}"
1299771,2012,00:00.0,1530,15,YONGE ST,SHAFTESBURY AVE,NULL,1,Toronto and East York,NULL,53,Intersection,At Intersection,Traffic Signal,Rain,Daylight,Wet,Non-Fatal Injury,Pedestrian Collisions,D53,98,Rosedale-Moore Park (98),"{'type': 'Point', 'coordinates': (-79.39159, 43.681945)}"
1299888,2012,00:00.0,1835,18,ALBION AVE,PHARMACY AVE,NULL,3,Scarborough,20,41,Intersection,At Intersection,Stop Sign,Clear,Daylight,Wet,Non-Fatal Injury,Turning Movement,D41,121,Oakridge (121),"{'type': 'Point', 'coordinates': (-79.28479, 43.695645)}"
1300277,2012,00:00.0,1644,16,1437 VICTORIA PARK AVE,NULL,NULL,1,North York,NULL,NULL,Mid-Block,At Intersection,No Control,Clear,Daylight,Dry,Non-Fatal Injury,Pedestrian Collisions,D41,120,Clairlea-Birchmount (120),"{'type': 'Point', 'coordinates': (-79.30159, 43.722145)}"
1300266,2012,00:00.0,1352,13,JARVIS ST,DUNDAS ST E,NULL,1,Toronto and East York,13,51,Intersection,At Intersection,Traffic Signal,Clear,Daylight,Dry,Non-Fatal Injury,Pedestrian Collisions,D51,73,Moss Park (73),"{'type': 'Point', 'coordinates': (-79.37459, 43.657045)}"
1291380,2012,00:00.0,2108,21,ELLESMERE RD,MCCOWAN RD,NULL,1,Scarborough,NULL,43,Intersection,At Intersection,Traffic Signal,Clear,Dark,Dry,Non-Fatal Injury,Pedestrian Collisions,D43,137,Woburn (137),"{'type': 'Point', 'coordinates': (-79.25149, 43.772145)}"
1300648,2012,00:00.0,1340,13,GEOFFREY ST,SORAUREN AVE,NULL,2,Toronto and East York,4,11,Intersection,NULL,No Control,Clear,Daylight,Dry,Non-Fatal Injury,Pedestrian Collisions,D11,86,Roncesvalles (86),"{'type': 'Point', 'coordinates': (-79.44459, 43.649045)}"
1349064,2013,00:00.0,1107,11,ENCHANTED HILLS Cres,WILDERNESS Dr,NULL,4,Scarborough,23,42,Intersection,At Intersection,Stop Sign,Clear,Daylight,Dry,Non-Fatal Injury,Cyclist Collisions,D42,130,Milliken (130),"{'type': 'Point', 'coordinates': (-79.27609, 43.829145)}"
1300655,2012,00:00.0,2115,21,LESLIE ST,LAWRENCE AVE E,NULL,1,North York,NULL,33,Mid-Block,NULL,No Control,Clear,Dark,Dry,Non-Fatal Injury,Turning Movement,D33,42,Banbury-Don Mills (42),"{'type': 'Point', 'coordinates': (-79.35619, 43.735245)}"
1300754,2012,00:00.0,1530,15,DUFFERIN ST,ASCOT AVE,NULL,1,Toronto and East York,9,13,Intersection,At Intersection,Traffic Signal,Rain,Daylight,Wet,Non-Fatal Injury,Pedestrian Collisions,D13,92,Corso Italia-Davenport (92),"{'type': 'Point', 'coordinates': (-79.44399, 43.680145)}"
1362257,2013,00:00.0,1620,16,F G GARDINER XY  E,LAKE SHORE BLVD W,NULL,1,Toronto and East York,4,14,Mid-Block,NULL,No Control,Clear,Daylight,Dry,Non-Fatal Injury,Rear End,D14,85,South Parkdale (85),"{'type': 'Point', 'coordinates': (-79.43659, 43.633645)}"
1379687,2013,00:00.0,1830,18,EGLINTON AVE E,MASON RD,NULL,1,Scarborough,NULL,43,Intersection,NULL,Traffic Signal,Clear,Daylight,Dry,Non-Fatal Injury,Other,D43,139,Scarborough Village (139),"{'type': 'Point', 'coordinates': (-79.225154, 43.741782)}"
1362938,2013,00:00.0,1346,13,QUEEN ST E,BOULTON AVE,NULL,3,Toronto and East York,14,55,Intersection,NULL,Pedestrian Crossover,Rain,Daylight,Wet,Non-Fatal Injury,Rear End,D55,70,South Riverdale (70),"{'type': 'Point', 'coordinates': (-79.34669, 43.659545)}"
1355879,2013,00:00.0,1110,11,MCNICOLL Ave,WHITE HEATHER Blvd,NULL,3,Scarborough,23,42,Intersection,At Intersection,Stop Sign,Rain,Daylight,Wet,Non-Fatal Injury,Turning Movement,D42,130,Milliken (130),"{'type': 'Point', 'coordinates': (-79.26739, 43.818945)}"
1343634,2013,00:00.0,1855,18,MIDLAND AVE,MCNICOLL AVE,NULL,1,Scarborough,NULL,42,Mid-Block,NULL,No Control,Clear,Dusk,Dry,Non-Fatal Injury,Pedestrian Collisions,D42,130,Milliken (130),"{'type': 'Point', 'coordinates': (-79.29329, 43.817045)}"
1367603,2013,00:00.0,1700,17,2863 ELLESMERE RD,ELLESMERE  RD,NULL,1,Scarborough,24,43,Intersection,At Intersection,No Control,Clear,Daylight,Dry,Non-Fatal Injury,Approaching,D43,135,Morningside (135),"{'type': 'Point', 'coordinates': (-79.20699, 43.782145)}"
1379733,2013,00:00.0,657,6,DANFORTH Ave,THORA Ave,NULL,1,Scarborough,20,41,Intersection,NULL,No Control,Clear,Daylight,Dry,Non-Fatal Injury,Cyclist Collisions,D41,121,Oakridge (121),"{'type': 'Point', 'coordinates': (-79.287105, 43.69149300000001)}"
1379740,2013,00:00.0,1140,11,139 HORSHAM AVE,NULL,NULL,4,North York,18,32,Mid-Block,NULL,No Control,Clear,Daylight,Dry,Non-Fatal Injury,Pedestrian Collisions,D32,37,Willowdale West (37),"{'type': 'Point', 'coordinates': (-79.42179, 43.773045)}"
1367728,2013,00:00.0,1326,13,SPADINA AVE,NASSAU ST,NULL,1,Toronto and East York,11,NULL,Intersection,NULL,Traffic Signal,Clear,Daylight,Dry,Non-Fatal Injury,Pedestrian Collisions,D52,78,Kensington-Chinatown (78),"{'type': 'Point', 'coordinates': (-79.399219, 43.655841)}"
1367772,2013,00:00.0,1340,13,ROYAL YORK Rd,BLOOR St W,NULL,1,Etobicoke York,3,22,Intersection,NULL,Traffic Signal,Clear,Daylight,Dry,Non-Fatal Injury,Pedestrian Collisions,D22,16,Stonegate-Queensway (16),"{'type': 'Point', 'coordinates': (-79.51139, 43.647345)}"
1380543,2013,00:00.0,1845,18,FRONT ST W,BLUE JAYS WAY,NULL,3,Toronto and East York,10,52,Intersection,NULL,Traffic Signal,Clear,Daylight,Dry,Non-Fatal Injury,Cyclist Collisions,D52,77,Waterfront Communities-The Island (77),"{'type': 'Point', 'coordinates': (-79.391277, 43.643408)}"
1380106,2013,00:00.0,820,8,GLENROY Ave,HUMBERVALE Blvd,NULL,4,Etobicoke York,3,22,Intersection,At Intersection,Stop Sign,Clear,Daylight,Dry,Non-Fatal Injury,Cyclist Collisions,D22,16,Stonegate-Queensway (16),"{'type': 'Point', 'coordinates': (-79.5079, 43.642501)}"
1367977,2013,00:00.0,1346,13,HIGHWAY 27  N,FINCH AVE W,NULL,1,Etobicoke York,1,23,Intersection,At Intersection,Traffic Signal,Clear,Daylight,Dry,Fatal,Pedestrian Collisions,D23,1,West Humber-Clairville (1),"{'type': 'Point', 'coordinates': (-79.603069, 43.73416)}"
1368204,2013,00:00.0,257,2,HIGHWAY 27  N,STEELES AVE W,NULL,1,Etobicoke York,1,23,Intersection,NULL,Traffic Signal,Clear,Dark,Dry,Non-Fatal Injury,Angle,D23,1,West Humber-Clairville (1),"{'type': 'Point', 'coordinates': (-79.61407, 43.755446)}"
1368246,2013,00:00.0,1026,10,MCCOWAN RD,STEELES AVE E,NULL,1,Scarborough,23,42,Intersection,NULL,Traffic Signal,Clear,Daylight,Dry,Non-Fatal Injury,Pedestrian Collisions,D42,130,Milliken (130),"{'type': 'Point', 'coordinates': (-79.275188, 43.831034)}"
1368270,2013,00:00.0,1,0,SHEPPARD AVE E,DON MILLS RD,NULL,1,North York,17,33,Mid-Block,NULL,No Control,Rain,"Dark, artificial",Wet,Fatal,Pedestrian Collisions,D33,47,Don Valley Village (47),"{'type': 'Point', 'coordinates': (-79.347888, 43.774943)}"