ACCNUM,YEAR,DATE,TIME,HOUR,STREET1,STREET2,OFFSET,ROAD_CLASS,DISTRICT,WARDNUM,DIVISION,LOCCOORD,ACCLOC,TRAFFCTL,VISIBILITY,LIGHT,RDSFCOND,ACCLASS,IMPACTYPE,POLICE_DIVISION,HOOD_ID,NEIGHBOURHOOD,geometry
1367433,2013,00:00.0,2104,21,YONGE ST,SHUTER ST,NULL,1,Toronto and East York,13,NULL,Intersection,NULL,Traffic Signal,Clear,"Dark, artificial",Dry,Non-Fatal Injury,Cyclist Collisions,D52,75,Church-Yonge Corridor (75),"{'type': 'Point', 'coordinates': (-79.37999, 43.654045)}"
1366837,2013,00:00.0,2005,20,1788 WESTON RD,NULL,NULL,3,Etobicoke York,5,12,Mid-Block,NULL,No Control,Clear,Dusk,Dry,Non-Fatal Injury,Pedestrian Collisions,D12,113,Weston (113),"{'type': 'Point', 'coordinates': (-79.51269, 43.698845)}"
1331576,2012,00:00.0,2030,20,STEELES AVE E,MAXOME AVE,NULL,1,North York,18,32,Intersection,At Intersection,Traffic Signal,Clear,Dark,Dry,Non-Fatal Injury,Pedestrian Collisions,D32,50,Newtonbrook East (50),"{'type': 'Point', 'coordinates': (-79.40619, 43.801045)}"
1382388,2013,00:00.0,1639,16,ST CLAIR AVE W,DUFFERIN ST,NULL,1,Toronto and East York,9,13,Intersection,At Intersection,Traffic Signal,Clear,Daylight,Dry,Non-Fatal Injury,Cyclist Collisions,D13,92,Corso Italia-Davenport (92),"{'type': 'Point', 'coordinates': (-79.443073, 43.677951)}"
1382461,2013,00:00.0,1140,11,LAWRENCE Ave E,COLLINSGROVE Rd,NULL,3,Scarborough,25,43,Intersection,At Intersection,Traffic Signal,Clear,Daylight,Dry,Non-Fatal Injury,Pedestrian Collisions,D43,136,West Hill (136),"{'type': 'Point', 'coordinates': (-79.182834, 43.76916)}"
1370609,2013,00:00.0,1612,16,DUNDAS ST W,MANNING AVE,NULL,1,Toronto and East York,NULL,14,Intersection,NULL,Traffic Signal,Clear,Daylight,Dry,Non-Fatal Injury,Cyclist Collisions,D14,81,Trinity-Bellwoods (81),"{'type': 'Point', 'coordinates': (-79.410907, 43.651297)}"
1370644,2013,00:00.0,2201,22,WILLOWDALE AVE,OLIVE AVE,NULL,3,North York,18,32,Intersection,At Intersection,No Control,Clear,"Dark, artificial",Dry,Fatal,Turning Movement,D32,51,Willowdale East (51),"{'type': 'Point', 'coordinates': (-79.40669, 43.780545)}"
1382675,2013,00:00.0,1340,13,QUEEN ST W,OHARA AVE,NULL,1,Toronto and East York,4,NULL,Intersection,NULL,No Control,Clear,Daylight,Dry,Non-Fatal Injury,Pedestrian Collisions,D14,85,South Parkdale (85),"{'type': 'Point', 'coordinates': (-79.434192, 43.641043)}"
1370852,2013,00:00.0,1453,14,PHARMACY AVE,LEAHURST DR,NULL,3,Scarborough,20,41,Intersection,At Intersection,No Control,Clear,Daylight,Dry,Non-Fatal Injury,Turning Movement,D41,120,Clairlea-Birchmount (120),"{'type': 'Point', 'coordinates': (-79.294071, 43.717333)}"
1382682,2013,00:00.0,1756,17,DANFORTH AVE,COXWELL AVE,NULL,1,Toronto and East York,19,NULL,Mid-Block,NULL,No Control,Clear,Daylight,Dry,Non-Fatal Injury,Pedestrian Collisions,D55,66,Danforth (66),"{'type': 'Point', 'coordinates': (-79.322917, 43.683501)}"
1382610,2013,00:00.0,228,2,BLOOR ST W,CLINTON ST,NULL,1,Toronto and East York,11,14,Intersection,NULL,No Control,Clear,Dark,Dry,Non-Fatal Injury,Turning Movement,D14,95,Annex (95),"{'type': 'Point', 'coordinates': (-79.417209, 43.663825)}"
1371107,2013,00:00.0,1055,10,FINCH Ave E,MIDDLEFIELD Rd,NULL,1,Scarborough,23,42,Intersection,At Intersection,Traffic Signal,Clear,Daylight,Dry,Fatal,Pedestrian Collisions,D42,129,Agincourt North (129),"{'type': 'Point', 'coordinates': (-79.257686, 43.809844)}"
1382722,2013,00:00.0,1915,19,TWYN RIVERS Dr,SHEPPARD Ave E,NULL,2,Scarborough,25,42,Mid-Block,NULL,No Control,Clear,Dark,Dry,Non-Fatal Injury,SMV Other,D42,131,Rouge (131),"{'type': 'Point', 'coordinates': (-79.156947, 43.81454)}"
1382904,2013,00:00.0,1335,13,DAN LECKIE WAY,LAKE SHORE BLVD W,NULL,1,Toronto and East York,10,14,Intersection,At Intersection,Traffic Signal,Clear,Daylight,Dry,Non-Fatal Injury,Pedestrian Collisions,D14,77,Waterfront Communities-The Island (77),"{'type': 'Point', 'coordinates': (-79.397136, 43.637316)}"
1383434,2013,00:00.0,1850,18,ST CLAIR AVE W,LAUGHTON AVE,NULL,1,Toronto and East York,9,NULL,Intersection,NULL,Traffic Signal,Clear,Daylight,Dry,Non-Fatal Injury,Pedestrian Collisions,D11,91,Weston-Pellam Park (91),"{'type': 'Point', 'coordinates': (-79.457637, 43.674712)}"
1371962,2013,00:00.0,705,7,1245 DUPONT ST,NULL,NULL,1,Toronto and East York,9,11,Mid-Block,NULL,No Control,Clear,Daylight,Dry,Non-Fatal Injury,Cyclist Collisions,D11,93,Dovercourt-Wallace Emerson-Junction (93),"{'type': 'Point', 'coordinates': (-79.441814, 43.668147)}"
1383479,2013,00:00.0,845,8,GREENWOOD AVE,GERRARD ST E,NULL,3,Toronto and East York,14,55,Intersection,NULL,No Control,Clear,Daylight,Dry,Non-Fatal Injury,Turning Movement,D55,65,Greenwood-Coxwell (65),"{'type': 'Point', 'coordinates': (-79.328082, 43.671061)}"
1332159,2012,00:00.0,1723,17,DONCASTER AVE,MAIN ST,NULL,3,Toronto and East York,19,54,Intersection,At Intersection,No Control,Clear,Dark,Dry,Non-Fatal Injury,Pedestrian Collisions,D54,61,Taylor-Massey (61),"{'type': 'Point', 'coordinates': (-79.30339, 43.691645)}"
1383447,2013,00:00.0,1730,17,OLD YORK MILLS RD,YONGE ST,NULL,1,North York,NULL,32,Intersection,NULL,Stop Sign,Clear,Daylight,Dry,Non-Fatal Injury,Cyclist Collisions,D32,41,Bridle Path-Sunnybrook-York Mills (41),"{'type': 'Point', 'coordinates': (-79.406482, 43.743292)}"
1372004,2013,00:00.0,1838,18,HYDE AVE,VALLEY CRES,NULL,4,Etobicoke York,5,12,Intersection,NULL,Stop Sign,Clear,Daylight,Dry,Non-Fatal Injury,Turning Movement,D12,110,Keelesdale-Eglinton West (110),"{'type': 'Point', 'coordinates': (-79.476383, 43.683154)}"
1372001,2013,00:00.0,1840,18,QUEEN ST W,WILSON PARK RD,NULL,1,Toronto and East York,4,NULL,Intersection,NULL,No Control,Clear,Daylight,Dry,Fatal,Pedestrian Collisions,D14,86,Roncesvalles (86),"{'type': 'Point', 'coordinates': (-79.442485, 43.639426)}"
1336042,2013,00:00.0,1031,10,BATHURST ST,VESTA DR,NULL,1,North York,8,NULL,Intersection,NULL,Traffic Signal,Clear,Daylight,Dry,Non-Fatal Injury,Pedestrian Collisions,D53,102,Forest Hill North (102),"{'type': 'Point', 'coordinates': (-79.42589, 43.703345)}"
1388519,2013,00:00.0,1615,16,THE EAST MALL,EAST MALL CRES,NULL,3,Etobicoke York,3,22,Intersection,NULL,Traffic Signal,Clear,Daylight,Dry,Non-Fatal Injury,Turning Movement,D22,14,Islington-City Centre West (14),"{'type': 'Point', 'coordinates': (-79.552326, 43.631426)}"
1383674,2013,00:00.0,808,8,BRIMLEY Rd,DORCOT Ave,NULL,1,Scarborough,21,NULL,Mid-Block,NULL,No Control,Rain,Daylight,Wet,Non-Fatal Injury,Turning Movement,D43,127,Bendale (127),"{'type': 'Point', 'coordinates': (-79.257388, 43.759646000000004)}"
1372377,2013,00:00.0,1533,15,HUMBER COLLEGE Blvd,WINDWOOD Dr,NULL,3,Etobicoke York,1,23,Mid-Block,NULL,Pedestrian Crossover,Clear,Daylight,Dry,Fatal,Pedestrian Collisions,D23,1,West Humber-Clairville (1),"{'type': 'Point', 'coordinates': (-79.606792, 43.730746)}"
1383943,2013,00:00.0,2020,20,YONGE St,BELSIZE Dr,NULL,1,Toronto and East York,12,53,Intersection,At Intersection,Traffic Signal,Rain,"Dark, artificial",Wet,Non-Fatal Injury,Pedestrian Collisions,D53,104,Mount Pleasant West (104),"{'type': 'Point', 'coordinates': (-79.397029, 43.700286)}"
1372585,2013,00:00.0,545,5,KENNEDY RD,STRATTON AVE,NULL,1,Scarborough,21,41,Intersection,NULL,Stop Sign,Clear,Dark,Dry,Non-Fatal Injury,Cyclist Collisions,D41,125,Ionview (125),"{'type': 'Point', 'coordinates': (-79.270458, 43.738246)}"
1372589,2013,00:00.0,1710,17,WILSON HEIGHTS BLVD,ANSFORD AVE,NULL,3,North York,6,32,Intersection,At Intersection,No Control,Clear,Daylight,Dry,Non-Fatal Injury,Pedestrian Collisions,D32,33,Clanton Park (33),"{'type': 'Point', 'coordinates': (-79.447803, 43.735579)}"
1383697,2013,00:00.0,2015,20,LAWRENCE Ave E,BARRYMORE Rd,NULL,1,Scarborough,21,43,Intersection,NULL,Traffic Signal,Clear,"Dark, artificial",Dry,Non-Fatal Injury,Pedestrian Collisions,D43,127,Bendale (127),"{'type': 'Point', 'coordinates': (-79.25155200000002, 43.75427100000001)}"
1384025,2013,00:00.0,1005,10,EGLINTON AVE E,BRIMLEY RD,NULL,1,Scarborough,NULL,NULL,Intersection,NULL,Traffic Signal,Clear,Daylight,Dry,Non-Fatal Injury,Pedestrian Collisions,D41,138,Eglinton East (138),"{'type': 'Point', 'coordinates': (-79.248081, 43.736685)}"
1372794,2013,00:00.0,1108,11,DUFFERIN ST,BLOOR ST W,NULL,1,Toronto and East York,9,NULL,Mid-Block,NULL,No Control,Clear,Daylight,Dry,Non-Fatal Injury,SMV Other,D14,93,Dovercourt-Wallace Emerson-Junction (93),"{'type': 'Point', 'coordinates': (-79.435611, 43.660468)}"
1372879,2013,00:00.0,2136,21,WILLIAM R ALLEN RD,TRANSIT RD,NULL,1,North York,6,32,Mid-Block,Non Intersection,No Control,Clear,Dark,Dry,Non-Fatal Injury,Rear End,D32,33,Clanton Park (33),"{'type': 'Point', 'coordinates': (-79.454852, 43.742278)}"
1373040,2013,00:00.0,1545,15,DANFORTH RD,BARDSEA CRT,NULL,1,Scarborough,21,43,Intersection,At Intersection,Stop Sign,Clear,Daylight,Dry,Fatal,Turning Movement,D43,127,Bendale (127),"{'type': 'Point', 'coordinates': (-79.24448700000002, 43.748545)}"
1384088,2013,00:00.0,1340,13,KING St W,SHAW St,NULL,1,Toronto and East York,10,14,Intersection,NULL,Traffic Signal,Clear,Daylight,Dry,Non-Fatal Injury,Approaching,D14,82,Niagara (82),"{'type': 'Point', 'coordinates': (-79.415004, 43.641425)}"
1373039,2013,00:00.0,1900,19,91 PARK ST,NULL,NULL,2,Scarborough,20,41,Mid-Block,NULL,No Control,Clear,Daylight,Dry,Non-Fatal Injury,Pedestrian Collisions,D41,122,Birchcliffe-Cliffside (122),"{'type': 'Point', 'coordinates': (-79.252559, 43.711016)}"
1351701,2013,00:00.0,1213,12,CHURCH ST,GOULD ST,NULL,3,Toronto and East York,13,51,Intersection,At Intersection,Traffic Signal,Rain,Daylight,Wet,Non-Fatal Injury,Pedestrian Collisions,D51,75,Church-Yonge Corridor (75),"{'type': 'Point', 'coordinates': (-79.37789, 43.658245)}"
1331761,2012,00:00.0,700,7,CARLTON ST,PARLIAMENT ST,NULL,3,Toronto and East York,13,51,Intersection,At Intersection,Traffic Signal,Clear,Dark,Dry,Non-Fatal Injury,Pedestrian Collisions,D51,71,Cabbagetown-South St.James Town (71),"{'type': 'Point', 'coordinates': (-79.36809, 43.664445)}"
1333087,2012,00:00.0,2207,22,DON VALLEY PARKWAY  S,EGLINTON AVE E,NULL,NULL,North York,16,54,Mid-Block,NULL,No Control,Clear,"Dark, artificial",Dry,Non-Fatal Injury,SMV Other,D54,44,Flemingdon Park (44),"{'type': 'Point', 'coordinates': (-79.330241, 43.722624)}"
1359618,2013,00:00.0,2306,23,SPADINA AVE,GRANGE AVE,NULL,1,Toronto and East York,10,NULL,Intersection,NULL,No Control,Rain,"Dark, artificial",Wet,Fatal,Pedestrian Collisions,D52,78,Kensington-Chinatown (78),"{'type': 'Point', 'coordinates': (-79.397586, 43.651843)}"
1331648,2012,00:00.0,701,7,CARLTON ST,PARLIAMENT ST,NULL,3,Toronto and East York,13,51,Intersection,At Intersection,NULL,Other,Dark,Other,Non-Fatal Injury,Pedestrian Collisions,D51,71,Cabbagetown-South St.James Town (71),"{'type': 'Point', 'coordinates': (-79.368091, 43.664443)}"
1340236,2012,00:00.0,936,9,BLACK CREEK DR,TRETHEWEY DR,NULL,1,Etobicoke York,5,12,Mid-Block,NULL,No Control,Clear,Daylight,Dry,Non-Fatal Injury,Rear End,D12,112,Beechborough-Greenbrook (112),"{'type': 'Point', 'coordinates': (-79.48539, 43.693545)}"
1333725,2012,00:00.0,2005,20,MARKHAM RD,PROGRESS AVE,NULL,1,Scarborough,24,43,Intersection,At Intersection,Traffic Signal,Clear,"Dark, artificial",Dry,Non-Fatal Injury,Turning Movement,D43,137,Woburn (137),"{'type': 'Point', 'coordinates': (-79.23389, 43.781745)}"
1331849,2012,00:00.0,2100,21,KINGSTON RD,BEECHGROVE DR,NULL,1,Scarborough,25,43,Intersection,At Intersection,No Control,Clear,Dark,Dry,Fatal,Pedestrian Collisions,D43,136,West Hill (136),"{'type': 'Point', 'coordinates': (-79.17369, 43.776445)}"
1340319,2012,00:00.0,1720,17,PALMERSTON BLVD,LENNOX ST,NULL,2,Toronto and East York,11,14,Intersection,At Intersection,Stop Sign,Clear,"Dark, artificial",Dry,Non-Fatal Injury,Cyclist Collisions,D14,80,Palmerston-Little Italy (80),"{'type': 'Point', 'coordinates': (-79.41309, 43.663345)}"
1332258,2012,00:00.0,748,7,SHEPPARD AVE E,ALLANFORD RD,NULL,1,Scarborough,22,42,Mid-Block,NULL,No Control,Clear,Daylight,Dry,Fatal,Pedestrian Collisions,D42,118,Tam O'Shanter-Sullivan (118),"{'type': 'Point', 'coordinates': (-79.29219000000002, 43.78234500000001)}"
1332261,2012,00:00.0,2015,20,KENNEDY Rd,TREVERTON Dr,NULL,1,Scarborough,21,41,Intersection,NULL,No Control,Rain,"Dark, artificial",Wet,Fatal,Pedestrian Collisions,D41,125,Ionview (125),"{'type': 'Point', 'coordinates': (-79.26859, 43.733845)}"
1333183,2012,00:00.0,306,3,LAWRENCE AVE W,WESTON RD,NULL,1,Etobicoke York,5,12,Intersection,At Intersection,No Control,Clear,"Dark, artificial",Dry,Non-Fatal Injury,Pedestrian Collisions,D12,113,Weston (113),"{'type': 'Point', 'coordinates': (-79.51629, 43.700145)}"
1332565,2012,00:00.0,2010,20,DANFORTH RD,SAVARIN ST,NULL,1,Scarborough,21,43,Mid-Block,At Intersection,No Control,Clear,"Dark, artificial",Dry,Non-Fatal Injury,Pedestrian Collisions,D43,138,Eglinton East (138),"{'type': 'Point', 'coordinates': (-79.24489, 43.743745000000004)}"
1342114,2012,00:00.0,2053,20,659 ST CLAIR AVE W,PINEWOOD AVE,NULL,1,Toronto and East York,12,13,Intersection,NULL,No Control,Clear,"Dark, artificial",Dry,Non-Fatal Injury,SMV Other,D13,94,Wychwood (94),"{'type': 'Point', 'coordinates': (-79.42449, 43.681945)}"
1332976,2012,00:00.0,1825,18,LAWRENCE AVE E,MORNINGSIDE AVE,NULL,1,Scarborough,24,43,Mid-Block,NULL,No Control,Clear,"Dark, artificial",Slush,Non-Fatal Injury,Pedestrian Collisions,D43,136,West Hill (136),"{'type': 'Point', 'coordinates': (-79.18799, 43.768045)}"
1333336,2012,00:00.0,1414,14,ST CLAIR AVE W,DUFFERIN ST,NULL,1,Toronto and East York,9,13,Mid-Block,NULL,No Control,Clear,"Dark, artificial",Dry,Non-Fatal Injury,Pedestrian Collisions,D13,92,Corso Italia-Davenport (92),"{'type': 'Point', 'coordinates': (-79.444089, 43.677745)}"
1333335,2012,00:00.0,1827,18,MCCOWAN RD,ELLESMERE RD,NULL,1,Scarborough,NULL,43,Mid-Block,NULL,No Control,Clear,"Dark, artificial",Wet,Non-Fatal Injury,Pedestrian Collisions,D43,137,Woburn (137),"{'type': 'Point', 'coordinates': (-79.25159, 43.772845)}"
1333337,2012,00:00.0,1915,19,WOODBINE AVE,O CONNOR DR,NULL,1,Toronto and East York,19,54,Intersection,NULL,No Control,Clear,"Dark, artificial",Wet,Non-Fatal Injury,Pedestrian Collisions,D54,60,Woodbine-Lumsden (60),"{'type': 'Point', 'coordinates': (-79.319026, 43.700148)}"
1342812,2013,00:00.0,1112,11,KENNEDY Rd,DANCY Ave,NULL,1,Scarborough,22,42,Intersection,At Intersection,No Control,Clear,Daylight,Dry,Non-Fatal Injury,Rear End,D42,130,Milliken (130),"{'type': 'Point', 'coordinates': (-79.29879, 43.805245)}"
1343083,2013,00:00.0,958,9,ST CLAIR AVE W,MONDOVI GT,NULL,1,Etobicoke York,5,NULL,Mid-Block,NULL,No Control,Clear,Daylight,Dry,Non-Fatal Injury,Pedestrian Collisions,D11,90,Junction Area (90),"{'type': 'Point', 'coordinates': (-79.47449, 43.670945)}"
1343211,2013,00:00.0,653,6,DANFORTH Ave,SCOTIA Ave,NULL,3,Scarborough,20,41,Intersection,NULL,No Control,Clear,Dark,Wet,Non-Fatal Injury,Turning Movement,D41,121,Oakridge (121),"{'type': 'Point', 'coordinates': (-79.27249, 43.694645)}"
1343241,2013,00:00.0,1345,13,BIRMINGHAM ST,ISLINGTON AVE,NULL,1,Etobicoke York,3,22,Intersection,At Intersection,Traffic Signal,Clear,Daylight,Wet,Non-Fatal Injury,Pedestrian Collisions,D22,18,New Toronto (18),"{'type': 'Point', 'coordinates': (-79.50629, 43.603245)}"
1335937,2013,00:00.0,925,9,STEELES AVE E,ASHCOTT ST,NULL,1,Scarborough,23,42,Intersection,At Intersection,Traffic Signal,Clear,Daylight,Dry,Non-Fatal Injury,Pedestrian Collisions,D42,130,Milliken (130),"{'type': 'Point', 'coordinates': (-79.29169, 43.827245)}"
1343484,2013,00:00.0,1735,17,YORK ST,BREMNER BLVD,NULL,1,Toronto and East York,10,52,Intersection,At Intersection,Traffic Signal,Clear,"Dark, artificial",Dry,Non-Fatal Injury,Pedestrian Collisions,D52,77,Waterfront Communities-The Island (77),"{'type': 'Point', 'coordinates': (-79.38149, 43.642945)}"
1344369,2013,00:00.0,520,5,MARKHAM RD,GREENBRAE CRCT Circ,NULL,1,Scarborough,24,43,Intersection,At Intersection,Traffic Signal,Clear,"Dark, artificial",Wet,Non-Fatal Injury,Pedestrian Collisions,D43,137,Woburn (137),"{'type': 'Point', 'coordinates': (-79.22629, 43.762145)}"
1334701,2013,00:00.0,655,6,STEELES AVE W,SIGNET DR,NULL,1,Etobicoke York,7,31,Intersection,At Intersection,Traffic Signal,Clear,"Dusk, artificial",Wet,Non-Fatal Injury,Pedestrian Collisions,D31,21,Humber Summit (21),"{'type': 'Point', 'coordinates': (-79.54339, 43.770945)}"
1334928,2013,00:00.0,1851,18,MORNINGSIDE AVE,OLD FINCH AVE,NULL,3,Scarborough,25,42,Intersection,At Intersection,Traffic Signal,Clear,Dark,Dry,Fatal,Turning Movement,D42,131,Rouge (131),"{'type': 'Point', 'coordinates': (-79.215091, 43.818743)}"
1344985,2013,00:00.0,626,6,VICTORIA PARK AVE,FINCH AVE E,NULL,1,North York,NULL,NULL,Intersection,At Intersection,Traffic Signal,Rain,Dark,Wet,Non-Fatal Injury,Pedestrian Collisions,D42,117,L'Amoreaux (117),"{'type': 'Point', 'coordinates': (-79.33139, 43.793145)}"
1335099,2013,00:00.0,757,7,FINCH AVE W,TANGIERS RD,NULL,1,North York,6,31,Intersection,At Intersection,Traffic Signal,Clear,Daylight,Wet,Non-Fatal Injury,Angle,D31,27,York University Heights (27),"{'type': 'Point', 'coordinates': (-79.48829, 43.764045)}"
1344358,2013,00:00.0,640,6,DUNDAS ST E,JARVIS ST,NULL,1,Toronto and East York,13,51,Intersection,NULL,No Control,Rain,"Dark, artificial",Wet,Non-Fatal Injury,Pedestrian Collisions,D51,73,Moss Park (73),"{'type': 'Point', 'coordinates': (-79.374553, 43.657057)}"
1335553,2013,00:00.0,1438,14,YONGE ST,MARLBOROUGH AVE,NULL,1,Toronto and East York,11,53,Intersection,At Intersection,Stop Sign,Clear,Daylight,Dry,Fatal,Pedestrian Collisions,D53,98,Rosedale-Moore Park (98),"{'type': 'Point', 'coordinates': (-79.390689, 43.679843000000005)}"
1344093,2013,00:00.0,640,6,YONGE ST,ORCHARD VIEW BLVD,NULL,1,North York,NULL,53,Mid-Block,NULL,No Control,Clear,"Dark, artificial",Dry,Non-Fatal Injury,Pedestrian Collisions,D53,104,Mount Pleasant West (104),"{'type': 'Point', 'coordinates': (-79.39879, 43.708645)}"
1365635,2013,00:00.0,340,3,F G GARDINER XY  E,ISLINGTON Ave,NULL,NULL,Etobicoke York,3,22,Mid-Block,NULL,No Control,Clear,"Dark, artificial",Dry,Non-Fatal Injury,Sideswipe,D22,17,Mimico (17),"{'type': 'Point', 'coordinates': (-79.51069, 43.620745)}"
1344102,2013,00:00.0,642,6,DUPONT ST,EMERSON AVE,NULL,1,Toronto and East York,9,11,Intersection,At Intersection,No Control,Clear,"Dark, artificial",Dry,Non-Fatal Injury,Turning Movement,D11,93,Dovercourt-Wallace Emerson-Junction (93),"{'type': 'Point', 'coordinates': (-79.44419, 43.667245)}"
1344095,2013,00:00.0,855,8,DUNVEGAN RD,HEATH ST W,NULL,2,Toronto and East York,12,53,Intersection,At Intersection,Stop Sign,Clear,Daylight,Dry,Non-Fatal Injury,Pedestrian Collisions,D53,96,Casa Loma (96),"{'type': 'Point', 'coordinates': (-79.40559, 43.688045)}"
1373473,2013,00:00.0,1725,17,QUEEN ST W,MC CAUL ST,NULL,1,Toronto and East York,10,52,Intersection,NULL,No Control,Clear,Daylight,Dry,Non-Fatal Injury,Pedestrian Collisions,D52,77,Waterfront Communities-The Island (77),"{'type': 'Point', 'coordinates': (-79.38979, 43.650145)}"
1373747,2013,00:00.0,2126,21,1173 DAVENPORT RD,NULL,NULL,3,Toronto and East York,9,13,Intersection,Intersection Related,No Control,Clear,"Dusk, artificial",Dry,Non-Fatal Injury,Cyclist Collisions,D13,94,Wychwood (94),"{'type': 'Point', 'coordinates': (-79.432575, 43.674491)}"
1366140,2013,00:00.0,205,2,DAVENPORT Rd,CHRISTIE St,NULL,3,Toronto and East York,12,13,Intersection,At Intersection,Traffic Signal,Clear,"Dark, artificial",Dry,Non-Fatal Injury,Cyclist Collisions,D13,94,Wychwood (94),"{'type': 'Point', 'coordinates': (-79.42309, 43.675545)}"
1374340,2013,00:00.0,900,9,KEELE St,ROGERS Rd,NULL,1,Etobicoke York,5,12,Intersection,At Intersection,Traffic Signal,Clear,Daylight,Dry,Non-Fatal Injury,Pedestrian Collisions,D12,110,Keelesdale-Eglinton West (110),"{'type': 'Point', 'coordinates': (-79.47159, 43.682145)}"
1363030,2013,00:00.0,1025,10,DUNDAS ST W,CLOVERDALE MALL,NULL,1,Etobicoke York,3,22,Intersection,At Intersection,Traffic Signal,Clear,Daylight,Dry,Non-Fatal Injury,Pedestrian Collisions,D22,14,Islington-City Centre West (14),"{'type': 'Point', 'coordinates': (-79.55492, 43.628993)}"
1374300,2013,00:00.0,1215,12,BLOOR ST W,MILL RD,NULL,1,Etobicoke York,2,22,Mid-Block,NULL,No Control,Clear,Daylight,Dry,Non-Fatal Injury,Pedestrian Collisions,D22,12,Markland Wood (12),"{'type': 'Point', 'coordinates': (-79.57679, 43.631345)}"
1363081,2013,00:00.0,2201,22,DANFORTH RD,HUNTINGTON AVE,NULL,1,Scarborough,20,41,Intersection,NULL,No Control,Clear,Dark,Dry,Non-Fatal Injury,Pedestrian Collisions,D41,124,Kennedy Park (124),"{'type': 'Point', 'coordinates': (-79.25246700000001, 43.727782)}"
1374422,2013,00:00.0,2220,22,LAKE SHORE Blvd W,REMEMBRANCE Dr,NULL,1,Toronto and East York,10,14,Intersection,At Intersection,Traffic Signal,Clear,"Dark, artificial",Dry,Non-Fatal Injury,Turning Movement,D14,82,Niagara (82),"{'type': 'Point', 'coordinates': (-79.408748, 43.634406)}"
1363559,2013,00:00.0,1243,12,FINCH AVE W,OAKDALE RD,NULL,1,Etobicoke York,7,31,Intersection,At Intersection,Traffic Signal,Clear,Daylight,Dry,Non-Fatal Injury,Pedestrian Collisions,D31,24,Black Creek (24),"{'type': 'Point', 'coordinates': (-79.52429, 43.755945)}"
1375460,2013,00:00.0,25,0,YORK MILLS RD,PARKWOODS VILLAGE DR,NULL,1,North York,16,33,Intersection,At Intersection,No Control,Clear,Dark,Dry,Non-Fatal Injury,SMV Other,D33,45,Parkwoods-Donalda (45),"{'type': 'Point', 'coordinates': (-79.323894, 43.761538)}"
1366347,2013,00:00.0,1319,13,LAKE SHORE BLVD W,BAY ST,NULL,1,Toronto and East York,10,52,Intersection,NULL,Traffic Signal,Clear,Daylight,Dry,Fatal,Pedestrian Collisions,D52,77,Waterfront Communities-The Island (77),"{'type': 'Point', 'coordinates': (-79.377811, 43.642996)}"
1363537,2013,00:00.0,2105,21,98 HAVENDALE RD,NULL,NULL,2,Scarborough,22,42,Mid-Block,NULL,No Control,Clear,Dark,Dry,Fatal,SMV Other,D42,128,Agincourt South-Malvern West (128),"{'type': 'Point', 'coordinates': (-79.284488, 43.792746)}"
1375838,2013,00:00.0,1444,14,QUEENS QUAY E,LOWER JARVIS ST,NULL,3,Toronto and East York,10,NULL,Intersection,At Intersection,Traffic Signal,Clear,Daylight,Dry,Non-Fatal Injury,Cyclist Collisions,D51,77,Waterfront Communities-The Island (77),"{'type': 'Point', 'coordinates': (-79.368961, 43.643866)}"
1364079,2013,00:00.0,2248,22,MCCOWAN RD,LAWRENCE AVE E,NULL,1,Scarborough,NULL,43,Intersection,At Intersection,Traffic Signal,Clear,"Dark, artificial",Dry,Fatal,Pedestrian Collisions,D43,137,Woburn (137),"{'type': 'Point', 'coordinates': (-79.245387, 43.755545)}"
1364208,2013,00:00.0,2023,20,DUNDAS ST E,POULETT ST,NULL,1,Toronto and East York,13,51,Intersection,NULL,No Control,Clear,Daylight,Dry,Non-Fatal Injury,Pedestrian Collisions,D51,73,Moss Park (73),"{'type': 'Point', 'coordinates': (-79.36669, 43.659245)}"
1374452,2013,00:00.0,945,9,SUTHERLAND DR,MCRAE DR,NULL,2,North York,15,53,Intersection,At Intersection,Stop Sign,Clear,Daylight,Dry,Non-Fatal Injury,Cyclist Collisions,D53,56,Leaside-Bennington (56),"{'type': 'Point', 'coordinates': (-79.365428, 43.708598)}"
1364430,2013,00:00.0,1715,17,MCCOWAN RD,KENHATCH BLVD,NULL,1,Scarborough,23,42,Intersection,NULL,Traffic Signal,Rain,Daylight,Wet,Fatal,Pedestrian Collisions,D42,129,Agincourt North (129),"{'type': 'Point', 'coordinates': (-79.263789, 43.801444)}"
1376821,2013,00:00.0,1830,18,REXDALE BLVD,QUEENS PLATE DR,NULL,1,Etobicoke York,1,23,Intersection,At Intersection,Traffic Signal,Clear,Daylight,Dry,Non-Fatal Injury,Turning Movement,D23,1,West Humber-Clairville (1),"{'type': 'Point', 'coordinates': (-79.603442, 43.719145)}"
1376797,2013,00:00.0,2106,21,LAWRENCE AVE W,PINE ST,NULL,1,Etobicoke York,5,12,Intersection,At Intersection,Traffic Signal,Rain,Dark,Wet,Non-Fatal Injury,Pedestrian Collisions,D12,113,Weston (113),"{'type': 'Point', 'coordinates': (-79.508319, 43.701968)}"